"code","iso","country","BCA.ind.1995","BCA.ind.1996","BCA.ind.1997","BCA.ind.1998","BCA.ind.1999","BCA.ind.2000","BCA.ind.2001","BCA.ind.2002","BCA.ind.2003","BCA.ind.2004","BCA.ind.2005","BCA.ind.2006","BCA.ind.2007","BCA.ind.2008","BCA.ind.2009","BCA.ind.2010","BCA.ind.2011","BCA.ind.2012","BCA.ind.2013","BCA.ind.2014","BCA.ind.2015","BCA.ind.2016","BCA.ind.2017","BCA.ind.2018","BCA.ind.2019","BCA.ind.2020","BCA.ind.2021","BCA.ind.2022","BCA.ind.2023","BCA.ind.2024"
4,"AFG","Afghanistan",42.4,42.4,42.4,42.4,42.4,42.1,41.9,41.6,41.4,41.1,40.8,40.6,40.3,40,22.1,15.6,9.5,5.5,1.2,0,2.3,8,16.9,24.8,29.5,34.2,36.2,39.3,39.3,39.3
8,"ALB","Albania",89.8,89.8,89.8,89.8,89.8,30,0,0,0,0,0,0,7.7,40.3,38.4,42.3,45.4,59.3,65.5,73.5,83,100,100,100,100,100,100,100,100,100
12,"DZA","Algeria",31.1,31.1,31.1,31.1,31.1,34.6,44.8,54.2,56.3,58.6,57.3,50.7,43.7,35.2,24.5,15,16.4,8.8,3.8,1.8,2.6,8.7,13.5,19.6,24.4,36.2,51.9,59.8,59.8,59.8
20,"AND","Andorra",NA,NA,NA,NA,NA,NA,NA,NA,NA,NA,NA,NA,NA,NA,NA,NA,NA,NA,NA,NA,NA,NA,NA,NA,NA,NA,NA,NA,NA,NA
24,"AGO","Angola",30.3,30.3,30.3,30.3,30.3,37,39.4,38.9,39.8,40.3,41,37,31.2,24.8,16.8,12.1,9.6,9.1,5.8,5.9,10.9,17.8,28.8,37.2,40.1,50.8,51.5,52.5,52.5,52.5
660,"AIA","Anguilla",NA,NA,NA,NA,NA,NA,NA,NA,NA,NA,NA,NA,NA,NA,NA,NA,NA,NA,NA,NA,NA,NA,NA,NA,NA,NA,NA,NA,NA,NA
28,"ATG","Antigua and Barbuda",29.4,29.4,29.4,29.4,29.4,31.3,34.5,47.7,60.5,77.1,85.5,89.9,79.8,60,42,31.3,41,51,57.2,64.8,72.5,85.3,89.6,88.4,71.7,56.2,62.8,59.9,59.9,59.9
32,"ARG","Argentina",51.4,51.4,51.4,51.4,51.4,70.2,92.2,95.1,93,81.8,67.1,56.2,50.2,35.2,28.9,25.2,28,39.3,41.7,47.7,52,58.3,56.1,54.3,56.9,56,55.1,54.3,54.3,54.3
51,"ARM","Armenia",100,100,100,100,100,100,100,100,100,88.5,73.1,57.6,45.7,33.8,28.5,27.1,28.8,32.6,36,38.6,25.7,13.9,18,11.7,14.7,35.3,54.2,74.4,74.4,74.4
533,"ABW","Aruba",52.2,52.2,52.2,52.2,52.2,42.5,29.3,40,50.6,66.8,78.5,87.2,86.3,77.1,67.6,51.7,62.8,72.6,84.6,99.1,100,100,100,100,93.6,63,76.6,76.6,76.6,76.6
36,"AUS","Australia",54.5,54.5,54.5,54.5,54.5,64.5,77.6,85.4,77,71.6,61.3,53.8,47,41.2,40.2,41.4,44.6,44.2,41.7,41.5,42.3,45.1,45.4,42.3,43.3,46.5,48.8,49.6,49.6,49.6
40,"AUT","Austria",29.2,29.2,29.2,29.2,29.2,48.6,59.3,74.8,82.7,89.9,94.6,75.9,63,51.2,48.4,57.1,70,90.6,100,100,100,100,100,100,100,100,100,100,100,100
31,"AZE","Azerbaijan",76.2,76.2,76.2,76.2,76.2,79.4,91.8,90.6,76.2,51.3,36.7,29.5,30.9,29,37.8,34.2,32.1,30.4,28.3,23.6,22.7,28.4,35.6,34.3,40.3,47.8,50.9,50.7,50.7,50.7
44,"BHS","Bahamas",61.9,61.9,61.9,61.9,61.9,62,64.3,82.6,100,100,100,100,100,100,85.2,42.2,47,56,70.5,76.6,84.4,94.8,100,100,94.5,57.7,55.8,58.5,58.5,58.5
48,"BHR","Bahrain",62.8,62.8,62.8,62.8,62.8,65,75.7,54.3,41.6,29.7,4.6,0,0,0,0,0,21.1,53.5,100,100,100,100,100,100,100,100,100,100,100,100
50,"BGD","Bangladesh",32.3,32.3,32.3,32.3,32.3,31.9,30.4,28.5,27.7,26.7,24.3,25.5,26.3,28.3,31,33.9,33.8,34.2,36.4,38.6,39.6,40.5,41.1,42.2,44.5,47.9,47.8,46.9,46.9,46.9
52,"BRB","Barbados",52.1,52.1,52.1,52.1,52.1,51.5,43.4,51.1,52.1,69.3,83.7,93.8,94.8,70.9,48.4,40.3,47.7,52.5,55.1,55.9,58.9,68.1,77.3,82,75.2,58.4,58.2,54.8,54.8,54.8
112,"BLR","Belarus",98.6,98.6,98.6,98.6,98.6,100,100,93.7,66.3,55.7,46.5,28.2,18,4.1,2.6,0,0,1.8,10.3,26.6,43,53.9,62.2,62.4,72.1,80.5,82.7,69.5,69.5,69.5
56,"BEL","Belgium",100,100,100,100,100,100,100,100,100,100,100,100,100,100,100,97.9,97.2,100,100,100,100,100,100,100,100,100,100,100,100,100
84,"BLZ","Belize",14.7,14.7,14.7,14.7,14.7,10.1,5.2,15.7,25.5,35.3,43.7,52.3,57.5,60.8,49.1,36.9,31.6,33.7,35.4,37.4,40.2,42.7,43.9,44.9,43.3,40,45.4,48.1,48.1,48.1
204,"BEN","Benin",21.6,21.6,21.6,21.6,21.6,40.6,55.7,71.1,83.7,89.6,89.2,61.2,38.3,17.3,0,3.8,10.7,17.1,18.5,20.5,23.5,21.5,17.1,10.5,2.6,4.3,19.7,35.9,35.9,35.9
60,"BMU","Bermuda",57.3,57.3,57.3,57.3,57.3,51.2,47.5,71.5,91.7,97.6,100,100,100,100,100,86.8,97.3,89.6,84.3,68.3,65.4,61.3,60.7,62.3,61.9,54.8,55.6,60.2,60.2,60.2
64,"BTN","Bhutan",79.8,79.8,79.8,79.8,79.8,83.3,82,73,69.2,65.5,64.9,56.4,51.9,46,37.7,32.3,27.3,21.6,20.4,22.7,25.5,29.8,37.6,44.6,50.6,53,51.3,51.3,51.3,51.3
68,"BOL","Bolivia",63.6,63.6,63.6,63.6,63.6,72,77.7,87.8,61.7,36.7,22.1,9.1,6.9,9.9,19.9,18.4,18.6,21.2,22.7,24.4,30.5,35.2,38.3,41.4,48,59.2,65.9,72.6,72.6,72.6
70,"BIH","Bosnia and Herzegovina",66.6,66.6,66.6,66.6,66.6,66.6,66.6,66.6,66.6,46.8,33.1,17.8,1.7,0,0,0,0,4.9,17.3,31.8,40.6,36.3,26.7,17.2,17.8,20.9,24.8,34.4,34.4,34.4
72,"BWA","Botswana",23.4,23.4,23.4,23.4,23.4,26.1,26.6,25.8,28.1,33.4,41.5,49,50.3,46.4,46.7,46.6,43.1,37.5,31.6,29.1,33.7,43.1,46.2,45.5,50.8,64.4,75.8,80.7,80.7,80.7
76,"BRA","Brazil",62.9,62.9,62.9,62.9,62.9,67.6,65.5,55.2,49.6,42.5,36.4,30.6,24.5,19,17.4,19.2,23.8,27.9,34.1,39.9,48.6,57,63.9,68,75.6,64.8,65.4,69.7,69.7,69.7
92,"VGB","British Virgin Islands",11.8,11.8,11.8,11.8,11.8,16.4,21.3,34.2,46.1,45.9,45.8,45.7,45.6,45.4,30.9,21,26.1,33,40.6,41.8,43.1,44.4,45.6,46.9,48.1,49.4,49.4,49.4,49.4,49.4
96,"BRN","Brunei Darussalam",1,1,1,1,1,9.3,17.4,24.9,31.8,39.2,46.5,45.9,39.3,32.8,30.5,28.9,23,20,20.1,22.7,28,31.7,29.9,30.8,34.9,48.7,56.8,72.5,72.5,72.5
100,"BGR","Bulgaria",73.6,73.6,73.6,73.6,73.6,66.3,63.5,59.2,48.9,43.3,43.3,35.6,39.5,41.3,47.2,55,69.7,75.2,80.5,83.9,77.5,69,68.8,65.6,65.2,63.7,54,48.5,48.5,48.5
854,"BFA","Burkina Faso",31.4,31.4,31.4,31.4,31.4,29.7,27.6,27.2,27.5,29,27.5,26.6,26.1,25.5,24.2,25.5,29.9,36.1,44.1,53.5,67.1,81.6,90.5,95.3,91.6,84,74.2,64.2,64.2,64.2
108,"BDI","Burundi",39.4,39.4,39.4,39.4,39.4,39.5,38.6,38.1,37.4,36.9,33.1,30,28,26.1,23.6,24.2,28.2,34.1,42,50.2,61.7,74.2,83.8,89.1,85.8,79,70.2,61.9,61.9,61.9
132,"CPV","Cabo Verde",20,20,20,20,20,17.9,15.5,14,16,19.1,18.8,19.3,19.6,25.1,29.2,36.3,40.4,43.2,48.9,57.9,62.1,62.6,54.2,53,49.7,48.4,45,41.2,41.2,41.2
116,"KHM","Cambodia",0,0,0,0,0,0,0,1.6,12.9,27.9,29.8,32.1,34.7,34.9,33.7,33.6,32.2,31.6,30.9,29.2,27.3,25.3,25,27.4,26.2,27.4,30.2,33.8,33.8,33.8
120,"CMR","Cameroon",21.6,21.6,21.6,21.6,21.6,22.4,23.5,21.8,20.9,20,20,28.3,45,58.5,72,83.5,89.1,73.4,54.7,38.2,18.7,6.2,6.4,8.1,9.8,15.3,23,28.6,28.6,28.6
124,"CAN","Canada",28.9,28.9,28.9,28.9,28.9,30.2,38.8,48.6,56.5,58.5,64,68.6,68.3,69,69.9,73,90.6,100,100,100,100,100,100,100,100,100,100,100,100,100
136,"CYM","Cayman Islands",0,0,0,0,0,5.6,14,33.7,35.1,36.4,37.8,39.2,40.5,41.9,43.2,29.5,38.5,51,63.6,76.1,88.6,100,100,100,84.2,62.7,75.3,75.3,75.3,75.3
140,"CAF","Central African Republic",34.6,34.6,34.6,34.6,34.6,34,33.4,34.4,36.3,39.3,39.1,39.7,40.8,41.3,40.1,41.1,45,50.4,56.5,60.5,62.3,63.8,65,68.5,73.4,78.3,82.2,83.4,83.4,83.4
148,"TCD","Chad",26.7,26.7,26.7,26.7,26.7,24.6,22.3,21.3,20.2,19.7,16.5,15,15.3,16.3,16.6,19.8,26.3,35.2,44.8,54.4,66.6,79.5,87.3,89.8,84.1,75.2,65,56.7,56.7,56.7
152,"CHL","Chile",41.1,41.1,41.1,41.1,41.1,47.2,52.6,56.9,66.4,62.3,54.2,45.1,37.9,30.3,26.1,25.5,21.2,16.7,14,11.5,8.7,5.1,7,5.5,15,33.6,50.2,66.6,66.6,66.6
156,"CHN","China",31.8,31.8,31.8,31.8,31.8,44.7,58.4,83.1,96.9,91,66.4,51.4,39,33.9,33,36,39.9,45.6,54.6,73.1,92.1,100,100,100,100,100,100,100,100,100
170,"COL","Colombia",100,100,100,100,100,100,100,100,100,100,93.5,58.4,45.4,36.1,27.9,25.3,20.2,18.5,0.8,0,0,0,13.1,28.4,43,59.4,76.5,97.2,97.2,97.2
174,"COM","Comoros",32.9,32.9,32.9,32.9,32.9,32.2,30.8,30.5,30.6,31.3,28.7,27.4,27.8,28.1,27.8,29.9,34.4,40.2,47.7,57.8,69.9,80.5,87.4,90.3,86.6,79.3,70.7,61.7,61.7,61.7
184,"COK","Cook Islands",39.9,39.9,39.9,39.9,39.9,39.9,39.9,39.9,39.9,39.9,39.9,22.9,11.5,1.9,0,0,6.1,25,45.9,45.9,45.9,45.9,45.9,45.9,45.9,45.9,45.9,45.9,45.9,45.9
188,"CRI","Costa Rica",100,100,100,100,100,100,72.1,32.7,17.8,4,0,0,0,0,0,3.9,22.1,36.8,45.8,61.3,76.2,80.2,79.3,79.9,83.8,89.2,88.5,82.5,82.5,82.5
384,"CIV","Cote d'Ivoire",23.3,23.3,23.3,23.3,23.3,24.7,26.8,29.6,32.2,19.5,8.2,1.6,0,0,0,1.3,0.8,3.4,11.8,7.4,17.4,29,36.1,49,66.9,80.8,72.8,60.2,60.2,60.2
191,"HRV","Croatia",34.1,34.1,34.1,34.1,34.1,26.7,22.8,26.4,21.5,24.8,26,28.6,34.3,41.2,50.5,59.3,73.8,95.1,89.5,73.1,53.9,63.6,76.4,96.8,100,100,95,94.1,94.1,94.1
192,"CUB","Cuba",61.6,61.6,61.6,61.6,61.6,59.1,57,57.4,81,100,100,100,100,100,100,100,100,100,100,80.6,59.1,64.1,46.8,31.8,29.3,44,52.8,55.9,55.9,55.9
531,"CUW","Curacao",44.2,44.2,44.2,44.2,44.2,51.1,58,64.9,71.9,78.8,85.7,92.6,99.5,100,100,100,100,100,100,100,100,81.5,60.8,56.7,52.9,50.9,50.9,50.9,50.9,50.9
196,"CYP","Cyprus",38.2,38.2,38.2,38.2,38.2,44.1,53,59.3,62.5,73,100,100,100,100,100,100,100,100,100,100,87.6,71.3,67.9,71.7,64.8,66,55.9,52,52,52
203,"CZE","Czech Republic",100,100,100,100,100,100,100,100,100,90,64.2,57.7,58.3,52.3,54.8,54.9,58.5,65.3,69.3,70.5,70.8,71.6,73.4,75.1,73.4,72.8,68,65.9,65.9,65.9
180,"COD","Dem. Rep. Congo",18.2,18.2,18.2,18.2,18.2,18.8,19,19,18.6,18.1,17.4,16.5,15.8,14.8,14.1,16.1,16.9,34.7,42.4,41.5,40.3,37.9,30.4,31.7,31.1,30.2,26,40.9,40.9,40.9
208,"DNK","Denmark",87.5,87.5,87.5,87.5,87.5,100,100,100,100,100,95,77.9,63.6,57.2,54.9,57.9,61.4,71.6,72.2,87.4,100,100,100,100,100,100,100,100,100,100
262,"DJI","Djibouti",36.5,36.5,36.5,36.5,36.5,37.8,38.8,38,38,39.2,37.2,36.4,36.8,34.6,32.7,34,42.3,48.4,48.6,48.7,48.9,49.1,49.3,49.5,49.7,49.9,50.1,50.3,50.3,50.3
212,"DMA","Dominica",37.7,37.7,37.7,37.7,37.7,39.1,39,47.7,53.4,61,64.3,68.2,56.4,51.6,45.1,38.6,49.8,58.3,66.4,84.8,96.8,100,95.8,88.6,66.5,51,52.7,52.1,52.1,52.1
214,"DOM","Dominican Republic",20.3,20.3,20.3,20.3,20.3,19,22.7,24.3,34.6,37.4,36.9,32.7,26,31.3,38.4,40.2,46.3,47.9,57.2,73.8,65,50.9,43.6,37.5,30,27.1,26.2,24.9,24.9,24.9
218,"ECU","Ecuador",51.2,51.2,51.2,51.2,51.2,55.7,53.5,56.8,58.6,54.8,48.9,38.2,29,20.7,23.1,30.6,33.6,32.2,29,23.2,19,20.2,21.5,27,35.8,50.7,56.4,59.1,59.1,59.1
818,"EGY","Egypt",7.1,7.1,7.1,7.1,7.1,5.4,7.3,9.6,15.2,19.4,23,22.5,22.7,20.9,15.8,11.5,9,1.2,0.8,0,1.4,3.7,9.7,18.6,31,43.2,51,51.3,51.3,51.3
222,"SLV","El Salvador",24.9,24.9,24.9,24.9,24.9,29.9,32,32.1,31.2,29.3,23.6,20,24.2,27.4,29.1,34,43.6,51,69,93.3,98,89.8,86.8,80.4,68,61.5,54.7,45.9,45.9,45.9
226,"GNQ","Equatorial Guinea",12.9,12.9,12.9,12.9,12.9,7.5,7.8,0,0,0,0,0,0,0,0,0,0,100,100,100,100,100,100,100,67.6,28.3,0,0,0,0
232,"ERI","Eritrea",42.7,42.7,42.7,42.7,42.7,66.9,91,100,100,100,100,100,85,84.8,86.6,79.4,61.6,48.1,30.5,27.5,26.2,26.4,25.7,27,28.9,31.5,28.8,29.2,29.2,29.2
233,"EST","Estonia",37.9,37.9,37.9,37.9,37.9,16.4,0,4.6,15.1,22.4,30,32.4,22.5,21.2,30.5,31.3,31,34.1,30.4,30.5,37.6,42.4,38.7,42.4,70.6,88.5,100,100,100,100
748,"SWZ","Eswatini",68,68,68,68,68,71.1,73.3,84.4,92.8,95.2,95.4,94.5,86.9,80.1,54.5,52.1,47.6,47.1,41.9,40.1,39.3,39.6,47.6,59,55.9,65.6,68.9,70.9,70.9,70.9
231,"ETH","Ethiopia",29.5,29.5,29.5,29.5,29.5,30,30.4,31.2,31.7,31.9,32.3,33.4,33.8,34.3,34.8,35.4,35.7,35.7,35.3,34.5,34.1,33.8,34.1,34.5,35,37.6,40.3,43.2,43.2,43.2
234,"FRO","Faeroe Islands",47.4,47.4,47.4,47.4,47.4,47.4,47.4,47.4,47.4,47.4,44.9,44.4,45,46.2,47.8,49.5,49.5,49.5,49.5,49.5,49.5,49.5,49.5,49.5,49.5,49.5,49.5,49.5,49.5,49.5
238,"FLK","Falkland Islands",42.1,42.1,42.1,42.1,42.1,41.7,41.2,40.8,40.4,40,39.5,39.1,38.7,16.6,0,0,21.7,48.1,48.1,48.1,48.1,48.1,48.1,48.1,48.1,48.1,48.1,48.1,48.1,48.1
242,"FJI","Fiji",75.4,75.4,75.4,75.4,75.4,88.3,95.5,100,100,94.3,78.5,60.3,54.3,51.3,50.5,47.8,45.2,50.1,56.8,55.9,54.7,51.8,52.9,53.4,64.9,58.9,58.4,59.9,59.9,59.9
246,"FIN","Finland",100,100,100,100,100,100,100,89.7,73.4,63.2,62.4,56.4,51.8,51.7,59,59.9,63.8,64,63.5,61.6,66.8,67.4,79.7,92.1,100,100,100,100,100,100
250,"FRA","France",81.8,81.8,81.8,81.8,81.8,100,100,100,100,100,100,100,100,100,100,100,100,100,100,100,100,100,100,100,100,100,100,100,100,100
258,"PYF","French Polynesia",49.2,49.2,49.2,49.2,49.2,49.2,49.2,49.2,49.2,49.2,49.2,49.2,44.8,39.9,36.8,39.3,43.3,49.1,49.1,49.1,49.1,49.1,49.1,49.1,49.1,49.1,49.1,49.1,49.1,49.1
266,"GAB","Gabon",0,0,0,0,0,22.5,38.4,48.6,51.4,51.1,43.9,38.1,28.6,18,9,6.8,15.7,21.3,14,9.5,5.8,8.3,18.4,30.6,39.1,43.2,58.5,81.8,81.8,81.8
270,"GMB","Gambia",29.2,29.2,29.2,29.2,29.2,27.7,25.4,24.1,24,25,23.1,22.4,22.3,21.8,20.3,21.2,26.7,33,41.5,50.3,59.5,72,79.1,82.8,77.3,67.6,59,52,52,52
268,"GEO","Georgia",82.9,82.9,82.9,82.9,82.9,89,99.5,100,92.6,85.2,100,95.7,67.2,55.5,42.6,30.3,25.8,24.9,17.5,10.3,13.9,16.3,19.4,36.4,45.8,57.8,70,88.2,88.2,88.2
276,"DEU","Germany",100,100,100,100,100,100,100,100,100,100,100,100,100,93.3,82.7,78.7,81.6,84.7,86.6,96.7,100,100,100,100,100,100,97.3,97.8,97.8,97.8
288,"GHA","Ghana",14.8,14.8,14.8,14.8,14.8,30.9,49.3,70.6,98.8,100,100,100,100,100,81,63.3,49,37.3,28.3,21.4,16.7,17.7,21.8,24.7,26.1,31,29.1,26.9,26.9,26.9
300,"GRC","Greece",51.2,51.2,51.2,51.2,51.2,62.8,67.8,70.6,64.6,70.2,73.9,63,60.1,58.4,63.6,85.9,92.2,88.3,65.3,65.1,55.8,51.4,63.9,77.2,95.9,88.2,98.6,100,100,100
304,"GRL","Greenland",NA,NA,NA,NA,NA,NA,NA,NA,NA,NA,NA,NA,NA,NA,NA,NA,NA,NA,NA,NA,NA,NA,NA,NA,NA,NA,NA,NA,NA,NA
308,"GRD","Grenada",27.9,27.9,27.9,27.9,27.9,31.2,35.3,43.7,51.7,63.4,73.7,79.7,76.9,63.9,49.7,43.3,49.1,52.8,55.6,60.2,64.2,64.9,63.5,58.4,51.7,46.2,50.1,50.7,50.7,50.7
320,"GTM","Guatemala",27,27,27,27,27,21.5,17.1,2.9,0,0,0,0,0,3.6,8,14.1,23.7,22.7,21.7,20.6,19.9,18.3,15.8,16.9,17.8,18.4,17,17.2,17.2,17.2
831,"GGY","Guernsey",NA,NA,NA,NA,NA,NA,NA,NA,NA,NA,NA,NA,NA,NA,NA,NA,NA,NA,NA,NA,NA,NA,NA,NA,NA,NA,NA,NA,NA,NA
324,"GIN","Guinea",29.3,29.3,29.3,29.3,29.3,37.1,43,48.1,51.7,54.1,48.5,44.4,41,35.4,30,28,29.9,33.8,40.3,48.2,57.5,71.2,84,87.5,83.5,73.3,64.4,56,56,56
624,"GNB","Guinea-Bissau",36.6,36.6,36.6,36.6,36.6,37.3,37.3,38.1,38.4,39.1,36.3,34.1,32.7,32.7,31.1,33.1,38.3,44.9,53.1,67.2,80,91.6,97.9,100,95.4,86.7,77.9,67.9,67.9,67.9
328,"GUY","Guyana",13,13,13,13,13,11.9,14.9,24.1,46.5,54.3,62.2,77.7,82.5,90.8,100,97.3,72.8,51.4,51.1,45,39.9,38,34.5,34.4,41.8,47.3,44.5,39.6,39.6,39.6
332,"HTI","Haiti",27,27,27,27,27,25.9,25.3,25.6,26.4,29.2,29.9,30.4,28.8,27.6,26.5,24.9,23.4,24.2,26,28.1,29.6,31.4,32.4,33.7,35.2,37.8,39.6,42.4,42.4,42.4
336,"VAT","Holy See",NA,NA,NA,NA,NA,NA,NA,NA,NA,NA,NA,NA,NA,NA,NA,NA,NA,NA,NA,NA,NA,NA,NA,NA,NA,NA,NA,NA,NA,NA
340,"HND","Honduras",36.1,36.1,36.1,36.1,36.1,41.9,45.5,47.1,45.1,42,38.8,35.4,23.2,10.5,11.3,13.2,14.6,16.6,17.1,19.8,18.2,19.6,34.7,45.7,56.1,70.5,80.4,84,84,84
344,"HKG","Hong Kong",0,0,0,0,0,0,10.2,36.5,59.1,100,100,100,100,100,100,100,100,75.4,45,46,37.4,39.1,41.5,55.6,46.7,50.3,63.7,84.1,84.1,84.1
348,"HUN","Hungary",100,100,100,100,100,100,99.3,87,77.3,75.1,54.4,43.9,38.6,35,27.7,26.1,24.9,26.2,30,43.3,44.4,48.8,60.7,83,100,100,100,100,100,100
352,"ISL","Iceland",22.9,22.9,22.9,22.9,22.9,25.6,37.8,42.5,42.3,40.9,44.3,50.6,61.8,80.4,93,100,100,100,100,100,100,100,100,100,100,100,100,100,100,100
356,"IND","India",38.1,38.1,38.1,38.1,38.1,39.4,40.6,41,42.3,41.5,40,37.3,32.9,26.8,20.1,14.5,13.4,13,15.6,18.9,23.9,30.7,37.8,41.8,46.1,50.1,54.5,56.8,56.8,56.8
360,"IDN","Indonesia",29.6,29.6,29.6,29.6,29.6,30.3,30.6,31.4,31.8,32.4,34.5,37,38.7,43.3,47.3,47.9,45.9,44.3,48,52,65.4,85.8,100,100,100,100,100,100,100,100
364,"IRN","Iran",26.1,26.1,26.1,26.1,26.1,28.2,26.7,26,25.9,22.6,21.2,16.8,11.7,10.9,11.7,14.5,20.5,29.3,37.8,46.6,60.4,80.3,87.6,83,78.6,81.6,81.8,68.7,68.7,68.7
368,"IRQ","Iraq",24.2,24.2,24.2,24.2,24.2,12.4,21,25,33.4,32.9,34.6,42.3,42.7,51.6,58,57.6,49.4,35.7,36.4,41.6,44.2,50.9,44.7,44.7,43.2,49,55.5,48.1,48.1,48.1
372,"IRL","Ireland",50.9,50.9,50.9,50.9,50.9,55.3,56.8,65.1,75.1,80.5,81,80.8,85.9,81.4,87.4,100,100,100,100,100,100,100,100,100,100,100,100,100,100,100
833,"IMN","Isle of Man",NA,NA,NA,NA,NA,NA,NA,NA,NA,NA,NA,NA,NA,NA,NA,NA,NA,NA,NA,NA,NA,NA,NA,NA,NA,NA,NA,NA,NA,NA
376,"ISR","Israel",23.7,23.7,23.7,23.7,23.7,26.1,32.9,37,40.3,47.2,60.9,73.9,72.2,83.4,95.5,99.3,100,100,100,100,100,100,100,100,100,100,100,95.2,95.2,95.2
380,"ITA","Italy",100,100,100,100,100,100,100,100,100,100,100,100,93.6,79.9,68.2,73.4,82.3,74.8,64.1,57.7,56.4,61.7,77.9,100,100,100,100,100,100,100
388,"JAM","Jamaica",51.4,51.4,51.4,51.4,51.4,48.7,48.3,43.9,39.2,40.2,41,25.4,15.6,26.1,39.1,53.8,61.8,59.5,56.6,56.7,67.4,77.9,67.9,55.7,47.5,50,45.6,41.1,41.1,41.1
392,"JPN","Japan",70.8,70.8,70.8,70.8,70.8,77,81.7,84.4,90.1,95.9,100,100,100,100,100,100,100,100,100,100,100,100,100,100,100,100,100,100,100,100
832,"JEY","Jersey",NA,NA,NA,NA,NA,NA,NA,NA,NA,NA,NA,NA,NA,NA,NA,NA,NA,NA,NA,NA,NA,NA,NA,NA,NA,NA,NA,NA,NA,NA
400,"JOR","Jordan",40.1,40.1,40.1,40.1,40.1,32.6,25.5,22.4,21.2,12.2,0,0.7,1.4,17.7,28,39.6,48.8,71.3,100,100,100,100,100,100,100,100,100,100,100,100
398,"KAZ","Kazakhstan",76.7,76.7,76.7,76.7,76.7,78.8,78.1,79.1,76.9,55.4,21.7,3.1,0,0,0,0,0,0,0.3,14.3,19.7,25.5,33.5,44.1,66.2,90.4,100,96.4,96.4,96.4
404,"KEN","Kenya",24.5,24.5,24.5,24.5,24.5,23.3,23,23.3,25.1,26.2,26.3,25.1,24.8,23.6,21,17.4,16.7,17.6,19.4,20.6,21.2,21.1,22.3,24.1,23.8,24.8,26.5,30.1,30.1,30.1
296,"KIR","Kiribati",63.6,63.6,63.6,63.6,63.6,76.6,88.1,88.3,86.7,80.6,75.5,58.9,52.1,43.5,37.4,35.4,39.2,41.2,41.7,42.8,43.3,42.2,45.6,46.9,52.1,52.8,58,66.7,66.7,66.7
689,"XKX","Kosovo",9.8,9.8,9.8,9.8,9.8,9.8,0,0,0,0,0,0,0,0,21.4,21.5,19,20.1,23.7,29.6,33.4,25,22.6,16.9,15.2,18.3,21.4,29.8,29.8,29.8
414,"KWT","Kuwait",0,0,0,0,0,0,0,0,0,0,0,0,0,0,0,0,37.7,23,0,0,0,0,0,0,14.2,47.5,69.3,75.5,75.5,75.5
417,"KGZ","Kyrgyzstan",53,53,53,53,53,54.1,51.8,50.3,43.4,44.4,43,38.8,27.5,15.9,5.1,0,0,0,0,0,1.5,20.8,28.2,30.7,39.8,53.8,59.2,52.4,52.4,52.4
418,"LAO","Laos",85.4,85.4,85.4,85.4,85.4,35.1,5.3,0,0,0,0,0,0,0,7.4,7.6,10.5,15.8,22.6,29.2,34.4,37.3,38.2,35.5,38.1,41.9,46.5,52.3,52.3,52.3
428,"LVA","Latvia",40.5,40.5,40.5,40.5,40.5,40.5,40.5,40.5,40.5,35.3,31.6,27.9,24.7,29.5,34.8,48.5,55.4,62.7,66.3,62.8,65.7,70.6,68.8,64.3,56,60.1,64.8,60.7,60.7,60.7
422,"LBN","Lebanon",0,0,0,0,0,26.8,45.2,70.7,80.5,76.6,65.1,59.2,52.4,45.6,35.1,34.4,32.9,0,0,0,0,0,0,0,0,1.3,67,67,67,67
426,"LSO","Lesotho",44.1,44.1,44.1,44.1,44.1,44.3,44.3,45.6,47.2,49.9,47.4,46.2,46,38.4,31.1,26.7,28.7,33.6,41.9,53.9,69.1,90.2,100,100,100,83.1,70.8,60.2,60.2,60.2
430,"LBR","Liberia",36,36,36,36,36,23,13,8.3,8.4,12.5,14.4,17.9,22.2,24.6,24.7,24.6,26.6,30.8,38.1,46.9,54.7,64.7,74.4,82.5,81.9,73,64.2,55.7,55.7,55.7
434,"LBY","Libya",40,40,40,40,40,40,40,40,39.9,39.9,39.8,39.7,23.8,0,0,0,0,0,0,17.7,44.7,54.3,55.6,51.5,44,50.6,54.3,36.5,36.5,36.5
438,"LIE","Liechtenstein",27.5,27.5,27.5,27.5,27.5,27.5,27.7,28.5,29.8,31.7,33.9,36.7,40,43.8,47.8,47.8,47.8,47.8,47.8,47.8,47.8,47.8,47.8,47.8,47.8,47.8,47.8,47.8,47.8,47.8
440,"LTU","Lithuania",46,46,46,46,46,46,46,46,46,46,42.9,39.6,35.2,27.2,29.8,35.2,40,42.7,45,43.3,39.8,36.1,31.4,27.5,31.3,36.4,39.7,41.9,41.9,41.9
442,"LUX","Luxembourg",63.5,63.5,63.5,63.5,63.5,100,100,100,100,80.2,71.8,74.2,78.5,86.4,99.1,100,100,100,100,100,100,100,100,100,100,100,100,100,100,100
446,"MAC","Macao",49.8,49.8,49.8,49.8,49.8,61.7,71.9,84.1,90.5,73,77.6,74.5,79.1,88.1,78.4,93.8,100,100,100,100,100,100,100,98.6,77.5,64.5,57.4,56,56,56
450,"MDG","Madagascar",21.2,21.2,21.2,21.2,21.2,19.1,17.3,19.4,18.9,28.3,27.8,28.2,28.1,26.9,27.4,27.7,27.8,31.7,33.5,34.4,34.5,22.6,12.1,3.9,0,0,2.3,8.2,8.2,8.2
454,"MWI","Malawi",44.7,44.7,44.7,44.7,44.7,41.2,36.6,33.6,32,32.4,30.9,30.6,31.3,31,29.2,30,33.8,39.5,46.8,56,68.8,83.1,93.1,98.3,94.9,86.7,76.5,66.3,66.3,66.3
458,"MYS","Malaysia",23.8,23.8,23.8,23.8,23.8,25.3,24.3,23.3,23.6,21.1,23.9,24.1,18,23.4,33.9,39.1,41,44.5,42.4,33.3,33.8,38.3,37.8,39.1,42.6,55.3,69.5,90.2,90.2,90.2
462,"MDV","Maldives",33.9,33.9,33.9,33.9,33.9,35.5,33.6,22.1,22.5,15.7,22.4,17.2,15.4,11.3,0,0,0,0,0.9,7.3,24.9,33.5,47.1,50.1,46.5,43,42.7,38.5,38.5,38.5
466,"MLI","Mali",32,32,32,32,32,30,27.9,27.4,27.6,28.8,26.9,26.1,26.2,25.7,24,25.1,29.5,35.8,44.1,53.4,66.5,81,92.3,98,94.2,86.1,75.8,65.4,65.4,65.4
470,"MLT","Malta",100,100,100,100,100,100,100,100,100,100,100,100,53.1,10.4,0,0,0,16.2,33.4,43.5,48.9,64.6,94.4,100,100,100,100,100,100,100
584,"MHL","Marshall Islands",64.4,64.4,64.4,64.4,64.4,67.1,67.2,65.2,66,65.6,75.9,71.2,67.3,55.7,45.1,39.4,40,39.9,44,47.4,60.8,71,84.7,86.7,79.3,71.9,72,69.9,69.9,69.9
478,"MRT","Mauritania",53.6,53.6,53.6,53.6,53.6,62,67,66.3,62.6,55,44.3,32.8,18.8,17.8,15.9,17.8,23,28.7,37.3,46,53,63.8,66.8,65.6,56.9,49.3,46.1,42.5,42.5,42.5
480,"MUS","Mauritius",31.1,31.1,31.1,31.1,31.1,2.1,0,0,0,0,0,0,0,20,42.6,46.2,48.9,54.6,61.4,65.5,60.3,56.8,59.9,58.1,59.5,68.7,72.7,73.5,73.5,73.5
484,"MEX","Mexico",39.4,39.4,39.4,39.4,39.4,41,43.4,44.6,45,43.9,43.7,41.7,37.4,32.2,32,31.4,34.5,39.1,45.2,51.1,60.1,68.6,75.5,82.1,94.3,100,100,100,100,100
583,"FSM","Micronesia",52.2,52.2,52.2,52.2,52.2,58.2,56.8,60.5,66.2,66.9,86.4,100,100,96.5,75.3,72,77.2,80.1,76.7,66,68.2,72.8,74.8,72.9,60.2,56.8,57.7,58.1,58.1,58.1
498,"MDA","Moldova",48.3,48.3,48.3,48.3,48.3,48.3,48.3,48.3,48.3,48.3,42.8,36.7,28.6,20.5,25.3,28.2,29.9,33.4,33.7,32,30.4,29.3,28.5,29.3,39.6,51.1,56,61.5,61.5,61.5
492,"MCO","Monaco",NA,NA,NA,NA,NA,NA,NA,NA,NA,NA,NA,NA,NA,NA,NA,NA,NA,NA,NA,NA,NA,NA,NA,NA,NA,NA,NA,NA,NA,NA
496,"MNG","Mongolia",80.5,80.5,80.5,80.5,80.5,68.9,51.8,44.3,32,27.2,15.7,10,2,0.3,0,0,0,0,0,16.8,33.2,46.8,52.9,56.9,48.3,48.3,43.1,39.6,39.6,39.6
499,"MNE","Montenegro",35.5,35.5,35.5,35.5,35.5,35.5,35.5,35.5,35.5,35.5,35.5,35.5,14.8,0,0,0,0,0,8.6,36.7,48.5,64.1,73.2,81,88.8,91.4,87.2,83.7,83.7,83.7
504,"MAR","Morocco",26.8,26.8,26.8,26.8,26.8,30.1,32.2,33.2,33,28,24,22.1,21.8,21.2,20.9,22.4,23.5,26.4,30,30.2,29.9,30.5,31.2,31.5,31.4,36.9,37.8,39.9,39.9,39.9
508,"MOZ","Mozambique",15.2,15.2,15.2,15.2,15.2,3.8,7.3,7.4,3.8,3.5,6.2,14.4,52.7,76.9,100,100,100,100,100,81.5,51.4,20.3,18.3,15.5,17,26.5,27.3,28.9,28.9,28.9
104,"MMR","Myanmar",34.7,34.7,34.7,34.7,34.7,34.4,36.3,37.1,37,34.4,30.3,29.6,30.2,33.5,37.7,43.2,48.6,50.8,49.8,46.2,40.8,36.9,27.7,23.4,21.2,23.5,29.6,34.7,34.7,34.7
516,"NAM","Namibia",0,0,0,0,0,0,0,0,6.7,14.3,23.1,25.3,28.2,24.1,21.9,21.7,12,9.7,4.5,0,0.9,7.4,18.5,23.4,27.6,36.2,44.9,50.1,50.1,50.1
520,"NRU","Nauru",NA,NA,NA,NA,NA,NA,NA,NA,NA,NA,NA,NA,NA,NA,NA,NA,NA,NA,NA,NA,NA,NA,NA,NA,NA,NA,NA,NA,NA,NA
524,"NPL","Nepal",27.1,27.1,27.1,27.1,27.1,24.9,23,21.5,20.7,20.4,20.6,22,23.8,25.6,27.7,28.3,28.8,36.2,37.3,37.6,38,37,34.9,31.8,30.7,26.9,22.9,28.6,28.6,28.6
528,"NLD","Netherlands",100,100,100,100,100,100,100,100,100,100,100,100,100,100,100,100,100,100,100,100,100,100,100,100,100,100,100,100,100,100
540,"NCL","New Caledonia",44.3,44.3,44.3,44.3,44.3,44.3,44.3,44.3,44.3,44.3,44.3,44.3,31.7,21.3,10.4,5,21.6,29.5,35.8,43.4,43.8,44.1,44.4,44.8,45.1,45.5,43.9,43.4,43.4,43.4
554,"NZL","New Zealand",34.8,34.8,34.8,34.8,34.8,41.5,50.3,54,58.1,54.5,45.1,38.4,32,29.7,34.7,40.5,47.7,52.3,57.8,60,62.5,64,61.3,59.1,65,68.6,68.7,68.4,68.4,68.4
558,"NIC","Nicaragua",28.8,28.8,28.8,28.8,28.8,28.5,30.9,34.2,38.2,40.7,43.6,42.8,39.3,37.3,36.9,34.8,35.6,35.8,36.7,36.7,37.9,36.6,33.8,34.6,36.8,39.3,40.6,41.1,41.1,41.1
562,"NER","Niger",0,0,0,0,0,20.7,41,57.5,73.1,84.2,87.5,82.6,60.9,42.1,13.6,12,22.5,28.5,19.8,12.4,6.9,3.2,1,0,0,0,1.6,14.1,14.1,14.1
566,"NGA","Nigeria",30,30,30,30,30,34,35.8,34.9,33.3,31.2,29.5,27.3,26,26.7,28.9,29.5,30.9,31.1,29.3,27.2,26.9,26.4,26.5,27.6,30.8,33.7,37.3,41.1,41.1,41.1
570,"NIU","Niue",46.8,46.8,46.8,46.8,46.8,47.2,47.5,47.8,48.1,48.5,48.8,49.1,43.2,38.4,36.5,42.8,43.5,44.2,44.9,45.6,46.3,47,47.7,48.4,49.1,49.8,49.2,48.8,48.8,48.8
408,"PRK","North Korea",42.1,42.1,42.1,42.1,42.1,42.1,42.1,42.1,42.1,42.1,42.1,38.2,43.5,46.8,46.8,46.8,46.8,46.8,46.8,46.8,46.8,46.8,46.8,46.8,46.8,46.8,46.8,46.8,46.8,46.8
807,"MKD","North Macedonia",47.8,47.8,47.8,47.8,47.8,44.6,45,44.1,24.7,36.7,21.4,10.4,4,14.9,21.2,30.9,42.1,51,50.5,56.2,55.9,59.6,59.1,77.9,85.9,100,100,100,100,100
578,"NOR","Norway",43.9,43.9,43.9,43.9,43.9,46.4,50.2,55.1,57,58.8,63,59.2,57.4,57.4,52.8,61,75.6,87.8,94.5,100,100,100,100,100,100,100,100,100,100,100
512,"OMN","Oman",35.2,35.2,35.2,35.2,35.2,0,0,0,0,0,0,12.7,26.2,51.3,57.3,83.7,100,88.6,52.3,16.3,6.1,0,0,0,9.6,43.4,100,100,100,100
586,"PAK","Pakistan",19.6,19.6,19.6,19.6,19.6,20.4,21.9,23.2,23.3,23.4,24.4,24.9,24.6,25.8,26.4,28.1,30,31.8,33.1,33.2,32.9,31.5,27.8,26.9,27.9,28,28.1,29.9,29.9,29.9
585,"PLW","Palau",44.5,44.5,44.5,44.5,44.5,44.5,44.5,44.5,29.5,12.9,11.6,4.6,7.7,11.4,16.6,26.2,24.2,23,29.2,36.1,49.1,58.4,75,74.6,66.9,55.8,53.4,53.4,53.4,53.4
591,"PAN","Panama",19.4,19.4,19.4,19.4,19.4,21.2,20.9,20.6,27.5,25,23.6,21.3,18.4,13.6,6.1,2.4,0,0,2,2.7,9.3,17.6,25.1,34.2,39.1,52.6,57.1,61,61,61
598,"PNG","Papua New Guinea",46.9,46.9,46.9,46.9,46.9,52.9,55,54.3,52.7,50.3,50.3,49,40.7,34.1,27.1,30.3,32.9,35.3,34.7,32.7,34.6,37.1,35.4,36,36.3,38.7,41.6,44.9,44.9,44.9
600,"PRY","Paraguay",39,39,39,39,39,46,50.1,55.7,60.4,66.6,69.8,74.8,73.9,67.3,58.8,53.5,49.4,50.2,51.8,50.7,50.8,40.1,32.2,25.8,22.5,22.6,24.6,31.4,31.4,31.4
604,"PER","Peru",36.4,36.4,36.4,36.4,36.4,32.1,34.4,36.8,40.1,40.7,42.7,45.5,49.5,41.8,33,26.6,25.2,26.8,29.3,30.9,36,42.1,55.4,67.2,73.7,77.9,82.7,81.5,81.5,81.5
608,"PHL","Philippines",52.7,52.7,52.7,52.7,52.7,59.1,69.4,77.3,83.3,89,87.5,82.7,67.4,56.2,48.2,42.4,37.3,32.3,27.6,23.8,21.2,19.6,17.3,18.6,21.6,30.7,37.8,45.2,45.2,45.2
616,"POL","Poland",51.4,51.4,51.4,51.4,51.4,68.4,78.9,89.7,84.9,82.6,70.9,54.3,45.8,42,37.2,35,36.7,40,47.4,56.4,62.9,60.1,54.4,51.9,53.4,53.2,56.8,64.8,64.8,64.8
620,"PRT","Portugal",36.4,36.4,36.4,36.4,36.4,40.9,46,50.3,63,72.7,80.6,95.7,100,100,100,100,100,100,93,76.3,65.1,68.3,91.8,100,100,100,100,100,100,100
634,"QAT","Qatar",0,0,0,0,0,0,0,33.1,0,0,0,0,0,0,0,0,15.7,100,100,100,100,100,100,100,65.2,71.2,93.8,91.2,91.2,91.2
178,"COG","Republic of Congo",22.2,22.2,22.2,22.2,22.2,39.9,48.7,55.2,59.9,71.1,68.5,46.4,46.8,38.5,24.4,15.1,0,0,0,0,0,0,0,12.7,30.2,46.1,47,48.9,48.9,48.9
642,"ROU","Romania",61.2,61.2,61.2,61.2,61.2,70.9,87.1,88.6,91.4,88.1,77.4,62.9,44,24,23.2,23.4,30.4,35.8,44.9,51.1,59.7,73,77.6,73.3,74.7,76.3,66.3,58.3,58.3,58.3
643,"RUS","Russia",54.4,54.4,54.4,54.4,54.4,60.4,59.5,56.9,51.3,45.5,40,36.6,34.6,30.9,31.7,36.1,38.3,36.9,39.5,45.5,50,54.5,63,58,50.4,50.7,48.5,40,40,40
646,"RWA","Rwanda",0,0,0,0,0,0,0,21.9,50.6,100,100,100,100,100,65.1,58,49.4,41.4,32.9,24.7,25.8,28.4,31.3,33.8,34.6,34.4,33.1,32.2,32.2,32.2
652,"BLM","Saint Barthelemy",NA,NA,NA,NA,NA,NA,NA,NA,NA,NA,NA,NA,NA,NA,NA,NA,NA,NA,NA,NA,NA,NA,NA,NA,NA,NA,NA,NA,NA,NA
659,"KNA","Saint Kitts and Nevis",20.5,20.5,20.5,20.5,20.5,21.5,16.2,20,24.5,30.2,35.6,40.5,41.4,40.4,38.7,39.7,43,46.8,49.5,52,55.5,58.4,58,55.1,50.5,46.5,50.3,51.1,51.1,51.1
662,"LCA","Saint Lucia",23.3,23.3,23.3,23.3,23.3,26.9,30.7,39,46.8,54.4,61.7,66.3,65.6,59.2,50.8,44.8,44.6,44.5,43.7,43.6,44.5,45.9,46.7,46.7,45.3,43.1,47.7,49.9,49.9,49.9
670,"VCT","Saint Vincent and the Grenadines",28.7,28.7,28.7,28.7,28.7,33.7,36.8,45.3,52.6,58.9,63.7,65.2,62.3,52.8,44.4,41.4,50.4,54.3,60,65.1,73.2,78,76.1,69.2,57.7,49.9,53.2,53.3,53.3,53.3
882,"WSM","Samoa",79,79,79,79,79,96.7,100,100,100,100,97.2,83.3,68.1,54.9,45.2,42.6,41.3,41.8,41.9,41.9,45.4,48.4,52.4,54.8,57.3,59.8,62,62.2,62.2,62.2
674,"SMR","San Marino",NA,NA,NA,NA,NA,NA,NA,NA,NA,NA,NA,NA,NA,NA,NA,NA,NA,NA,NA,NA,NA,NA,NA,NA,NA,NA,NA,NA,NA,NA
678,"STP","Sao Tome and Principe",39.5,39.5,39.5,39.5,39.5,38.6,36.4,34.5,33.2,31.7,27,23.3,22,21.5,20.8,23.1,29.7,36.5,45.1,54.6,65.6,72.8,75.5,75.9,67.1,55.7,50.4,46.4,46.4,46.4
682,"SAU","Saudi Arabia",100,100,100,100,100,100,100,100,100,75.4,69.2,57.7,47.2,7.8,0,0,0,0,0,0,0,24.3,51.3,59.6,76.4,89,88.5,95.9,95.9,95.9
686,"SEN","Senegal",19.5,19.5,19.5,19.5,19.5,14.2,9.4,5.6,6.2,9.7,15.1,20.4,21.2,18.7,5,0,0,0,0,0,8.5,20.9,37,50.7,54.5,60.5,56.3,51,51,51
688,"SRB","Serbia",47.2,47.2,47.2,47.2,47.2,47.2,47.2,47.2,37.1,32.8,37.7,32.4,24.2,21.1,28.2,38.4,43.7,47.7,53.5,62.1,79,92.9,100,100,100,79.8,52,40.7,40.7,40.7
690,"SYC","Seychelles",0,0,0,0,0,0,0,0,0,0,0,0,0,5.6,9.1,17.2,31.5,49.2,82.4,96.7,95.2,77.6,62.1,46.4,28.6,12.4,12,11,11,11
694,"SLE","Sierra Leone",52.6,52.6,52.6,52.6,52.6,52,48.3,41.1,34.1,28.7,21.8,16.9,15.9,16.9,18.7,24.1,31.4,40,49.5,62.6,78.7,89.6,96.6,97.9,91.6,82.3,72.8,64,64,64
702,"SGP","Singapore",50.1,50.1,50.1,50.1,50.1,52.8,41.3,35.6,32.6,28.3,23.7,24.4,26.2,30.6,35.1,33.5,28.7,28.6,26.4,27.2,29.1,31.6,37.1,50.2,63,77.3,90.8,100,100,100
534,"SXM","Sint Maarten",24.9,24.9,24.9,24.9,24.9,24.9,24.9,24.9,24.9,24.9,24.9,0,0,34.8,40.6,46.3,52,57.7,63.4,69.1,74.8,80.5,86.2,91.9,65.4,55.6,57.6,54.9,54.9,54.9
703,"SVK","Slovakia",100,100,100,100,100,100,100,100,100,100,78.9,65.7,51.3,36.7,26.8,25.3,29.6,35,48.8,65.6,78.8,100,100,100,100,99.1,89.8,82.9,82.9,82.9
705,"SVN","Slovenia",8.3,8.3,8.3,8.3,8.3,13,18.3,42.7,68.3,94,100,92.4,81.5,54.9,54.7,56.8,55.5,66.4,81.1,89.9,97.6,100,100,100,100,100,100,100,100,100
90,"SLB","Solomon Islands",73.3,73.3,73.3,73.3,73.3,86.6,82.8,73.3,64.1,57.6,59.8,62.5,60.8,55.4,47.6,46.3,47.4,49.2,46.8,45.2,47.1,49.4,52.5,54.3,56.2,57.8,63.6,73.2,73.2,73.2
706,"SOM","Somalia",47.1,47.1,47.1,47.1,47.1,39.3,31.7,26.5,23.8,24,22.5,23.2,25.5,28.3,30.1,32.6,38,44.6,47,49.4,51.8,54.2,56.6,59,61.4,63.8,66.2,68.6,68.6,68.6
710,"ZAF","South Africa",50.5,50.5,50.5,50.5,50.5,62.4,71.8,77,64.5,49.7,40.7,30.8,13.4,0,0,11,25.6,31.6,34.8,37.3,44.3,56.8,44.5,37.9,40.3,59.4,79.3,88.7,88.7,88.7
410,"KOR","South Korea",100,100,100,100,100,100,100,100,100,100,88.5,66.2,54.9,69.9,96.5,100,100,100,100,100,93.9,80.8,73.3,78.3,100,100,100,100,100,100
728,"SSD","South Sudan",44,44,44,44,44,44,33.4,24.5,18.4,14.9,13,12,11.6,11.2,10.5,9.7,8.8,3.8,0.3,0,0,0,2.6,6.5,11.6,17.8,24.5,27.5,27.5,27.5
724,"ESP","Spain",100,100,100,100,100,100,100,100,100,100,100,100,80.6,67.7,63.7,75.4,91.8,100,92.6,77.9,66.6,80.9,96.6,100,100,100,100,100,100,100
144,"LKA","Sri Lanka",29,29,29,29,29,28.9,29.8,30.4,31.1,33.7,36.4,36.5,37.1,39.3,40.5,38.3,41.9,47.7,53.3,60.4,62.9,66.2,71.5,77.1,77.2,69.2,64.2,61.9,61.9,61.9
275,"PSE","State of Palestine",NA,NA,NA,NA,NA,NA,NA,NA,NA,NA,NA,NA,NA,NA,NA,NA,NA,NA,NA,NA,NA,NA,NA,NA,NA,NA,NA,NA,NA,NA
729,"SDN","Sudan",24.1,24.1,24.1,24.1,24.1,20.2,18.5,17.6,21.6,17.4,13.1,4.6,1.1,0.2,3.4,9.5,16.6,25.6,34.8,41.7,44.6,39.2,37.9,35,32.8,32.6,31.6,33.2,33.2,33.2
740,"SUR","Suriname",71,71,71,71,71,39.2,17.7,0,0,0,0,0,0,0,21.7,21.6,37.7,33.3,44.8,46.2,45.6,26.7,21.5,25.8,24.5,14.8,20.6,10.5,10.5,10.5
752,"SWE","Sweden",48.9,48.9,48.9,48.9,48.9,53.4,65.7,79.1,87.3,94.2,90.7,83.2,72.3,63.7,59.2,53.3,55.3,59.8,60,68.4,75.5,80.2,83,89.9,99,100,95.7,93.3,93.3,93.3
756,"CHE","Switzerland",55.1,55.1,55.1,55.1,55.1,65.1,62.2,64.9,66.5,74.5,75.5,75.9,83.2,81.6,67.9,70.7,84,98.8,100,100,100,100,100,100,100,100,100,100,100,100
760,"SYR","Syria",0,0,0,0,0,0,9.1,16.9,31.6,33.7,20.3,4.5,0,0,0,12.4,28,18.1,46.6,46.4,46.1,45.9,45.7,45.4,45.2,29.4,10,0,0,0
158,"TWN","Taiwan",15.1,15.1,15.1,15.1,15.1,13.9,14.6,13.6,13.1,15.1,21.2,29.7,39,48.1,57.7,62.3,64.7,64.6,63.2,61.1,59.8,62.3,67.4,73.9,81.8,92.4,100,100,100,100
762,"TJK","Tajikistan",63.9,63.9,63.9,63.9,63.9,60.4,54.8,45.4,36.1,33.4,31,28.1,23.9,19.4,17.4,16.6,16.6,17.4,18.4,18.9,19,22.4,25.1,24.7,26.7,30.2,32.9,35.1,35.1,35.1
834,"TZA","Tanzania",0,0,0,0,0,0,0,0,8,7.5,6.6,7.2,11.4,15.9,19.9,22.3,24,26.3,26.4,30.3,31.6,32,34.1,36.2,35.3,34.8,32.2,32.2,32.2,32.2
764,"THA","Thailand",23.4,23.4,23.4,23.4,23.4,31.8,40.4,45.3,45.2,40.5,31.7,21,11.6,14.1,14.8,17.6,25.4,29.9,31.8,29.8,27.5,26.1,26.8,30.6,32.4,38.3,49.3,55.9,55.9,55.9
626,"TLS","Timor-Leste",49.7,49.7,49.7,49.7,49.7,49.7,49.7,49.7,49.7,49.7,49.7,49.7,49.7,42,34.2,39.3,47.4,48.3,44.8,40.4,37.9,35.8,35.7,35.3,35.9,37.7,41.3,45.5,45.5,45.5
768,"TGO","Togo",23.9,23.9,23.9,23.9,23.9,17.4,15.3,15.5,15.4,15.7,17.6,15.7,19,23.3,10.8,2.2,0,1.2,8.3,19,27.2,36.8,47.4,58.6,51.2,40.9,30.2,21.7,21.7,21.7
776,"TON","Tonga",64.4,64.4,64.4,64.4,64.4,80.4,88.9,96.1,91.9,81,75.7,70.3,62,53.5,43.8,44.2,50.4,57.5,60.1,62.8,69.3,70.2,74.3,71.1,63.6,58.9,60.8,60.8,60.8,60.8
780,"TTO","Trinidad and Tobago",0,0,0,0,0,39.5,66.6,100,100,100,100,100,66.7,32.3,0,0,0,33.6,85.3,100,100,100,100,100,100,78.5,56,54.7,54.7,54.7
788,"TUN","Tunisia",11.1,11.1,11.1,11.1,11.1,12,12.7,15.3,16.5,18.2,19.9,22.9,24.8,27.9,26.2,29.2,36.4,42.2,47.2,48.3,47.5,47.1,43.8,42,37.2,38.5,42.2,45.3,45.3,45.3
792,"TUR","Turkiye",52.5,52.5,52.5,52.5,52.5,51.9,55.4,56.2,48,44.5,37.7,23.7,10.5,4.2,0.2,0,5,13.2,26,41.2,57.4,82.6,95.7,100,100,100,100,100,100,100
795,"TKM","Turkmenistan",22.9,22.9,22.9,22.9,22.9,0.5,0,0,0,0,0,10,56.9,46.3,57,69.8,77.7,12.3,0,0,0,0,0,0,0,11.5,11.5,11.5,11.5,11.5
796,"TCA","Turks and Caicos Islands",0,0,0,0,0,0,0,0,0,0,0,0,0,0,0,0,1.9,20,40,42.4,44.8,47.2,49.6,52,54.4,56.8,62.6,57.9,57.9,57.9
798,"TUV","Tuvalu",NA,NA,NA,NA,NA,NA,NA,NA,NA,NA,NA,NA,NA,NA,NA,NA,NA,NA,NA,NA,NA,NA,NA,NA,NA,NA,NA,NA,NA,NA
800,"UGA","Uganda",27,27,27,27,27,29,30.2,29.8,29.1,28.1,26.1,23.4,20.9,18.4,15.9,14.5,13.9,13.8,13,12.6,11.5,11.7,13.1,14.7,18.3,20.1,21.1,24.5,24.5,24.5
804,"UKR","Ukraine",53.7,53.7,53.7,53.7,53.7,59.3,69.7,83.8,95.7,100,95.4,89.9,69.4,54.3,52.8,49,51.6,53.2,55.1,52.7,51.6,51.2,51.9,53.1,57,60.4,62.5,62.6,62.6,62.6
784,"ARE","United Arab Emirates",39.6,39.6,39.6,39.6,39.6,23,21.3,15.6,20.4,27.1,47.2,85.8,73.8,62,61.2,58.7,58.5,67.5,60.1,63.2,83.5,100,100,96.9,100,100,100,89.9,89.9,89.9
826,"GBR","United Kingdom",75.5,75.5,75.5,75.5,75.5,100,100,100,100,100,100,100,100,100,100,100,100,100,100,100,100,100,100,95.7,96.8,96.3,91.9,86.5,86.5,86.5
840,"USA","United States of America",100,100,100,100,100,100,100,100,100,88.5,74.5,61.3,50.9,47.5,49.2,50.8,60.1,84.5,100,100,100,100,100,100,100,100,100,100,100,100
858,"URY","Uruguay",45.4,45.4,45.4,45.4,45.4,55.1,67.7,77.1,74.9,65.1,57.6,51.9,48.5,28.9,13,0,0,0,0,2.7,8.9,16.7,27.5,32.2,40.1,44.1,48.2,53.3,53.3,53.3
860,"UZB","Uzbekistan",50.3,50.3,50.3,50.3,50.3,47.9,41.6,43.7,46.9,54.9,69.5,67.8,59.3,58.8,59.3,58.5,53.2,50.7,53.4,63.3,75.2,74.7,70.4,64.5,63.4,50.1,49.5,47.2,47.2,47.2
548,"VUT","Vanuatu",48.6,48.6,48.6,48.6,48.6,58.4,70.4,75.9,81.8,83.3,91.1,88.5,69.1,52.9,38.4,33.8,29.2,26.2,22.3,22.9,27.3,34.5,39.2,43.7,46.3,49.6,53.4,61.5,61.5,61.5
862,"VEN","Venezuela",80.6,80.6,80.6,80.6,80.6,93,89.6,89.5,83.9,71.2,54,42.6,19.8,15.4,18.1,16.7,24,25.8,43.3,39.8,48.7,58.9,61.1,64.7,66.7,55.5,58.2,57.2,57.2,57.2
704,"VNM","Viet Nam",30.5,30.5,30.5,30.5,30.5,25.9,21.4,19.7,18.4,20.7,27.7,32.4,30,27.2,24.5,23.8,25.6,30,35.4,36.1,39.1,42.6,45.7,44.5,41.7,42.1,45.2,51.6,51.6,51.6
876,"WLF","Wallis and Futuna Islands",42.7,42.7,42.7,42.7,42.7,42.7,42.7,42.7,22.5,6.8,0,0,0,11.9,19.6,41.3,41.3,41.3,41.3,41.3,41.3,41.3,41.3,41.3,41.3,41.3,41.3,41.3,41.3,41.3
732,"ESH","Western Sahara",28.7,28.7,28.7,28.7,28.7,25.9,21.2,16.2,10.6,5.9,0,0,0,0,0.3,8,18.9,31.2,43.9,43.9,43.9,43.9,43.9,43.9,43.9,43.9,43.9,43.9,43.9,43.9
887,"YEM","Yemen",0,0,0,0,0,40.5,65.7,99.6,100,100,90.6,58.1,32.7,0,0,9.2,37.4,33.8,10.6,0,34.3,57.8,63.7,67.5,66.5,70.6,76.5,70.1,70.1,70.1
894,"ZMB","Zambia",31.8,31.8,31.8,31.8,31.8,30.5,28.6,26.5,25.6,24.6,22.7,22.4,22.1,21.9,21.5,20.7,19.8,18.8,18.9,19.6,20.7,22.5,24.6,26.7,29.7,31.6,31.2,31.3,31.3,31.3
716,"ZWE","Zimbabwe",33.4,33.4,33.4,33.4,33.4,33.6,36.3,39.3,42,47,49.2,46.5,43.5,41.9,35.6,32.2,30.8,31.8,34,39.5,43.9,44.7,43.1,41.3,38.3,37.2,34.7,34.1,34.1,34.1
