"code","iso","country","GHI.ind.1995","GHI.ind.1996","GHI.ind.1997","GHI.ind.1998","GHI.ind.1999","GHI.ind.2000","GHI.ind.2001","GHI.ind.2002","GHI.ind.2003","GHI.ind.2004","GHI.ind.2005","GHI.ind.2006","GHI.ind.2007","GHI.ind.2008","GHI.ind.2009","GHI.ind.2010","GHI.ind.2011","GHI.ind.2012","GHI.ind.2013","GHI.ind.2014","GHI.ind.2015","GHI.ind.2016","GHI.ind.2017","GHI.ind.2018","GHI.ind.2019","GHI.ind.2020","GHI.ind.2021","GHI.ind.2022","GHI.ind.2023","GHI.ind.2024"
4,"AFG","Afghanistan",44.2,44.2,44.2,44.2,44.2,44.2,44.2,44.2,45.1,45.9,46.8,47.5,49.4,47,48.8,48.4,45.4,49.6,51.4,51.5,51.8,52.8,52.6,51.9,52.7,52,45.9,45.9,45.9,45.9
8,"ALB","Albania",49.1,52.5,52.7,54.2,52.6,53.7,55.1,54.4,54.1,55.9,56.9,59.2,60.7,61.7,62.7,62.4,61.8,63,62.2,60.8,63.9,64.7,64.1,65.9,66.9,66.3,68.7,69.7,69.7,69.7
12,"DZA","Algeria",38.6,38.8,41.4,40.2,42.6,43.6,45.4,46.7,46.8,48.4,47.1,47.6,48.3,48.4,48.5,48.8,48.8,48.1,48.4,47.9,47.8,48.3,48,47.6,47.4,47.3,46.5,47.4,47.4,47.4
20,"AND","Andorra",73.2,73.2,73.2,73.2,73.2,73.2,73.2,73.2,73.2,73.2,73.2,73.2,73.2,73.2,73.2,73.2,74.1,73.4,73,74,74.2,74.6,74.9,74.3,75.1,76.4,78,79.4,79.4,79.4
24,"AGO","Angola",25.4,26.5,27.7,26.8,27.8,29.6,30.9,33.6,33.1,34.5,38.4,43.3,46.1,48.4,48.4,47.3,48.3,49.8,50.6,52.3,51.5,51.4,51.8,53.2,53.1,53.3,53.9,55.5,55.5,55.5
660,"AIA","Anguilla",NA,NA,NA,NA,NA,NA,NA,NA,NA,NA,NA,NA,NA,NA,NA,NA,NA,NA,NA,NA,NA,NA,NA,NA,NA,NA,NA,NA,NA,NA
28,"ATG","Antigua and Barbuda",58.1,58.4,58.3,58.7,58.3,59.2,57.4,56,56.3,56.6,56.8,58.1,59.4,59.3,55.9,55.1,54.8,55.1,54.9,55.4,55.7,56.4,57,58.1,58.2,54.7,56.8,58.4,58.4,58.4
32,"ARG","Argentina",51,52,53.3,54.2,52.4,52.3,51.9,49.7,49.9,50,51.8,52.4,54.5,54.8,54.7,56.9,57.9,57.4,57.9,57.3,57.6,56.9,57.2,57,56.6,54.9,55.8,56.6,56.6,56.6
51,"ARM","Armenia",48.4,53.9,50.9,52.1,54.6,53.7,55.4,59.5,60.5,61.4,61.7,63.1,64.3,64.4,64.9,65.8,64.5,63.3,64.1,64.7,65.2,64.6,66.2,66.8,67.4,64.7,65.2,68.8,68.8,68.8
533,"ABW","Aruba",63.4,63.2,63.6,62.8,62.9,40.2,40.9,40.3,39.4,40.5,39.5,40.1,39.9,41.8,39.1,39.6,40.5,54.6,64.6,64.4,64.6,65.3,66.2,67.6,67.4,63.3,67.2,67.2,67.2,67.2
36,"AUS","Australia",35.7,36.8,37.3,37.4,36.8,36.8,36.2,37.4,41.1,39.8,42,41,41.9,43.8,43.8,45.2,42.1,42.9,46.9,47,47.2,48.9,47.7,48.4,49.9,51.7,52,52.4,52.4,52.4
40,"AUT","Austria",64.1,63.8,64.3,65.2,66.3,66.9,66.2,66.1,65,65.8,66,67.2,68.5,68.9,69.6,68.9,69.9,70.6,70.5,71.4,71.2,71.3,71.2,72.3,72.4,72.5,72.5,74.3,74.3,74.3
31,"AZE","Azerbaijan",16,17.7,20,21.1,24.3,26.3,29.3,31.6,32.7,33.7,38.2,44.8,50.2,50,54.4,56,55,54.1,54.9,55,54.9,54.3,54.5,54.6,53.1,52.4,52.1,52.9,52.9,52.9
44,"BHS","Bahamas",67.1,68,71.1,66.6,68.6,69.4,70.5,70.2,69.8,69.9,71.7,72.5,72.5,71.6,69.2,68.9,69.6,70.7,70.2,69.8,69.2,69.4,67.8,68.7,68.3,64.9,68.6,70.9,70.9,70.9
48,"BHR","Bahrain",26.3,25.9,27.7,27.7,27.5,28.1,31.1,32.4,33.9,34.9,35,37,34.1,33.2,34.4,35.2,35.9,36.4,34.6,35.4,35.3,36.5,37.2,37.8,35.8,34.6,34.7,35.9,35.9,35.9
50,"BGD","Bangladesh",49.6,50.5,51,52.2,52.2,52.8,52.9,53.2,53.9,54.6,55.3,55.7,56.9,57.1,57.5,57.7,58.5,59.4,60.3,60.9,61.3,62.4,62.9,64.1,63.9,65.2,65.8,66.8,66.8,66.8
52,"BRB","Barbados",51.9,52,50.4,50.8,49.8,49.7,50.4,50.8,50.8,50.7,51.2,52.6,52.8,50,49.6,50.7,49.5,50.9,50.4,51.9,52.5,53,53.7,53.4,53.2,55.7,55.8,57.7,57.7,57.7
112,"BLR","Belarus",21.3,21.9,24.9,27.5,29,31.6,33.1,34.6,35.9,37.5,39.5,41,43.5,44.8,45.3,46.5,44.8,44.8,44.7,45.2,45.4,45.1,45.3,45.4,45.8,46.3,46.4,45.7,45.7,45.7
56,"BEL","Belgium",54.8,54.5,56.3,55.7,57.2,57.8,58.3,58.5,58.6,59.3,60.2,61,62.2,62.3,63.7,63.2,64.9,65.5,65.6,66.9,66.7,67.2,67.7,68,68.6,69,69.3,71,71,71
84,"BLZ","Belize",51.6,54.1,51.7,52.6,54.7,56.1,55.5,55.2,55.5,60.4,59.5,58.7,57.9,58.1,55.4,55.5,53.9,57.4,56.8,57.8,55.1,55.2,55.2,55.3,54.2,52.3,54,56,56,56
204,"BEN","Benin",50.9,48.3,48.9,49.1,49.4,49.4,52.5,50.6,51.1,51.6,50.1,49.6,49.3,50.9,50.2,49.1,49.6,50.5,50.8,51.7,51,49.2,49.9,49.8,50.9,50.8,51.6,52.6,52.6,52.6
60,"BMU","Bermuda",76.6,77.1,77.9,78.6,79.3,80.5,81.1,80.2,80.6,80.3,80.6,79.7,78.6,80,83.4,79.7,83.5,85.1,80.2,76.2,79.7,77.5,77.7,76.2,78.7,81.4,82.3,82.5,82.5,82.5
64,"BTN","Bhutan",41.6,41.3,41.2,42.8,43.9,45,47.7,49.6,51.9,54.3,53.1,54.2,57.7,57.9,60.4,61.3,59.7,59.7,58.7,58.6,59.6,59.1,59.2,58.6,59.8,58.4,61.7,61.7,61.7,61.7
68,"BOL","Bolivia",35.2,35.9,34,36.9,36.7,39.4,40.1,37.9,38.1,37.7,37,38.5,39.2,40.3,40.9,39.2,40.3,40.3,41.2,41.8,42.6,42.7,43.5,44.5,44.6,44,43.7,44.4,44.4,44.4
70,"BIH","Bosnia and Herzegovina",37.1,50.6,44.8,42.9,44.5,42.2,43.8,43.4,44.2,43.4,43.9,43.4,44.5,43.8,42.7,42.5,40.2,41.5,42.5,44.2,46,43.7,44.1,44.9,47,46.1,49.2,50.3,50.3,50.3
72,"BWA","Botswana",34.6,34.6,37.5,38.2,41,41,36.1,37.1,53,52.4,50.2,48,52.5,39.2,51.4,34.5,31.6,46.1,50,53.8,55.7,57.3,51.6,55,60.3,55.3,45.9,47.2,47.2,47.2
76,"BRA","Brazil",52.6,53,52.9,52.2,51.9,52.4,52.1,52.1,51.7,51.9,52.5,53.4,54,54.8,55.4,55.2,55.7,55.3,55.4,54.7,54.3,54.1,54.2,55.1,55.2,54.6,54.4,55.2,55.2,55.2
92,"VGB","British Virgin Islands",NA,NA,NA,NA,NA,NA,NA,NA,NA,NA,NA,NA,NA,NA,NA,NA,NA,NA,NA,NA,NA,NA,NA,NA,NA,NA,NA,NA,NA,NA
96,"BRN","Brunei Darussalam",49.9,50.5,49.5,50.4,49.4,50.6,50.6,53.5,51.5,52.2,53,48.9,47.7,43.5,47.1,48,45.9,46.4,49.6,47.3,50.7,49.3,46.3,45.8,45.3,45.2,45,45.5,45.5,45.5
100,"BGR","Bulgaria",39.2,40.2,37.5,39.6,40.2,41.7,41.2,43.7,43.2,45.1,46.5,47.8,47.8,49.7,52,51.7,49.9,52.2,54.3,53.4,52.8,54.5,54.1,56.2,57.8,59.2,58.3,57.5,57.5,57.5
854,"BFA","Burkina Faso",23,24.4,24.9,26.3,27.9,26.6,28.9,29,26.6,26.8,28.1,29.6,29.8,30.3,30.3,31.2,32.4,33.4,33.9,34.5,34.4,34.7,35.4,36.3,36.9,36.9,37.7,37.5,37.5,37.5
108,"BDI","Burundi",46.1,43.8,42.9,44.4,44.7,43.7,44,44.9,44.3,44.2,43.7,43.8,43.7,43.9,44,43.1,42.7,43.4,41.7,42.7,41.6,39.6,37.3,36.8,38.3,37.8,37.4,37.5,37.5,37.5
132,"CPV","Cabo Verde",55.5,58.3,59.2,60.2,60,62.5,61.1,60.9,61.5,62.8,63.4,63.6,66.1,68.4,66.5,65.8,65.1,67.9,68.1,68.3,68.3,68.9,69.7,69.7,70.4,67.2,67.3,70.2,70.2,70.2
116,"KHM","Cambodia",18.1,19.2,20.1,20.9,22.6,26.3,27.9,29.2,29.5,32.2,33.8,34.9,36.5,37.6,36.4,37.4,38.2,40.2,42,43.1,43.5,43.4,43,43.6,42.9,41.7,41.9,43.2,43.2,43.2
120,"CMR","Cameroon",37.4,36.8,38.3,38.5,39.5,38.8,40.7,42.2,42.2,44.9,44.4,46.4,46.3,47.1,47,47.9,49.2,50.2,50.3,50.3,49.5,50,51.9,52.5,52.8,52.3,52.9,54.1,54.1,54.1
124,"CAN","Canada",44.1,43.8,44.4,45,45.8,46.3,47,47.4,47.3,48,49,49.7,49.2,50.1,50.8,51,51.3,51.6,52,52.5,52.6,53.3,53.7,53.9,54.3,55.2,55.8,56,56,56
136,"CYM","Cayman Islands",NA,NA,NA,NA,NA,NA,NA,NA,NA,NA,NA,NA,NA,NA,NA,NA,NA,NA,NA,NA,NA,NA,NA,NA,NA,NA,NA,NA,NA,NA
140,"CAF","Central African Republic",0,0,0,0,0,0,0,0,0,0,0,0,0,0,0,0,0,1.3,0,0,0,0,0,0,0,0,0,0,0,0
148,"TCD","Chad",0,0,0,0,0,0,0,0,0,3.9,6.7,6.2,5.6,5.9,5.9,7.8,6.5,7.3,7.7,8.3,6.8,3.4,1.6,0.7,0.6,0,0,0,0,0
152,"CHL","Chile",56.5,55.6,55,55.6,54.2,56,58,58.2,59.1,59.2,60,60.5,60.1,60.6,61.5,61.9,61.3,62,62.7,63.9,63.6,63.5,63.6,64.1,62.9,63.5,64.1,65.2,65.2,65.2
156,"CHN","China",19.3,20.9,23.4,26.2,26.9,28.5,30,30.4,29.3,29.8,29.8,30.7,32.6,33.5,34.7,35.2,35.2,36.5,37.9,39.5,41.5,43.4,44.5,45.3,46,46,47.1,47.6,47.6,47.6
170,"COL","Colombia",53,53.4,53,52.8,54,54,54,54.5,54.8,56.3,56.4,57.4,58.7,58.4,57.8,58,59.7,60.4,60.6,60.3,61.3,61.2,61.9,62.5,61.9,60.8,62.1,63.1,63.1,63.1
174,"COM","Comoros",57.6,56.9,57.3,56.6,56.4,59,58.6,58.6,58.2,57.7,58.1,57.1,60.1,59.6,59,58.3,59,58.8,58.5,59.2,58.6,58.2,57.3,57.3,57.1,55.3,54.8,55.2,55.2,55.2
184,"COK","Cook Islands",NA,NA,NA,NA,NA,NA,NA,NA,NA,NA,NA,NA,NA,NA,NA,NA,NA,NA,NA,NA,NA,NA,NA,NA,NA,NA,NA,NA,NA,NA
188,"CRI","Costa Rica",63.4,63.7,64.2,64.9,65.9,67.2,67.6,67.3,67.4,67.9,69,70.1,69.6,70.1,70.4,71.4,72,73,72.8,73.3,74.1,73.9,74.2,74.3,74.9,75.6,76.1,76.3,76.3,76.3
384,"CIV","Cote d'Ivoire",60.2,59.9,61.6,62.9,63.5,62.4,60.4,58.9,60.1,59.1,57.2,58.6,58.8,60,62.2,62.5,60.1,59.5,60,62.2,63.5,61.9,63.9,65.9,66.8,66.5,67.1,68,68,68
191,"HRV","Croatia",58.2,59,59,59.9,58.7,59.5,59.3,59.5,59.7,60.3,61.1,61.5,61.3,62.5,62.8,63,63.2,64.4,64.9,65.5,65.6,66.2,66.3,67.8,68.4,67.5,69.6,70.7,70.7,70.7
192,"CUB","Cuba",40.2,41.3,41.1,41.7,43.3,44,45.1,45.4,46.2,48,50.5,52.4,54.3,54.1,54.1,52.3,54.9,55.4,56.7,57.1,57.5,58.1,60.2,61.6,61.8,60.5,60.9,61.4,61.4,61.4
531,"CUW","Curacao",25.8,25.8,25.8,25.8,25.8,25.8,25.2,26.2,26.3,25.1,25.5,24.8,22.4,24,23.2,32.9,26.8,21.6,23,19.1,17.1,21.4,26.7,29.8,45.3,45.6,47.4,47.4,47.4,47.4
196,"CYP","Cyprus",56.8,55.9,56.2,56.6,56.8,57.4,58.4,58.6,58.1,58.7,59.3,59.8,60.1,60.3,60.4,60.9,61.7,62.3,62.7,61.4,62,62.2,63,64.5,65.5,65.5,66.4,67.2,67.2,67.2
203,"CZE","Czech Republic",43.4,43.9,44.5,45.4,47.4,46.4,47,48.1,48.3,49.2,51.2,52.5,53.4,54.8,55.1,55.1,55.8,56.2,57.1,58,58.9,59.1,60,61,62.5,63.1,62.9,63.1,63.1,63.1
180,"COD","Dem. Rep. Congo",31.9,34.5,33.5,32.8,33.2,31.1,29.6,26.9,26.5,27,28.4,29.1,31.7,32.3,33,33.7,35.6,34.8,35.1,36.4,37.9,38.2,37.9,39.8,40.2,40.1,40.9,42.7,42.7,42.7
208,"DNK","Denmark",57.7,54.8,58,59.6,60.9,62.9,62.6,62.9,61.6,63.8,65.3,64,65.5,66.4,66.2,66.5,68.3,69.8,69.4,71.1,72.3,72.2,73.5,74,75.5,76.2,76.6,77.3,77.3,77.3
262,"DJI","Djibouti",48.7,48.7,48.7,48.7,48.7,48.7,48.7,48.7,48.7,48.7,48.7,48.7,48.7,48.7,48.7,48.7,48.7,48.7,48.7,52.2,53.2,54.8,55.6,56.1,57.1,58,58,58.5,58.5,58.5
212,"DMA","Dominica",64,65.6,65.1,66.2,65.8,63.6,62.7,63.5,63,60.8,60.2,62,60.2,62.2,60.4,61.7,63,61.8,62.2,62.5,60.9,61.9,62.1,62.2,62.1,59.6,61.5,62.5,62.5,62.5
214,"DOM","Dominican Republic",53.2,53,54,54.9,56.6,56.8,56.8,56,55.5,58.3,59.8,60.6,60.9,61.2,61.4,62.4,62.5,63.1,64,64.9,65.1,65.6,66.6,66.7,66.5,67.1,69.1,69.9,69.9,69.9
218,"ECU","Ecuador",49.9,48.8,52.3,52,51.6,53.3,51.9,52.3,51.8,52.1,52.8,54.1,52.9,55.7,54.1,53.5,54.5,56,56.2,56,57.1,57.3,57.9,58.6,57.9,58.7,57.3,57.2,57.2,57.2
818,"EGY","Egypt",55,55.9,55.4,55.3,55.8,55.4,57.6,57.6,55.9,56.2,55.2,55.5,56.2,56.8,57.2,58.7,58,58.7,59.5,59.1,60.3,60,59.4,61.3,61.9,64.4,63.6,64.2,64.2,64.2
222,"SLV","El Salvador",61.8,62.1,60.6,61.2,61.6,62.6,61.7,61.4,61.1,61.4,61.5,61.5,61.7,63.1,63.1,63.8,64.8,65.1,67,66.9,66.4,67.3,69,69.1,68,67.6,68.1,68.3,68.3,68.3
226,"GNQ","Equatorial Guinea",0.4,0.5,14.7,14.9,18.5,19,29.2,39,39.6,38.8,43.3,43.2,46,49.2,52.8,48,50.2,50.4,48.6,49.3,47.6,46,45.3,49.3,52.2,49.5,49,52.3,52.3,52.3
232,"ERI","Eritrea",25.7,25.2,25.1,26.6,26,21.7,25.1,26.1,24.1,24,24.2,25.4,24.3,19.1,21.6,24.7,29.2,29.4,26.4,33.1,27,28.5,25.7,28.4,29.2,29.2,29.2,29.2,29.2,29.2
233,"EST","Estonia",27.5,27.8,31.5,34.5,35.6,38.5,39.4,41.6,41.1,42.5,45.1,48.1,45.9,46.7,47,42.2,44,45.4,43.8,45.2,48.7,48.3,48.1,50,57.1,61.4,61.4,61.6,61.6,61.6
748,"SWZ","Eswatini",44.3,47.2,45.1,46,45.6,47,48.7,48.9,50,50.6,51.8,53.8,53.9,54.7,55.6,57.8,59.2,58.9,57.6,62.4,62.3,61.3,62.3,62.3,62.7,63.1,64.2,64,64,64
231,"ETH","Ethiopia",15.2,17,17,14.1,15.5,17.9,18.7,16.3,16.1,18.8,20.7,22,22.5,24.2,25.5,27.5,30.2,31.2,32.9,34.2,36.1,37.4,39,40.3,40.6,40.8,42.7,43.3,43.3,43.3
234,"FRO","Faeroe Islands",NA,NA,NA,NA,NA,NA,NA,NA,NA,NA,NA,NA,NA,NA,NA,NA,NA,NA,NA,NA,NA,NA,NA,NA,NA,NA,NA,NA,NA,NA
238,"FLK","Falkland Islands",NA,NA,NA,NA,NA,NA,NA,NA,NA,NA,NA,NA,NA,NA,NA,NA,NA,NA,NA,NA,NA,NA,NA,NA,NA,NA,NA,NA,NA,NA
242,"FJI","Fiji",60.1,60.5,60.3,61,62.8,62,60,62.2,61.3,59.5,61.7,61.1,61.4,63.9,64.8,62.4,63.6,64.1,63.8,67.9,67.9,68.8,68.4,68.6,67.7,67.4,66.6,69.2,69.2,69.2
246,"FIN","Finland",48,47.5,49.3,51.7,52.3,54.1,53.1,53,51.4,52.6,56.6,54.2,56.7,58.9,58,56.4,59,59.7,59.6,60.8,62.3,62.8,64.2,64.2,65.5,66.7,67.7,69,69,69
250,"FRA","France",63.6,63.2,64,64.6,65.7,66.7,66.9,67.4,67.3,67.9,68.2,69,69.8,70.1,70.3,70.4,71.7,71.7,71.7,73.1,73.1,73.2,73.5,74.6,75.2,75.3,75.5,76.4,76.4,76.4
258,"PYF","French Polynesia",NA,NA,NA,NA,NA,NA,NA,NA,NA,NA,NA,NA,NA,NA,NA,NA,NA,NA,NA,NA,NA,NA,NA,NA,NA,NA,NA,NA,NA,NA
266,"GAB","Gabon",30.7,28.9,32.2,29.1,28.2,27.2,26.9,27.6,25.6,27.5,29.6,32.6,37.6,34.9,35.7,36.6,38.4,40.1,41.5,42.1,42.1,42.6,44.4,46.5,45.4,44.9,46.4,47.7,47.7,47.7
270,"GMB","Gambia",47.5,46.9,48.8,48.5,49.7,49.7,52.2,51.5,51.5,51.4,50.2,48.8,49.5,49.1,46.7,46.4,47.9,48.2,48,46.2,45,46.7,47.9,49.5,49.4,49.3,49.8,50.7,50.7,50.7
268,"GEO","Georgia",51.4,48,49.1,49,50.8,50.5,54.3,55.6,56.5,56.3,56.5,56.5,58.5,61.4,58.9,61,59.4,59.4,60.4,59.8,59.8,60,60.9,62.2,62.2,61,62.5,64.4,64.4,64.4
276,"DEU","Germany",57.5,57.3,58.3,59.3,60.4,60.9,61.1,61.5,61.4,62,62.6,63.2,64.4,64.6,64.9,64.8,66.1,66.1,65.7,66.9,67.2,67.6,68.4,69.3,70.6,71.4,71.2,71.9,71.9,71.9
288,"GHA","Ghana",55.3,54.9,54.7,54.5,56.3,55.9,57.9,58.3,58.3,59.9,59.6,58.7,59.5,60.4,63.1,62.6,62.2,62.7,63,63,62.2,63.3,64.2,63.8,63.6,61.7,62.5,62.9,62.9,62.9
300,"GRC","Greece",54.2,54.4,54.4,54.3,55.1,55,55.6,56.4,56.9,57.8,57.1,58.5,58.7,59.2,59.5,59.5,57.7,56.7,58.1,58.9,59.8,60.6,60,61.3,63.2,64.1,65.3,65.9,65.9,65.9
304,"GRL","Greenland",NA,NA,NA,NA,NA,NA,NA,NA,NA,NA,NA,NA,NA,NA,NA,NA,NA,NA,NA,NA,NA,NA,NA,NA,NA,NA,NA,NA,NA,NA
308,"GRD","Grenada",65.7,66.1,65.7,67.2,67,68.2,67.3,66.9,67.6,68.2,69.5,67.4,67.8,66.6,65,64,64.4,62.6,60.7,65.7,65.1,65.2,65.3,64.5,63.4,61.7,60.7,61.1,61.1,61.1
320,"GTM","Guatemala",60.9,62,61.5,61.1,61,60.7,60.5,60.2,60.8,60.5,59.9,60.9,61.6,63.1,62.1,62.5,62.9,63.1,62.7,62.7,61.9,61.5,61.7,61.5,61.7,62.1,62.4,63.2,63.2,63.2
831,"GGY","Guernsey",NA,NA,NA,NA,NA,NA,NA,NA,NA,NA,NA,NA,NA,NA,NA,NA,NA,NA,NA,NA,NA,NA,NA,NA,NA,NA,NA,NA,NA,NA
324,"GIN","Guinea",31.4,33,34.4,33.3,33.8,33.1,32.7,31.8,31.6,32,30.4,30.3,31.4,31.6,30.6,28.8,28.8,29,29.9,30.4,30.8,30.8,32.8,34.4,34.4,34.5,35.2,35.6,35.6,35.6
624,"GNB","Guinea-Bissau",35.6,38.8,40.8,32.8,30.9,32.5,29.9,28.9,28.3,29.4,30.7,29.4,30.1,31.8,31.2,31.4,33.4,31.3,32.4,32.6,32.9,34.5,35.5,35.2,36.1,35.4,36.5,37,37,37
328,"GUY","Guyana",40.4,41.7,41.8,41.9,41.7,43.8,44,45,42.6,43,45.6,47.9,47.3,47.3,46.9,47.4,48,48.7,48.8,48.1,47.5,48.5,48.9,49,48.6,55,58.6,67.9,67.9,67.9
332,"HTI","Haiti",54.9,55.1,54.1,54.6,54.9,53.4,53.2,52.6,53.3,52.8,52.9,52.9,53.5,53.7,54.4,52.3,52.8,52.5,52.6,53.1,53.3,52.8,53,53,52.7,53,52.7,52.2,52.2,52.2
336,"VAT","Holy See",NA,NA,NA,NA,NA,NA,NA,NA,NA,NA,NA,NA,NA,NA,NA,NA,NA,NA,NA,NA,NA,NA,NA,NA,NA,NA,NA,NA,NA,NA
340,"HND","Honduras",49.6,50.1,50.5,49.8,50.8,50.9,50.2,50.2,48.2,49.1,50.1,50.4,50.8,51.2,50.8,51.5,50.8,51.3,51.5,51.8,51.6,52.8,53.4,54.1,53.4,52.3,53.9,54.4,54.4,54.4
344,"HKG","Hong Kong",72.1,74,74,69,67.9,70.2,71.4,71,70.1,72.2,72.7,74.4,74.9,75.5,75.5,77,76.7,77.1,77.1,77.1,78.4,78.4,79.2,79.6,79.5,81.3,82.3,82.6,82.6,82.6
348,"HUN","Hungary",51.5,50.8,52,53.1,53.6,55.5,55.9,56.3,56.9,58.2,59.4,60.6,60.9,61.6,62.2,62.4,63.3,64.1,65.4,66.2,66,66.2,66.3,67.3,68.3,67.9,68.8,70.9,70.9,70.9
352,"ISL","Iceland",55.7,56.1,56.7,57.6,57.2,57.8,59.2,58.5,59,60,61.8,61.9,61.5,60.6,59.7,59.3,60.3,60.7,61.7,62.3,62.4,63.9,64.3,65.1,66,65.3,65.4,66.5,66.5,66.5
356,"IND","India",38.1,38.8,39.1,40.2,41.1,41.7,42.6,43.2,44.3,45.2,46.1,46.5,47,46.6,47.1,48.3,48.7,48.6,49.7,50.1,51.2,52.1,53,53.3,53.9,53.6,53.9,54.4,54.4,54.4
360,"IDN","Indonesia",53.9,53.6,53.4,51.9,50,51.5,50.8,52,51.8,52.5,53.5,54.3,54.1,55.9,55.4,55.2,53.9,54.5,56.5,57.3,57.3,58.3,58.3,58,57.7,58.4,58.9,57.3,57.3,57.3
364,"IRN","Iran",41.8,42.5,43.2,42.4,39.4,40.7,40.5,41.9,42.3,41.6,41.2,40.8,42.5,42.1,41.8,42.5,42.7,41.4,40.7,40.8,40.3,41.5,40.5,39.2,39.5,40.8,41.4,41.9,41.9,41.9
368,"IRQ","Iraq",24.6,28.8,30.1,35.6,38.2,41.1,39.1,37.8,26.1,33.9,34.5,37.8,44.9,40.7,38.8,38.2,38,39,40,39.9,39.8,39.1,37,36.9,37.3,37.7,37.4,37.3,37.3,37.3
372,"IRL","Ireland",47.7,48.8,50.6,51.8,53.4,54.2,54.7,56.6,57.2,58.9,59.7,60.8,62.2,61.4,61.9,62.7,64,63.7,64.1,65.8,69.4,68.9,70.7,72.8,74.2,75.8,77.1,78.6,78.6,78.6
833,"IMN","Isle of Man",NA,NA,NA,NA,NA,NA,NA,NA,NA,NA,NA,NA,NA,NA,NA,NA,NA,NA,NA,NA,NA,NA,NA,NA,NA,NA,NA,NA,NA,NA
376,"ISR","Israel",55.7,56,55.7,56,57.1,57.3,56.2,57.3,56.6,58.6,60.2,59.5,60.4,59.3,61,60.6,61.4,60.4,63.8,65.3,64.7,65.7,67.1,67.4,68.4,68.4,69.8,70.3,70.3,70.3
380,"ITA","Italy",64.7,65.2,65.4,65.3,65.4,66.1,66.7,66.5,66,66.3,66.5,67.2,67.7,67.9,68.8,68.7,69.4,69.5,70.6,71.4,71.1,71.4,71.9,72.2,72.7,72.6,72.3,72.9,72.9,72.9
388,"JAM","Jamaica",52.6,51.6,50.6,50.8,50.4,49.9,49.7,50.9,50.7,51.3,51.9,50.9,52.8,52.6,57.6,57.9,56.9,57.5,56.3,58.3,57.9,57.7,58.7,58.4,59.3,60.5,61,62.1,62.1,62.1
392,"JPN","Japan",60.1,60.5,60.9,61.3,60.9,61.4,61.8,61.4,61.6,62.1,62.4,63,62.8,63.7,63.7,63.7,62.9,62.6,62.8,63.7,64.6,65.1,65.7,66.5,67.1,67.3,67.3,67.7,67.7,67.7
832,"JEY","Jersey",NA,NA,NA,NA,NA,NA,NA,NA,NA,NA,NA,NA,NA,NA,NA,NA,NA,NA,NA,NA,NA,NA,NA,NA,NA,NA,NA,NA,NA,NA
400,"JOR","Jordan",52.8,52.4,52.7,53.1,53.6,53.5,53.9,53.9,53.9,53.8,53.6,55.1,55.8,57.6,58.1,59,58.8,57.2,57.5,56.6,57,57.7,57.4,58,58.3,60,59.2,59.3,59.3,59.3
398,"KAZ","Kazakhstan",19.6,22.1,24.2,24.6,29.6,27.9,31.6,30.3,30.7,31.4,32.1,32.3,34,34.3,34.9,34.2,36.9,37.4,38.2,37.7,38.1,38.4,37.5,37.8,41,42,43.1,42.6,42.6,42.6
404,"KEN","Kenya",50,50.5,51,50.5,49.9,50.9,52,52.1,52.4,52,53.1,54.2,49.2,48.8,49.3,50.9,51.2,52.4,53,53.5,53.6,53,54.7,55.1,54.1,51.6,54.1,54.6,54.6,54.6
296,"KIR","Kiribati",60.2,60.3,60.5,61.7,61.2,59.2,58.7,59,58.1,57.7,56.2,56,56.2,55.6,55.7,52.2,53.5,55.4,56.1,53.8,56.6,56.3,53.5,54.6,54,53.6,54.4,54.8,54.8,54.8
689,"XKX","Kosovo",45.4,45.4,45.4,45.4,45.4,45.4,45.4,45.4,45.4,45.4,45.4,45.4,45.4,45.4,44.2,44.7,46.3,48.1,48.9,52.3,50.1,50,53.2,53.9,54,52.6,55.9,56.8,56.8,56.8
414,"KWT","Kuwait",38.2,39.4,37.8,40.7,40,40,39.1,39.3,41,42.4,42.2,43.5,45,44.3,42,41,43.2,41.8,45.2,46.9,43.3,41.1,40.9,40.8,39.9,39.3,38.5,38.9,38.9,38.9
417,"KGZ","Kyrgyzstan",36,35.5,38.3,37.9,41.6,42.8,45.7,43.1,43.4,44.1,44.4,45.6,45.1,44.8,46.2,46.4,45.2,41.1,43.3,42.7,43.6,45.2,46.4,44.4,48.1,46.7,46.6,47.8,47.8,47.8
418,"LAO","Laos",39.3,40.5,41.3,43.3,45.2,44.8,45.2,45.8,46.6,47,48.7,49.6,50.2,50.9,50.8,51,53.1,53.1,53.5,54.6,49.9,44.1,43.3,44.3,46,45.5,43.5,44.1,44.1,44.1
428,"LVA","Latvia",46.8,47.3,50.5,52.7,54.7,57.6,58,59.4,60.5,62.1,63.8,65,66.1,66.3,64.4,61.7,63.3,64.9,65.5,66.1,66.6,67.2,67.8,67.8,68.5,69.1,69.5,70.9,70.9,70.9
422,"LBN","Lebanon",59.7,61.1,58.2,57.5,57.1,58.4,57.9,58.6,56.7,59.2,60.1,62.3,65.2,63.2,61.9,64.2,63.9,62.6,63.3,62.3,61,60.7,59.8,60.4,58.9,55.8,53.1,53.1,53.1,53.1
426,"LSO","Lesotho",25.6,27,27.2,28.7,25.1,26.3,27.2,28.5,29.1,29.6,29.2,30.4,30.9,32.5,31.5,32.6,29.6,31,35.8,35.6,37.7,38.9,35.8,37,37.4,38.8,36,32.8,32.8,32.8
430,"LBR","Liberia",54.1,54.1,54.1,54.1,54.1,54.1,54.1,54.2,44.8,44,43.5,43.7,46,47.6,46.5,46.4,47.1,47.3,49.5,49,50,49.7,47.5,50.1,44.9,45.3,45.6,46.5,46.5,46.5
434,"LBY","Libya",43.7,43.7,43.7,43.7,43.7,43.1,43.4,43.6,44.4,45.2,46.1,48.9,51.7,51,50.7,49.4,40.1,50.2,50.8,41.6,43.8,44.3,48.3,48.9,41.2,42.9,40.5,39.7,39.7,39.7
438,"LIE","Liechtenstein",NA,NA,NA,NA,NA,NA,NA,NA,NA,NA,NA,NA,NA,NA,NA,NA,NA,NA,NA,NA,NA,NA,NA,NA,NA,NA,NA,NA,NA,NA
440,"LTU","Lithuania",44.1,44.5,46.8,47.7,50.2,52.7,53.5,54.5,56.7,57.3,58.2,59.5,60,61.3,60.2,59.6,60.2,60.8,62.7,63.5,63.5,64.1,64.8,65.8,66.5,66.8,67.8,69.6,69.6,69.6
442,"LUX","Luxembourg",60.4,60.6,63.1,66.4,66.8,67.1,66.7,65.8,65.5,64,64.1,65.6,68,68.2,68.4,68.2,68.5,69.3,70.7,72,73.2,74.4,74.4,74.1,74.2,76.9,77.1,78.9,78.9,78.9
446,"MAC","Macao",86.9,85.5,84.9,83.8,83.8,83.6,83.6,85.7,86.8,88.1,88.3,90.4,92.5,93.8,90.6,94.6,95.3,96.1,96.8,95.9,93.4,93.3,93.4,95.7,95.7,92.3,93.2,91.2,91.2,91.2
450,"MDG","Madagascar",24.4,24.7,25.5,25.6,26.9,28.2,30.8,29.3,29.2,31.4,29.4,31.5,31.5,33.8,32.1,32,32.2,32,33.1,33,33.7,33.7,34.6,36.3,36,33.9,35.4,36.5,36.5,36.5
454,"MWI","Malawi",47.4,48.2,49.1,49,49.5,48.9,48.5,47.2,47.3,48.4,48.6,48.8,49.5,49.6,51,50.9,51.2,50.9,51.2,51.3,51,50.9,50.7,48.6,48,45.8,45.8,44.9,44.9,44.9
458,"MYS","Malaysia",49.4,50.9,50.5,50.5,52.7,51.4,50.5,51.2,49.5,48.8,49.8,50.9,51.8,51,51,52.1,52.9,53.3,51.9,52.9,54.6,55.4,56.3,56.1,56.6,55.4,55.3,56.3,56.3,56.3
462,"MDV","Maldives",78.2,77.4,76.9,79,75.6,74.9,73.9,71.2,75.6,72.4,71.5,72.1,72.6,72.9,70.7,70.9,71.4,69.8,71.2,69.3,70.4,69.6,69.9,69,68.2,63.1,69.2,71.4,71.4,71.4
466,"MLI","Mali",25.4,25.7,26.5,26.8,26.5,25.7,29.8,29.8,31.3,29.2,30,31,30.8,30.6,32,31.8,32,31,30.6,31.5,32,30.7,31.4,31.8,31.6,30,30,30,30,30
470,"MLT","Malta",57.2,57.4,58.3,59.7,60.2,64.7,62.4,62.9,62.2,62.9,64.7,64.7,65.1,66,66.7,67.1,67.1,67.4,70.4,71.8,77.9,80.6,80.7,81.5,81.7,80.8,82.3,82.8,82.8,82.8
584,"MHL","Marshall Islands",51.8,49.1,47.6,46.5,47.1,44.4,45.1,44.5,44.8,42.8,43.9,42.5,42.5,39.7,39.7,40.2,39.7,39.9,40.1,39.2,39.6,40,40.2,41.2,43.6,43.1,42.3,42.9,42.9,42.9
478,"MRT","Mauritania",41.6,41.1,39,38.4,37.7,35.4,34.7,34.8,35.9,36.9,38.3,41,40.5,41.8,40.2,39.8,40.4,40.4,41.4,41.2,41.1,41.9,41.9,42.3,42.8,41.9,41.5,42.5,42.5,42.5
480,"MUS","Mauritius",65.7,66,66.7,66.5,65.3,65.1,64.7,65.1,65.5,66.2,65.8,63.2,63.9,64.4,65.1,65,65.6,65.8,66,66,66.6,66.7,66.5,67.4,67.6,66.6,66.1,67,67,67
484,"MEX","Mexico",55.5,56.3,56.4,56.5,57,57.7,57,56.8,56,56.7,56.2,56.6,56.9,56.9,55.9,57.1,56.9,57.3,57.7,58.6,59.4,59.9,60.7,61,60.9,59.7,59.8,59.1,59.1,59.1
583,"FSM","Micronesia",43.8,42.6,40,39.9,41.4,43.6,45.7,47.4,46.6,47.9,51.5,52,49.1,51.4,46.8,52.8,51.1,49.7,47.3,46.6,46.8,46.8,47.6,47.6,47.3,46.7,45.1,45,45,45
498,"MDA","Moldova",33.2,31.5,41.3,42.7,47.1,51.7,52.3,53,53.2,54.4,55.5,56.4,57.3,58.8,59.7,59.5,60.1,60.7,61.9,63.1,63.1,63.4,63.2,63.3,64.4,63.4,65,64.4,64.4,64.4
492,"MCO","Monaco",NA,NA,NA,NA,NA,NA,NA,NA,NA,NA,NA,NA,NA,NA,NA,NA,NA,NA,NA,NA,NA,NA,NA,NA,NA,NA,NA,NA,NA,NA
496,"MNG","Mongolia",4.7,4.9,5.3,5.8,6.2,6.2,9,12.5,14.5,17.1,16,15.9,14.2,16.2,13.3,13.6,11.1,8,7.6,13.7,17,13.8,10.6,8.9,9.1,11.7,12.8,13.9,13.9,13.9
499,"MNE","Montenegro",55.3,55.3,55.3,55.9,58.9,57.2,56.2,56,56.1,55.6,59.4,58.7,59.6,58.4,63.6,58.9,59.8,60.4,61.6,62.4,61.7,63.6,63.8,63,63.4,60.4,63.7,64.9,64.9,64.9
504,"MAR","Morocco",51.3,53.2,52.4,53.4,53,52.9,53.1,53.5,54.9,53.6,53.4,54.3,54.3,54.8,55.7,55.3,56.1,56.2,56.8,57.1,57.5,57.8,57.8,58.1,57.2,56.4,56.1,57.1,57.1,57.1
508,"MOZ","Mozambique",3.5,6.4,11.1,10.5,14.4,15.6,16.6,16.4,17.4,19.5,19.1,22.5,23.3,24.3,27.9,27.6,26.8,26.8,26.9,25.3,28.5,28.9,29.5,27.6,29.9,30.9,29.9,29.8,29.8,29.8
104,"MMR","Myanmar",9.6,11.3,13.3,13.9,14.1,16.2,19.5,22,24.1,25.7,28.4,30.2,32.6,35.8,37.9,39.2,40.8,43,44.3,44.8,43.9,46,45.8,49.6,51.1,51.5,47.1,47.6,47.6,47.6
516,"NAM","Namibia",34.7,35.8,37.3,36.3,37.4,36.2,37,40.9,40.4,41.8,40.2,39.1,42.1,45.6,39.5,42.3,35.4,34.1,48.7,49.6,50.4,48.9,48.2,49.9,51.4,43.9,44,44.4,44.4,44.4
520,"NRU","Nauru",26.7,26.7,26.7,26.7,26.7,26.7,26.7,26.7,26.7,26.7,26,32.2,30.2,42.7,43.1,40.7,44.9,49.4,48.7,50.3,47.4,50.7,47.6,49.4,51.2,53.6,53.4,54.1,54.1,54.1
524,"NPL","Nepal",41.1,42,42.7,43.4,43.5,44.8,45.6,46,46.5,47.4,47.6,48.4,49,49.2,49.2,49.6,49.7,50.4,50.4,50.7,52.1,50.2,50.7,51,52.9,51.6,52.2,53.5,53.5,53.5
528,"NLD","Netherlands",54.6,54.7,56,56.9,58.5,59,59.5,60.3,60.5,60.4,61.2,62.5,63.5,64.1,64.4,63.5,65.5,65,64.8,65.7,65.8,66.3,66.4,66.8,68.5,69.2,69.5,71.6,71.6,71.6
540,"NCL","New Caledonia",NA,NA,NA,NA,NA,NA,NA,NA,NA,NA,NA,NA,NA,NA,NA,NA,NA,NA,NA,NA,NA,NA,NA,NA,NA,NA,NA,NA,NA,NA
554,"NZL","New Zealand",40.6,41.3,41.1,42.2,42.6,43.4,43.4,44.2,44.7,45.7,46,46.6,47.5,47.3,48.1,48.3,48.9,48.8,49.8,50.5,51.4,52.7,53.1,53.9,54.3,55,56.1,57.2,57.2,57.2
558,"NIC","Nicaragua",42.5,44.2,43.4,43.9,42.9,43.1,43.4,42.9,42.1,43.8,44.1,44.7,45.6,46.6,45.5,46.1,45.7,46.9,47.4,47.5,47.2,48.1,49.1,48.2,46.9,46.5,48,48.5,48.5,48.5
562,"NER","Niger",20.9,19.7,19,20.3,19.2,18.4,19.1,19.4,18.8,17.8,18.7,19.3,18.9,19.7,19,21.3,20.9,21.7,21.6,22,22.2,22.5,22.6,23.5,23.5,23,22.3,24.2,24.2,24.2
566,"NGA","Nigeria",28.6,25.9,28.2,30.5,31.5,30.1,31.4,38.2,37.5,40.2,41.5,44.6,47.4,48.9,52,50.6,50.2,51.7,53.2,53.9,55.3,54.7,54.7,55.3,54,54.8,55.5,56.4,56.4,56.4
570,"NIU","Niue",NA,NA,NA,NA,NA,NA,NA,NA,NA,NA,NA,NA,NA,NA,NA,NA,NA,NA,NA,NA,NA,NA,NA,NA,NA,NA,NA,NA,NA,NA
408,"PRK","North Korea",NA,NA,NA,NA,NA,NA,NA,NA,NA,NA,NA,NA,NA,NA,NA,NA,NA,NA,NA,NA,NA,NA,NA,NA,NA,NA,NA,NA,NA,NA
807,"MKD","North Macedonia",45,42.1,44.8,43.4,46.5,48.3,48.2,49.7,48.6,49.5,49.8,51.4,51.9,53.2,54.7,55.1,54.1,54.9,57.6,58.9,60.6,61.3,60.3,62,60.9,61,60.8,61.4,61.4,61.4
578,"NOR","Norway",60.8,60.4,61.3,62,62.2,62.7,62.6,63.1,62.6,63.3,64.4,64.9,65,65.3,65.8,65.3,66.1,66.6,66.8,67.1,67.1,67.6,68.2,68.4,69.4,69.4,70,70.6,70.6,70.6
512,"OMN","Oman",48.5,48.9,48.8,50.8,48,47.3,47.7,45,39.8,42.6,42.2,40.7,40.6,41.8,44.2,42.3,40.9,41.1,41.2,41.4,41.9,43.2,42.5,43.2,44.4,42.1,41.2,41.4,41.4,41.4
586,"PAK","Pakistan",48.9,48.5,48.4,48.3,48.5,48.7,49.2,48.7,49.1,49.4,50,50,50.1,50.2,50.2,50.7,50.9,51.5,52.2,52.6,52.8,52.1,51.6,53,53.1,52.7,52.7,54.9,54.9,54.9
585,"PLW","Palau",27.9,27.9,27.9,27.9,27.9,27.9,28.7,33.8,31.9,32.9,31.1,30.7,30.8,33,29.8,30.1,30.8,29,32.5,34.9,37.9,37.3,35.6,36.2,35.5,33.7,29.1,29.1,29.1,29.1
591,"PAN","Panama",66.6,65.4,66.6,65.1,66.4,66.9,63.9,66.2,66.4,68.5,67.4,68,70.5,71.9,70.4,70.6,71.3,73,73.3,74,75,76.1,76.2,77,75.1,74.5,75.5,76.9,76.9,76.9
598,"PNG","Papua New Guinea",59,60,57.1,47.1,56.2,52.3,52.2,50,49.8,47.8,47,47,47.4,48,53,57.2,56.2,57.5,57.3,55,54.9,55.5,56.8,55.2,56,56.4,56,57.3,57.3,57.3
600,"PRY","Paraguay",43.8,45.1,45.6,45.2,44.7,45.7,43.7,44.3,43.4,45.9,45.6,46,45.3,47.4,46.3,47.2,47.6,46.7,47.9,47.9,48.6,49,48.9,50.4,49.9,49.1,49.6,49.7,49.7,49.7
604,"PER","Peru",55.9,56.4,56.6,55.8,55.2,55.9,57.2,58.1,59,58.8,59,61.2,60.7,62.5,61.3,61.8,62.6,63.1,64.7,63.7,64.3,64.2,64.3,64.9,64.8,64.9,65.3,64.7,64.7,64.7
608,"PHL","Philippines",51.8,52.3,52,53.2,52.6,52.7,53.5,54.2,55,55.7,56.7,58.6,59.1,58.9,59,59.7,60.3,61,61.4,62,62.2,62.5,62.3,62.9,63.9,62.7,62.9,63.6,63.6,63.6
616,"POL","Poland",32.5,33.3,35.4,38.7,40.6,42.7,43.4,44.4,44.6,45.6,46.4,47,48.7,50.2,51.9,51.4,52.6,53.2,53.7,55.4,56.3,56.5,56.8,58.3,60.3,60.9,60.7,62.1,62.1,62.1
620,"PRT","Portugal",62.8,64.1,64.1,63.6,62.4,63.6,64.3,63.4,64.4,64.2,63.8,65.2,66.3,67,67.2,68.7,68.7,68.4,68.8,69,68,68.8,68,69.6,71.1,71.2,72.7,73.2,73.2,73.2
634,"QAT","Qatar",22.8,22.8,22.8,22.8,22.8,22.8,23,24.9,24,27.9,30.1,31.9,34.9,37.3,38.6,39.6,39.5,38.1,40.6,40.7,41.7,42.8,40.7,41.6,40.9,39.9,39.5,41.3,41.3,41.3
178,"COG","Republic of Congo",28.9,26.4,23.6,22.6,21.5,22,24,34.2,30.7,29.4,26.2,26.1,28.1,30.1,30.7,30.6,32,35,35.3,37.2,36.3,33.4,30.5,25.5,24.4,24.1,24.9,24.6,24.6,24.6
642,"ROU","Romania",45.3,45.7,46.2,48.2,51.1,50.9,51.2,52.4,52.2,54.2,55.6,56.9,57.6,59.8,62,61.4,61.4,62.2,64.2,64.9,65.7,66.4,67.3,68.3,69.6,69.6,70,71.4,71.4,71.4
643,"RUS","Russia",30.5,30.2,32.2,31.1,32.5,35,35.8,37,38.4,40,41.2,42.4,44.3,45.1,44.7,44.5,44.8,45.5,46.5,46.7,46.2,46.1,46,46,46.4,46.6,46.9,47.1,47.1,47.1
646,"RWA","Rwanda",28,29.9,30.5,39.9,39.2,42.7,43.6,46,45.3,46.2,48.1,49,49.6,51.2,51.9,52.4,54.3,55.4,55.8,56.8,56.6,57.9,58.2,59.2,60.2,59.3,60.6,62.1,62.1,62.1
652,"BLM","Saint Barthelemy",NA,NA,NA,NA,NA,NA,NA,NA,NA,NA,NA,NA,NA,NA,NA,NA,NA,NA,NA,NA,NA,NA,NA,NA,NA,NA,NA,NA,NA,NA
659,"KNA","Saint Kitts and Nevis",64.5,65.1,65,64.2,63.7,64.4,65.1,63.8,62.9,62.5,65.5,66,64.9,66.8,65.6,65.8,65.4,66.6,67.5,68.4,68.2,68.7,68.6,68.7,68.9,67.4,67.7,69.2,69.2,69.2
662,"LCA","Saint Lucia",68.4,67.8,67.3,66.5,66.1,65.4,64.5,64.6,64.7,65.2,65.7,66.1,65.9,66.9,66.4,64.3,65,64.7,64.4,64.6,64.6,65.4,65.4,65.4,65.3,60,62.8,65.5,65.5,65.5
670,"VCT","Saint Vincent and the Grenadines",67.1,66.9,67.5,65.4,65.6,67.6,65.1,66,66.5,65.6,66.1,67.6,66.9,67.9,63.8,66.7,66.7,65.9,67.3,65.4,67.1,67.4,69.5,68.4,69.4,67.5,68.1,68.9,68.9,68.9
882,"WSM","Samoa",50.7,51.4,51.5,50.5,51.4,51.9,51.8,52.5,53.6,53.7,54.9,55.2,55.3,57.2,56.1,55.8,55.7,54.7,54.1,53.8,52.7,55,55.5,56.3,57,56.8,53.9,53.1,53.1,53.1
674,"SMR","San Marino",NA,NA,NA,NA,NA,NA,NA,NA,NA,NA,NA,NA,NA,NA,NA,NA,NA,NA,NA,NA,NA,NA,NA,NA,NA,NA,NA,NA,NA,NA
678,"STP","Sao Tome and Principe",61.4,61.4,61.4,61.4,61.4,61.4,61.4,60.2,60.3,59.6,60.2,60.8,61.3,62.4,61.6,61.5,62.6,61.9,62.4,61.5,61.2,60.4,61.8,62.2,62.1,62.8,62.3,63.4,63.4,63.4
682,"SAU","Saudi Arabia",53.5,54.2,57.1,58.4,56.4,52.4,52,49.5,51.3,49.5,50.3,49.2,51.5,50.7,49,48.1,51,49.8,51.2,49.7,48.7,48.5,48.8,49.1,48.6,50.2,50.4,51.1,51.1,51.1
686,"SEN","Senegal",40.7,39.5,41.2,42.6,42.3,41.7,43.5,43.9,45.3,44.4,44.4,45.5,46.1,46.3,45.8,44.2,43.1,45,44.7,45.5,46,46.2,47.1,48.1,47.5,48.5,49.5,49.9,49.9,49.9
688,"SRB","Serbia",34.5,33.1,33.2,33.1,38.1,35.5,35.6,35.9,35.9,36.2,41,38.9,40.6,45.2,46.7,47.2,46.3,48,48.4,51.6,49.1,49.2,49.6,51.3,52.2,51.2,53.8,54.5,54.5,54.5
690,"SYC","Seychelles",68.4,67.7,67.3,67,66.5,66.4,64.5,64.6,63.7,61.4,62.7,64.3,65.3,64.3,62.7,63.5,66.8,66.6,67.3,66.2,65.5,64.6,64.4,64.4,65.6,63.3,62.8,64.6,64.6,64.6
694,"SLE","Sierra Leone",38.7,41.4,39.7,40.4,40.7,41.8,37.8,40.6,39.9,39.6,39.7,36,41.3,43.2,42.8,44,43.4,43.6,47.6,47.5,42.5,43.3,44.5,43.5,47.8,46.9,45.1,45.7,45.7,45.7
702,"SGP","Singapore",63.3,61.4,59.3,60.1,61.5,63.4,62.5,66.4,66,68.5,71.4,72.5,78.4,73.3,73.7,76.1,79.9,75.8,75.2,76.4,74.4,80.2,80.6,78.4,82.4,76.5,77.4,78.4,78.4,78.4
534,"SXM","Sint Maarten",51.9,51.9,51.9,51.9,51.9,51.9,51.9,51.9,51.9,51.9,51.9,51.9,51.9,51.9,51.9,60.9,56.6,52.5,52.2,52.2,51.7,51.8,51.6,50.7,52.6,49.7,52.2,54.1,54.1,54.1
703,"SVK","Slovakia",39.7,41.2,42.7,43.9,44.4,45.7,45.3,47.1,48.1,49,50.6,52.4,55.5,56.5,57.1,58.1,58.8,60.2,60.4,62.1,62.5,62.8,62.8,63.6,65.1,65.7,64.7,65.5,65.5,65.5
705,"SVN","Slovenia",50.6,50.7,51.1,52.3,54.4,55.5,54.9,55.1,56.3,56.6,57.1,58.1,59.5,59.7,60.4,60.6,60.8,61,61.6,64.1,64.4,63.9,64.7,65.9,67.1,67.6,69,70.5,70.5,70.5
90,"SLB","Solomon Islands",60.2,59.8,59.1,58.6,58.3,54.3,51.8,50.3,50.9,51.2,52.2,52.5,52.5,53.3,53.3,54.6,55.4,55.5,55.3,57.1,58.7,59.8,60.4,60.3,60.6,59.8,59,58.1,58.1,58.1
706,"SOM","Somalia",6.4,6.4,6.4,6.4,6.4,6.4,6.4,6.4,6.4,6.4,6.4,6.4,6.4,6.4,6.4,6.4,6.4,6.4,6.4,8.2,11.8,13.8,14.2,15.9,17.4,17.7,18.8,19.9,19.9,19.9
710,"ZAF","South Africa",31.3,32.1,31.3,31.8,32.6,33.4,34.4,36,34.2,33.1,35.9,35.9,36.3,35.7,36,37.4,38.1,38.9,39.5,39.3,40.7,40.5,41.4,41.9,40.6,40.4,41.9,43.4,43.4,43.4
410,"KOR","South Korea",48,47.8,47.7,50.2,50.7,51.3,51.9,52.7,53.2,54,54.6,55.5,56,56.3,56.3,55.6,55.4,55.8,56.2,57.1,57.6,58.1,58.2,58.3,59.5,60.8,61,62,62,62
728,"SSD","South Sudan",0,0,0,0,0,0,0,0,0,0,0,0,0,0,0,0,0,0,0,0,0,0,0,0,0,0,0,0,0,0
724,"ESP","Spain",61.9,63,62.9,63,62.5,62.8,63.5,62.9,63.2,63,63,64.1,64.3,66.1,67.3,68,67.9,67.7,69,69.1,69.1,70.3,70.1,70.9,72.3,72.4,72.3,72.5,72.5,72.5
144,"LKA","Sri Lanka",67.9,68.1,68.7,70.1,69.7,69.4,69.2,69.1,70,70.3,70.9,72.3,73.4,73.7,74,74.8,75.1,76,77.3,77,76.2,75.8,77.3,78.5,77.9,76.9,77.8,77.9,77.9,77.9
275,"PSE","State of Palestine",81.3,80.2,84.4,79.2,81.2,77.1,78.8,79.1,79.5,74.1,72.1,75.2,75.4,78.5,79.5,80.6,80.5,81.6,80.9,78.6,78.3,78.5,78.6,80.2,78.9,76.8,77.4,77.7,77.7,77.7
729,"SDN","Sudan",41,41.4,44.4,44.8,44.5,44.8,45.8,46,46.6,46.9,47.8,49,49.5,50.1,49,49.9,49.6,44.1,43.8,44.8,44.1,44.8,44.8,43.7,43,42,41.2,41.3,41.3,41.3
740,"SUR","Suriname",45.7,45.7,47.5,48,47.9,48.4,47.9,56.2,57,58.4,59.6,59.2,60.3,59.2,58.8,57.4,56.2,58.4,55.4,54.9,56.9,54.4,57.6,61.2,57.7,52.1,47.7,48.6,48.6,48.6
752,"SWE","Sweden",63.2,62.6,64.2,65.2,66.7,67.8,67.9,68,68.3,69.1,69.6,69.9,70.8,71.7,72.1,71.7,73.2,74,74.6,75.6,76.3,76.6,77.2,77.8,78.5,79.1,79.5,80.1,80.1,80.1
756,"CHE","Switzerland",75.4,75.3,76,76,76.4,77.2,77,77.5,77.2,77.4,77.6,78.3,79.5,79.4,79.5,79.6,80.9,80.7,80.7,82,82.4,82.5,83,83.7,83.9,84.3,84.4,84.7,84.7,84.7
760,"SYR","Syria",NA,NA,NA,NA,NA,NA,NA,NA,NA,NA,NA,NA,NA,NA,NA,NA,NA,NA,NA,NA,NA,NA,NA,NA,NA,NA,NA,NA,NA,NA
158,"TWN","Taiwan",54.6,54.9,54.6,54.4,55.1,54.7,53.9,50.6,50.7,51.3,52.9,54.7,55.6,57,58,59.6,59.9,60.7,61.1,61.9,62.3,62.5,62.8,63.4,64.7,65.5,65.5,66.9,66.9,66.9
762,"TJK","Tajikistan",26.3,22.6,25.2,25.9,26.5,27.6,31.2,32.8,37.3,34.4,37.4,37.6,36.4,41.6,43.9,45.6,48.2,47.6,49.5,47.4,46.9,47.5,47,46.9,46.9,47.1,48.5,50,50,50
834,"TZA","Tanzania",26,28.1,28.8,27.7,28.2,30.1,30.9,30.4,29.9,32,32.1,34.5,35.2,35.8,36.6,36.8,37.6,37.7,38.1,39.5,39.9,41.3,42.7,43.4,43.6,43.5,44,44.9,44.9,44.9
764,"THA","Thailand",52.9,52.4,50.9,51.1,51.1,52.1,52.2,52.4,53,53,53.1,54,54.1,54.4,53.6,54.1,54.2,54.7,55.2,55.2,55.9,56,56.9,57.6,58.4,57.4,57.6,57.9,57.9,57.9
626,"TLS","Timor-Leste",49.4,49.4,49.4,49.4,49.4,49.4,50.7,46.1,45.6,38.4,36.2,20,20.2,20.2,25.6,28.8,27.8,27.3,29.3,35.6,35.9,38.9,39,39.1,44.4,53.5,54.9,51.4,51.4,51.4
768,"TGO","Togo",42.7,43,46.2,41.6,40.4,41.3,43.3,42.1,41,41.4,36.8,39.4,39.8,39.7,36.1,37.8,37.9,40.7,42.5,45.1,43.9,43.7,45.3,45.1,45.3,44.5,45.8,46.6,46.6,46.6
776,"TON","Tonga",49.7,52,50,51.7,50.1,51.6,53.2,52.8,51.8,51.9,51.5,50.1,51.6,51.9,49.7,51.2,54.1,53.8,53.2,53.6,53.4,54.1,53.9,53.9,52,50.5,49.2,49.2,49.2,49.2
780,"TTO","Trinidad and Tobago",23.9,21,22.4,22.4,21.5,20.6,19.5,19.4,18.9,20,18.1,18.1,17.9,19.4,18,17.6,17.8,19.9,21.1,21.5,22.1,23.5,21.9,21.3,21,22.4,22.7,23.7,23.7,23.7
788,"TUN","Tunisia",52.3,52.8,53.5,53.6,53.8,54,54.1,54.3,55,55.4,55.6,56.1,56.6,56.6,57.1,56.5,57.1,56.9,57.7,57.6,57,57.7,57.9,58.4,59.2,58.2,55.5,55.9,55.9,55.9
792,"TUR","Turkiye",60,59.7,60,60.3,59.7,59.4,59.4,60.5,60.5,62.1,62.6,62.6,61.8,62.1,60.5,62,62.8,62.2,64,64.1,64.4,64.1,64.6,65.3,66.1,65.8,66.5,67.9,67.9,67.9
795,"TKM","Turkmenistan",0.9,3.5,4.6,4.3,2.2,0.5,3.5,3.9,0,0,0.5,2.3,5.1,5.3,12.4,12.2,12.3,14.2,16.3,19,19.9,22,23.9,25.4,26.4,25.2,25.2,25.2,25.2,25.2
796,"TCA","Turks and Caicos Islands",56.3,56.3,56.3,56.3,56.3,56.3,56.3,56.3,56.3,56.3,56.3,56.3,56.3,56.3,56.3,56.3,56.3,56,55.9,56.3,58.4,58.8,56.9,57.4,58.5,51.7,54.5,54.2,54.2,54.2
798,"TUV","Tuvalu",53,51.6,53.5,46.2,45.6,50.1,45.3,47.2,46.1,45.4,44.2,44.7,46.3,47.6,45.9,45.4,46.8,46.2,47.1,47,49.2,50.4,50.8,51.1,53.9,52.8,52.6,52.8,52.8,52.8
800,"UGA","Uganda",33.3,34.7,34.8,34.7,37,37.3,38.2,39.4,39.2,40.5,40.2,43.6,43.3,40.8,42.1,42,44.1,44.1,44.6,45,45.4,46.8,47.3,48.1,48.9,49,49.3,50.1,50.1,50.1
804,"UKR","Ukraine",26.8,26.8,26.9,27.6,29.6,32.1,33.1,34.8,36.4,39.1,39.7,40.4,41.9,43,42.5,42.4,42.4,42.7,43,43.4,44.3,43.8,45.5,45.5,47,47.2,48,46.7,46.7,46.7
784,"ARE","United Arab Emirates",53,53.2,55.7,54.4,55.5,51.2,53,56.5,54.2,55.4,55.6,56.4,55.6,53.8,51,49.4,49.5,49.5,50,51.2,51,52,53.4,54,53,52,51.1,52,52,52
826,"GBR","United Kingdom",55.7,55.5,57.2,57.9,59.2,60,60.4,61.4,61.8,62.4,63.2,64,64.9,65.5,66.3,66.3,68,67.7,68.5,70.4,71.4,72.6,73.4,74,74.8,74.5,74.9,76.7,76.7,76.7
840,"USA","United States of America",46.7,46.9,47.6,48.6,49.5,49.7,50.4,50.7,51,51.6,52.3,53.1,53.3,53.9,54.9,54.8,55.6,56.8,56.8,57.1,58.2,59,59.6,59.6,60.4,61.9,61.9,62.2,62.2,62.2
858,"URY","Uruguay",39,39.3,41.5,43,41.9,42.9,42.1,39.8,39.4,39.2,40.7,40.3,42.6,41.5,42.8,46.4,46.7,47,48.5,48.8,48.6,48.7,49.6,49.7,49.8,48.1,47.4,48.6,48.6,48.6
860,"UZB","Uzbekistan",8.7,8.3,9.2,8.1,9.2,9.9,9.9,9.1,11.1,13.4,15.2,16.2,19.1,20,25.5,27.1,27.5,28.5,31.3,33.9,36,36.2,37.2,38.9,39.3,40.1,40.7,41.4,41.4,41.4
548,"VUT","Vanuatu",30.7,30.2,31.3,31.6,31.1,33.6,33.6,32.5,32.7,34.6,35.3,37.3,32.5,33.7,34.8,34.6,34.2,34.9,35.1,33.9,36.7,40.8,44,41.2,43.7,41.5,41.5,42.9,42.9,42.9
862,"VEN","Venezuela",48.5,49,48.7,44.2,45.7,46.2,48.2,42.7,41.6,46.6,48.2,49.7,51.6,52.4,52.3,49,51.8,51.9,50.3,51.3,50.9,48,45.8,45.6,40,35.8,34.4,35.3,35.3,35.3
704,"VNM","Viet Nam",47.4,47.7,47.6,47.8,48,48.4,49,48.8,48.8,48.1,48.6,49.6,50.6,50.9,50.3,50.5,50.9,52.8,53.1,52.2,51.4,52.4,53.5,53.2,50.3,50,50.9,53,53,53
876,"WLF","Wallis and Futuna Islands",NA,NA,NA,NA,NA,NA,NA,NA,NA,NA,NA,NA,NA,NA,NA,NA,NA,NA,NA,NA,NA,NA,NA,NA,NA,NA,NA,NA,NA,NA
732,"ESH","Western Sahara",NA,NA,NA,NA,NA,NA,NA,NA,NA,NA,NA,NA,NA,NA,NA,NA,NA,NA,NA,NA,NA,NA,NA,NA,NA,NA,NA,NA,NA,NA
887,"YEM","Yemen",52.6,52.8,52.4,52.9,51.4,50.8,50.6,51.6,49.7,49.6,48.5,46.5,46.8,47.9,47.2,48.4,47.1,49.7,46.6,47.2,49.9,51.2,49,47,46.1,44.6,43.5,43.5,43.5,43.5
894,"ZMB","Zambia",21.1,24.2,24.2,22.3,25,26.9,27.8,26.6,26.6,28.5,29.2,33,34.4,36,38.9,39.6,41.4,40.5,41.1,42.3,42.5,43.1,44.1,44.6,43.9,43.4,44.2,45,45,45
716,"ZWE","Zimbabwe",31.5,32.2,33.9,33.8,31.9,33.1,33.6,33.4,30.1,29.2,26.6,26.3,25.4,22.3,23.8,27.6,29.2,32.8,33.6,34.8,34,36.9,38.5,38.1,37.7,38.2,39,39.5,39.5,39.5
