"code","iso","country","OEC.ind.1995","OEC.ind.1996","OEC.ind.1997","OEC.ind.1998","OEC.ind.1999","OEC.ind.2000","OEC.ind.2001","OEC.ind.2002","OEC.ind.2003","OEC.ind.2004","OEC.ind.2005","OEC.ind.2006","OEC.ind.2007","OEC.ind.2008","OEC.ind.2009","OEC.ind.2010","OEC.ind.2011","OEC.ind.2012","OEC.ind.2013","OEC.ind.2014","OEC.ind.2015","OEC.ind.2016","OEC.ind.2017","OEC.ind.2018","OEC.ind.2019","OEC.ind.2020","OEC.ind.2021","OEC.ind.2022","OEC.ind.2023","OEC.ind.2024"
4,"AFG","Afghanistan",38.2,38.2,38.2,38.2,38.2,38.2,38.2,38.2,38.2,37.4,36.5,34.9,40.9,41.7,42.2,38,36.5,37.2,39.9,45.2,41.6,43.5,38.1,32.1,33,36.2,33.4,37.6,37.6,37.6
8,"ALB","Albania",21.9,21.9,21.9,21.9,21.9,21.9,21.9,21.9,21.9,28.8,17.8,24.4,21.9,20.8,25.1,21.6,29.3,23.9,23.3,29,30.3,27.2,12.8,16.7,9.5,13.6,15.6,21.8,21.8,21.8
12,"DZA","Algeria",15,15,15,15,15,15,15,15,15,24.8,15,18,19.5,20.7,14.2,12.7,20,18.7,12,21.8,21.8,21.7,0,2.3,0,0,2.1,7.8,7.8,7.8
20,"AND","Andorra",50.6,50.6,50.6,50.6,50.6,50.6,50.6,50.6,50.6,57.2,44.5,44.6,49.6,51.9,47.5,49,49,46.5,49.6,52.8,50.8,51.5,48.8,49.9,41.9,52.1,54.5,53.9,53.9,53.9
24,"AGO","Angola",92.5,92.5,92.5,92.5,92.5,92.5,92.5,92.5,92.5,91.1,86.5,90,83.7,85.9,86.7,86.7,81.8,86.1,87.5,91.1,90.5,93.4,90.7,92.4,85,89.8,82.5,84.4,84.4,84.4
660,"AIA","Anguilla",44.6,44.6,44.6,44.6,44.6,44.6,44.6,44.6,44.6,43.3,45.5,45.9,46.3,46.7,47.1,47.6,48,48.4,48.8,49.2,49.6,53.2,43.4,30.8,35.6,37.4,37.1,37.8,37.8,37.8
28,"ATG","Antigua and Barbuda",45.9,45.9,45.9,45.9,45.9,45.9,45.9,45.9,45.9,47.5,47.8,46.4,50.1,41.7,47.2,53.7,49.1,49.5,44.4,50.6,50.4,55,45.4,32.2,37.3,39.4,38.9,39.6,39.6,39.6
32,"ARG","Argentina",100,100,100,100,100,100,100,100,100,100,90.3,94,97.8,87.8,91.6,94,95.3,96.9,94.4,96.6,99.3,94.4,90.2,91,89,78.8,91.6,92.5,92.5,92.5
51,"ARM","Armenia",45.4,45.4,45.4,45.4,45.4,45.4,45.4,45.4,45.4,44.7,41.2,40.8,43.4,44.4,45.4,43.6,46.7,44.8,45.3,50.6,47.4,50.5,43.9,38.4,37.4,38.1,36.8,40.6,40.6,40.6
533,"ABW","Aruba",NA,NA,NA,NA,NA,NA,NA,NA,NA,NA,NA,NA,NA,NA,NA,NA,NA,NA,NA,NA,NA,NA,NA,NA,NA,NA,NA,NA,NA,NA
36,"AUS","Australia",90.9,90.9,90.9,90.9,90.9,90.9,90.9,90.9,90.9,96.7,86.8,88.9,85.9,87.1,88.2,90.1,90.2,86,86.2,84.9,88.1,87.7,85.2,82.7,74.8,77.2,81.6,82.1,82.1,82.1
40,"AUT","Austria",66.6,66.6,66.6,66.6,66.6,66.6,66.6,66.6,66.6,74,64.9,66.7,61.8,62.2,66.8,69.9,66.7,60.6,65.5,68.8,62.1,67.3,54.4,53.7,48.9,57.1,61,61,61,61
31,"AZE","Azerbaijan",58.7,58.7,58.7,58.7,58.7,58.7,58.7,58.7,58.7,60.4,55.2,57,56.7,58.4,60.5,60.6,60.9,56,56.4,59.8,59.3,62.6,49.7,49.8,45.8,47.6,48.9,49.8,49.8,49.8
44,"BHS","Bahamas",13.4,13.4,13.4,13.4,13.4,13.4,13.4,13.4,13.4,3.7,0,0,3.7,7.8,11.5,0,9.6,8,13.6,15,25.5,14.6,4.5,1.9,0,2.2,3.1,8.4,8.4,8.4
48,"BHR","Bahrain",0,0,0,0,0,0,0,0,0,0,0,0,0,0,0,0,0,0,0,0,0,0,0,0,0,0,0,0,0,0
50,"BGD","Bangladesh",43.5,43.5,43.5,43.5,43.5,43.5,43.5,43.5,43.5,45,35.1,34.1,43.8,44.3,35.6,41.9,38,29.4,41.5,28.4,37.3,39.8,38.5,28.8,28.2,32,27.2,35.4,35.4,35.4
52,"BRB","Barbados",53.2,53.2,53.2,53.2,53.2,53.2,53.2,53.2,53.2,58.7,62.1,58.4,57.5,51.9,56.9,67.7,61.1,62.4,54.7,57.1,56.9,64.1,54.2,42.2,48,49.1,48.1,48.8,48.8,48.8
112,"BLR","Belarus",68.5,68.5,68.5,68.5,68.5,68.5,68.5,68.5,68.5,74,69.6,65.2,61.1,58,70.1,67.6,65.4,67.3,65,67.3,57.8,65.7,58.8,60.5,52.6,57.4,66.3,68.2,68.2,68.2
56,"BEL","Belgium",98.2,98.2,98.2,98.2,98.2,98.2,98.2,98.2,98.2,98.8,91.6,87.5,90.7,87.7,89.2,91.9,89.7,86.7,80.8,81.4,78.5,85.6,74.7,67.6,61.9,58.5,71.8,70.2,70.2,70.2
84,"BLZ","Belize",66.2,66.2,66.2,66.2,66.2,66.2,66.2,66.2,66.2,62.1,61.2,65.7,68,65.6,65.5,65.9,66.5,70.2,71,69.2,68.5,71.5,69.2,61.9,62.3,64.3,69.8,69.6,69.6,69.6
204,"BEN","Benin",77.3,77.3,77.3,77.3,77.3,77.3,77.3,77.3,77.3,74.9,73,69.7,67.6,67.5,71.9,75,68.3,74.4,71.7,74.3,74.5,79.7,73.3,71,66.7,62.4,61.9,68.9,68.9,68.9
60,"BMU","Bermuda",NA,NA,NA,NA,NA,NA,NA,NA,NA,NA,NA,NA,NA,NA,NA,NA,NA,NA,NA,NA,NA,NA,NA,NA,NA,NA,NA,NA,NA,NA
64,"BTN","Bhutan",46.6,46.6,46.6,46.6,46.6,46.6,46.6,46.6,46.6,46.4,36.1,36.9,42.3,40.8,33.7,39.7,42.3,30.6,46.4,36.1,36.8,40.1,36.9,24.4,26.1,25.5,25,25.4,25.4,25.4
68,"BOL","Bolivia",100,100,100,100,100,100,100,100,100,100,100,100,100,100,100,100,100,100,100,100,100,100,100,100,100,100,100,100,100,100
70,"BIH","Bosnia and Herzegovina",55.9,55.9,55.9,55.9,55.9,55.9,55.9,55.9,55.9,65.6,58.3,57.6,55.3,52.9,56.3,58.1,59.7,54.6,57.2,62.8,59.7,61,48.7,50.6,46.2,48.1,52.7,54.7,54.7,54.7
72,"BWA","Botswana",75.4,75.4,75.4,75.4,75.4,75.4,75.4,75.4,75.4,79.6,72.5,82.4,72.2,71.2,80.1,71.2,71.8,66.5,71.3,75.5,68,73.7,72.2,66.5,65,68.9,69,65.6,65.6,65.6
76,"BRA","Brazil",100,100,100,100,100,100,100,100,100,100,96.7,100,93.3,96.6,100,93.1,98.4,95.6,100,99.9,100,100,97.9,100,95.2,89.6,100,99.5,99.5,99.5
92,"VGB","British Virgin Islands",30.2,30.2,30.2,30.2,30.2,30.2,30.2,30.2,30.2,30.2,30.2,30.2,30.2,30.2,30.2,30.2,30.2,30.2,30.2,30.2,30.2,30.2,30.2,30.2,34.1,35.3,36.1,36.7,36.7,36.7
96,"BRN","Brunei Darussalam",84.7,84.7,84.7,84.7,84.7,84.7,84.7,84.7,84.7,84.7,84.7,84.7,84.7,84.7,84.7,84.7,78.8,78.1,79.7,76,74,77.6,82.3,71.1,62.5,78.6,83.5,83.1,83.1,83.1
100,"BGR","Bulgaria",62.8,62.8,62.8,62.8,62.8,62.8,62.8,62.8,62.8,66.4,59.5,62.1,55.5,57.1,62.6,62.3,64.2,59.1,58,67.4,61.5,63,54.9,54.5,50.7,52,57.3,59,59,59
854,"BFA","Burkina Faso",91.9,91.9,91.9,91.9,91.9,91.9,91.9,91.9,91.9,92,89.8,86.5,83.8,82.6,87.3,91,85.4,90,90.1,89.9,90.2,95.8,93.5,91.1,87,84.5,85.2,90.8,90.8,90.8
108,"BDI","Burundi",81.8,81.8,81.8,81.8,81.8,81.8,81.8,81.8,81.8,86.4,83.8,90.9,84.2,86,84.7,82.5,83.8,81.8,84.5,93,88.9,80,90.2,91.7,85.8,83,82.7,82.7,82.7,82.7
132,"CPV","Cabo Verde",NA,NA,NA,NA,NA,NA,NA,NA,NA,NA,NA,NA,NA,NA,NA,NA,NA,NA,NA,NA,NA,NA,NA,NA,NA,NA,NA,NA,NA,NA
116,"KHM","Cambodia",74.7,74.7,74.7,74.7,74.7,74.7,74.7,74.7,74.7,73.7,70.3,76.2,74.2,72.1,79.2,73.9,67.2,79,73.2,74.8,71.9,70.5,75.8,66.7,60.1,60.7,64.5,72.9,72.9,72.9
120,"CMR","Cameroon",92.9,92.9,92.9,92.9,92.9,92.9,92.9,92.9,92.9,96.5,84.6,88.9,82.5,79.1,86.7,83.8,83.6,86.5,88.5,88.4,88.9,91,87.5,85.5,83.6,73.8,80.8,85.6,85.6,85.6
124,"CAN","Canada",53.1,53.1,53.1,53.1,53.1,53.1,53.1,53.1,53.1,61.4,49.3,48.6,47.2,49.7,52.1,53.9,47.7,48.8,43,45.2,40.6,45.3,39.7,43.1,41.1,41.6,44.1,48.6,48.6,48.6
136,"CYM","Cayman Islands",11.8,11.8,11.8,11.8,11.8,11.8,11.8,11.8,11.8,11.5,14.9,14.1,13.3,12.5,11.7,10.9,17.6,17.9,21.7,19.5,20.1,18.9,15.9,12.1,10.9,13.7,12.3,15.2,15.2,15.2
140,"CAF","Central African Republic",100,100,100,100,100,100,100,100,100,100,98.8,100,92.2,89.7,100,100,98.5,98.8,100,100,100,97.2,98,100,100,98.4,100,100,100,100
148,"TCD","Chad",96.8,96.8,96.8,96.8,96.8,96.8,96.8,96.8,96.8,100,90.1,97,87.5,83.5,93.2,89.6,87.6,89.3,99,97.2,98,94,91,96.3,93.5,86.9,87.7,93.4,93.4,93.4
152,"CHL","Chile",98.2,98.2,98.2,98.2,98.2,98.2,98.2,98.2,98.2,100,92.4,96.1,97.7,93,95.3,92.8,94.6,93.4,93.3,93.1,94.3,95.9,86.9,88.7,83.1,79.9,83.9,86.6,86.6,86.6
156,"CHN","China",38.2,38.2,38.2,38.2,38.2,38.2,38.2,38.2,38.2,44.8,39.6,40,43.9,42.9,45.6,49.4,50.8,52.5,45.2,53.2,51.3,53.9,44.6,41.6,40.7,47.5,50.1,47.2,47.2,47.2
170,"COL","Colombia",100,100,100,100,100,100,100,100,100,100,100,100,100,100,100,100,100,100,100,100,100,100,100,100,100,100,100,100,100,100
174,"COM","Comoros",NA,NA,NA,NA,NA,NA,NA,NA,NA,NA,NA,NA,NA,NA,NA,NA,NA,NA,NA,NA,NA,NA,NA,NA,NA,NA,NA,NA,NA,NA
184,"COK","Cook Islands",NA,NA,NA,NA,NA,NA,NA,NA,NA,NA,NA,NA,NA,NA,NA,NA,NA,NA,NA,NA,NA,NA,NA,NA,NA,NA,NA,NA,NA,NA
188,"CRI","Costa Rica",73.2,73.2,73.2,73.2,73.2,73.2,73.2,73.2,73.2,69.7,71.3,74.3,76.4,72.8,73.7,77.7,77.2,74.9,75.5,78,75.4,77.4,76.8,70,70.1,75.3,76,78.7,78.7,78.7
384,"CIV","Cote d'Ivoire",88.9,88.9,88.9,88.9,88.9,88.9,88.9,88.9,88.9,90,86.6,83.9,79.6,79.1,82.4,89.5,85.1,88.4,87.5,89.9,90.7,93,93.8,89.4,85.2,82.5,84.4,87.8,87.8,87.8
191,"HRV","Croatia",58.5,58.5,58.5,58.5,58.5,58.5,58.5,58.5,58.5,67.9,59.9,59.2,58,54.6,56.9,60.3,60.7,54.6,59.4,63.6,60.6,62.3,48.1,50.9,46.1,48.9,54.7,56.4,56.4,56.4
192,"CUB","Cuba",33,33,33,33,33,33,33,33,33,27,29.1,27.3,33.1,31.6,33.7,28.7,32.8,33.8,38,37,40.2,35.6,30.7,28.5,27.5,28.1,30.4,32.5,32.5,32.5
531,"CUW","Curacao",NA,NA,NA,NA,NA,NA,NA,NA,NA,NA,NA,NA,NA,NA,NA,NA,NA,NA,NA,NA,NA,NA,NA,NA,NA,NA,NA,NA,NA,NA
196,"CYP","Cyprus",0,0,0,0,0,0,0,0,0,0,0,0,0,0,0,0,0,0,0,0,0,0,0,0,0,0,0,0,0,0
203,"CZE","Czech Republic",72.7,72.7,72.7,72.7,72.7,72.7,72.7,72.7,72.7,77.7,71.5,71.1,65.5,66.8,72.5,75.2,70.8,65.4,70.3,71.9,63.6,72.2,60.2,55.1,52.8,59.7,67.7,66.8,66.8,66.8
180,"COD","Dem. Rep. Congo",100,100,100,100,100,100,100,100,100,100,99.5,100,97.3,99.6,98.7,100,100,100,100,100,100,93.9,100,100,100,100,100,100,100,100
208,"DNK","Denmark",68.8,68.8,68.8,68.8,68.8,68.8,68.8,68.8,68.8,65,56.8,56.1,53.8,52.1,58.9,57.8,57.1,53.2,42.7,56.3,47.5,59.3,37.6,38,34,32.9,42.6,44.1,44.1,44.1
262,"DJI","Djibouti",NA,NA,NA,NA,NA,NA,NA,NA,NA,NA,NA,NA,NA,NA,NA,NA,NA,NA,NA,NA,NA,NA,NA,NA,NA,NA,NA,NA,NA,NA
212,"DMA","Dominica",NA,NA,NA,NA,NA,NA,NA,NA,NA,NA,NA,NA,NA,NA,NA,NA,NA,NA,NA,NA,NA,NA,NA,NA,NA,NA,NA,NA,NA,NA
214,"DOM","Dominican Republic",56.5,56.5,56.5,56.5,56.5,56.5,56.5,56.5,56.5,52.6,56.5,57.5,62.4,53,56.6,55.1,55.7,56.8,56.3,60.1,57.9,60.8,55.8,48.2,49.2,47.5,50.2,53.1,53.1,53.1
218,"ECU","Ecuador",92.4,92.4,92.4,92.4,92.4,92.4,92.4,92.4,92.4,94,92.3,97.9,92.5,99.2,95.1,95.9,92.9,96.5,92.5,87.9,88,81.4,84.4,82.3,84.9,82.6,90.6,87.9,87.9,87.9
818,"EGY","Egypt",6,6,6,6,6,6,6,6,6,15,8.9,12.1,11,9.6,17,11.2,15.1,13.5,14.8,24.2,20.4,20.4,0,0,0,0,0,0,0,0
222,"SLV","El Salvador",55.9,55.9,55.9,55.9,55.9,55.9,55.9,55.9,55.9,57.6,52,52,54.1,56.7,56.7,60.1,58,55.3,57.7,56,59.3,54,53.6,48.9,47.7,47.9,51.2,55.6,55.6,55.6
226,"GNQ","Equatorial Guinea",NA,NA,NA,NA,NA,NA,NA,NA,NA,NA,NA,NA,NA,NA,NA,NA,NA,NA,NA,NA,NA,NA,NA,NA,NA,NA,NA,NA,NA,NA
232,"ERI","Eritrea",46,46,46,46,46,46,46,46,46,52.4,51.3,54.2,52.9,50.2,47.1,52.9,48.3,49.4,57.7,59.1,51.3,57.8,40.4,42.7,39.9,27.9,28.4,30.6,30.6,30.6
233,"EST","Estonia",61.6,61.6,61.6,61.6,61.6,61.6,61.6,61.6,61.6,62.3,56.1,51.2,52.4,47.7,60.6,60.1,51,55,44.5,53.7,45.8,54.2,43.7,43.4,38.2,36.2,50,52.5,52.5,52.5
748,"SWZ","Eswatini",89.4,89.4,89.4,89.4,89.4,89.4,89.4,89.4,89.4,93.4,84.1,92.8,82.8,85.3,85.4,81.3,83.2,80.5,82.3,83.5,81.3,82.3,80.8,80.7,77.9,81.9,79.1,82,82,82
231,"ETH","Ethiopia",76.1,76.1,76.1,76.1,76.1,76.1,76.1,76.1,76.1,78,77.9,81.1,78,74.8,74,80.2,74.3,72.1,84.5,87,82.3,86.2,84.9,83.7,83,76.1,73.3,74.7,74.7,74.7
234,"FRO","Faeroe Islands",NA,NA,NA,NA,NA,NA,NA,NA,NA,NA,NA,NA,NA,NA,NA,NA,NA,NA,NA,NA,NA,NA,NA,NA,NA,NA,NA,NA,NA,NA
238,"FLK","Falkland Islands",NA,NA,NA,NA,NA,NA,NA,NA,NA,NA,NA,NA,NA,NA,NA,NA,NA,NA,NA,NA,NA,NA,NA,NA,NA,NA,NA,NA,NA,NA
242,"FJI","Fiji",90.6,90.6,90.6,90.6,90.6,90.6,90.6,90.6,90.6,90.9,91.7,91.9,99.4,95.5,86.5,99.9,98,92.7,92.8,81,82.9,91.8,79.9,78.2,73.5,78.6,81.8,87.8,87.8,87.8
246,"FIN","Finland",71.4,71.4,71.4,71.4,71.4,71.4,71.4,71.4,71.4,76.8,65.5,64.2,64.8,64.7,71.1,70.5,62.7,66.9,49.6,61.5,57.7,66.9,57.7,59.1,53.3,45.9,61.7,62.3,62.3,62.3
250,"FRA","France",61.7,61.7,61.7,61.7,61.7,61.7,61.7,61.7,61.7,68.4,60,59.6,63.8,62.1,61.2,63,61.9,61,55.9,57.4,58.2,64.8,53,47.8,41.1,43.8,54,53.1,53.1,53.1
258,"PYF","French Polynesia",NA,NA,NA,NA,NA,NA,NA,NA,NA,NA,NA,NA,NA,NA,NA,NA,NA,NA,NA,NA,NA,NA,NA,NA,NA,NA,NA,NA,NA,NA
266,"GAB","Gabon",100,100,100,100,100,100,100,100,100,100,100,100,100,100,100,100,100,100,100,100,100,100,100,100,100,100,100,100,100,100
270,"GMB","Gambia",68.7,68.7,68.7,68.7,68.7,68.7,68.7,68.7,68.7,70.4,69.6,65.4,65.1,69.3,67.4,69.7,64.4,69.4,66.2,64.8,68.2,67.2,65.1,65,59.5,62.8,62.1,65.7,65.7,65.7
268,"GEO","Georgia",60.8,60.8,60.8,60.8,60.8,60.8,60.8,60.8,60.8,60.8,55.5,59.5,60.5,60.8,60.7,62.5,64.1,60.9,60,64.5,63.1,63.6,57.4,56,50.6,52.5,54.6,56.9,56.9,56.9
276,"DEU","Germany",77.7,77.7,77.7,77.7,77.7,77.7,77.7,77.7,77.7,81.1,72.9,69.3,67.6,68,71.6,74.4,72.4,67.4,65.1,69.7,63.2,70,59.7,53.3,49,51.4,62.2,58.9,58.9,58.9
288,"GHA","Ghana",87.9,87.9,87.9,87.9,87.9,87.9,87.9,87.9,87.9,86.7,83.7,81.6,78.8,78.5,83.2,87,80.9,86.9,83.6,86.4,85.2,92.8,87.3,86.1,81.5,77,78.7,84.6,84.6,84.6
300,"GRC","Greece",40.5,40.5,40.5,40.5,40.5,40.5,40.5,40.5,40.5,45.2,33.1,40.7,36.2,35.4,41.2,37.4,43.6,38.2,37.4,44.3,43.1,40.9,33.5,33,27,31.9,31,38.4,38.4,38.4
304,"GRL","Greenland",NA,NA,NA,NA,NA,NA,NA,NA,NA,NA,NA,NA,NA,NA,NA,NA,NA,NA,NA,NA,NA,NA,NA,NA,NA,NA,NA,NA,NA,NA
308,"GRD","Grenada",NA,NA,NA,NA,NA,NA,NA,NA,NA,NA,NA,NA,NA,NA,NA,NA,NA,NA,NA,NA,NA,NA,NA,NA,NA,NA,NA,NA,NA,NA
320,"GTM","Guatemala",61.2,61.2,61.2,61.2,61.2,61.2,61.2,61.2,61.2,61.1,59.3,58.4,56.9,63.4,60.6,63.4,65.9,59.9,63.9,59.3,59.7,59.2,56.8,51.8,51.5,52.4,56,60.9,60.9,60.9
831,"GGY","Guernsey",60.5,60.5,60.5,60.5,60.5,60.5,60.5,60.5,60.5,60.2,53,54.2,55.3,47,49.4,52,55,50.1,37.2,53.7,45.2,57.6,26.4,36.6,22.2,25.4,33.8,36.1,36.1,36.1
324,"GIN","Guinea",80.6,80.6,80.6,80.6,80.6,80.6,80.6,80.6,80.6,83.1,80.1,77.8,73.4,74.7,73.8,85.4,79.7,80.8,80.3,82.8,83.1,81.3,85.8,84.4,79.9,77.6,80.5,85.6,85.6,85.6
624,"GNB","Guinea-Bissau",64.9,64.9,64.9,64.9,64.9,64.9,64.9,64.9,64.9,66.8,65.3,60.2,57.4,61.6,62.8,63.7,60.6,67.4,65,64.6,66.3,62.9,63.8,65.8,61,58.2,61.9,64.3,64.3,64.3
328,"GUY","Guyana",81.1,81.1,81.1,81.1,81.1,81.1,81.1,81.1,81.1,83.3,90.7,83.8,83.1,82.9,78.7,92.2,86.3,91.3,84,81.7,80.6,89.1,88.9,70.1,74.6,82.2,84.4,87.1,87.1,87.1
332,"HTI","Haiti",34.9,34.9,34.9,34.9,34.9,34.9,34.9,34.9,34.9,33.8,36.9,36.6,41.8,34.6,37,36.6,37.4,37.9,38.4,39.4,36.8,39.2,35,27.9,28.4,27.6,29.9,31.6,31.6,31.6
336,"VAT","Holy See",30.2,30.2,30.2,30.2,30.2,30.2,30.2,30.2,30.2,41.5,34.7,34,40.1,30.3,33.2,25.6,36.4,30.1,31.6,34.2,34.7,31.8,5.7,9,2.6,12.1,13.1,14,14,14
340,"HND","Honduras",83.5,83.5,83.5,83.5,83.5,83.5,83.5,83.5,83.5,83,78.8,82,82,81.3,85.3,84,83.9,85,86.5,87.3,88.8,86.7,85,82.6,80.4,79.3,85.9,89.8,89.8,89.8
344,"HKG","Hong Kong",48.9,48.9,48.9,48.9,48.9,48.9,48.9,48.9,48.9,51.4,68,72.4,73.8,82.4,81.2,97.1,86.4,95.4,94.6,100,100,100,77.2,71.6,64.3,75,73,77.6,77.6,77.6
348,"HUN","Hungary",68.7,68.7,68.7,68.7,68.7,68.7,68.7,68.7,68.7,75.1,70.1,69.8,64.1,63,65.8,70.6,69.7,63.5,67.7,72.3,68.2,69.5,55.9,58.5,52.2,57.8,63.7,62.9,62.9,62.9
352,"ISL","Iceland",65.9,65.9,65.9,65.9,65.9,65.9,65.9,65.9,65.9,59.7,50.9,52.1,48.2,52.4,59.6,55.8,53,50.9,40.5,56.6,43.6,60,48.6,39.9,42.3,40.9,48,54.6,54.6,54.6
356,"IND","India",31.8,31.8,31.8,31.8,31.8,31.8,31.8,31.8,31.8,30.9,29,29.9,31.6,35.2,27.7,29.8,29.8,25.8,29.9,28.7,25.3,26.8,24.2,21.2,19.1,18.5,22.5,22,22,22
360,"IDN","Indonesia",54.4,54.4,54.4,54.4,54.4,54.4,54.4,54.4,54.4,50.5,53,47.1,57.7,59.2,56.7,77,58.1,57.1,67.1,52.9,50.9,73.2,55.7,47.3,38.8,55.9,56.9,62.3,62.3,62.3
364,"IRN","Iran",27.4,27.4,27.4,27.4,27.4,27.4,27.4,27.4,27.4,31.6,29.2,26.1,30.3,27.7,29.6,25.3,28.3,22.5,25.2,33.5,27.8,30.2,11.6,12.1,8.8,6,6.5,5.2,5.2,5.2
368,"IRQ","Iraq",20,20,20,20,20,20,20,20,20,29,22.4,19,25.8,25,27.4,22.5,28.7,24.2,26.6,31.1,29.9,33.6,15.8,14,11.7,9.4,10.5,9.6,9.6,9.6
372,"IRL","Ireland",40.4,40.4,40.4,40.4,40.4,40.4,40.4,40.4,40.4,39.3,30.6,30.9,33.1,28.8,29.6,39.6,31.5,30.8,19.3,27,21.4,33.7,18.9,17.8,13.3,14.8,25,25.3,25.3,25.3
833,"IMN","Isle of Man",62.8,62.8,62.8,62.8,62.8,62.8,62.8,62.8,62.8,57.9,47.9,51.2,51.5,43.3,46.8,57.5,50.5,47.2,37.2,49.1,37.6,53.4,27.5,34.1,23.9,24.4,36.1,34.7,34.7,34.7
376,"ISR","Israel",36.8,36.8,36.8,36.8,36.8,36.8,36.8,36.8,36.8,44.9,40.8,40.3,42.2,44.6,48.2,45.6,46.9,48.7,51.4,60.6,57.5,59.7,32,32.8,29.9,32,33.8,32.4,32.4,32.4
380,"ITA","Italy",46.9,46.9,46.9,46.9,46.9,46.9,46.9,46.9,46.9,59.4,49.1,53,53.3,49.8,52.8,51.2,53.7,48.1,51.3,55.3,51.6,50.9,32.4,35.8,31.8,38.1,39.8,41.9,41.9,41.9
388,"JAM","Jamaica",23,23,23,23,23,23,23,23,23,17,23.5,19.5,30.5,22.3,23.8,21.8,22.9,25.2,25.2,28.8,25.4,24.5,26,20.1,20.6,20.2,18.9,22.6,22.6,22.6
392,"JPN","Japan",42.8,42.8,42.8,42.8,42.8,42.8,42.8,42.8,42.8,48,32.3,39,36.9,33.8,32.4,32.3,34.1,34.7,19.8,23.9,24.5,28.1,11.7,11.1,5.8,15.5,18.9,18.6,18.6,18.6
832,"JEY","Jersey",72.4,72.4,72.4,72.4,72.4,72.4,72.4,72.4,72.4,70.9,64.4,66,65.7,58.5,62.3,62,67.1,61.5,49.4,66.3,58.3,69.7,38.8,48.4,33.7,35.9,43.9,46.7,46.7,46.7
400,"JOR","Jordan",21,21,21,21,21,21,21,21,21,28.3,24.4,22.1,21.4,22.9,25.7,19.7,26.6,23.2,27.4,35.7,30.6,33.1,21.2,22.8,17.2,20.8,20.3,21.1,21.1,21.1
398,"KAZ","Kazakhstan",54.7,54.7,54.7,54.7,54.7,54.7,54.7,54.7,54.7,53.8,51.7,48.2,50.1,47.6,53.4,48.4,55.6,46.9,44.8,53.3,52.1,57,46.2,48.5,43.9,48.4,52.6,54.2,54.2,54.2
404,"KEN","Kenya",86.9,86.9,86.9,86.9,86.9,86.9,86.9,86.9,86.9,89.1,85.4,90.5,89.2,85.8,79.4,87,81.1,82.4,84.8,88.4,85,85.9,86.8,85.2,82.3,82.5,76.4,74.9,74.9,74.9
296,"KIR","Kiribati",NA,NA,NA,NA,NA,NA,NA,NA,NA,NA,NA,NA,NA,NA,NA,NA,NA,NA,NA,NA,NA,NA,NA,NA,NA,NA,NA,NA,NA,NA
689,"XKX","Kosovo",41.7,41.7,41.7,41.7,41.7,41.7,41.7,41.7,41.7,49.6,42.1,44.7,42.3,39,48.7,44.1,47.2,44.6,42.4,55.3,49,48.4,38.8,43.5,36.6,38.4,41.4,44.9,44.9,44.9
414,"KWT","Kuwait",0,0,0,0,0,0,0,0,0,0,0,0,0,0,0,0,0,0,0,0,0,0,0,0,0,0,0,0,0,0
417,"KGZ","Kyrgyzstan",30,30,30,30,30,30,30,30,30,32.8,28,26.3,27,26.8,34.4,32.8,30.8,33.3,31.3,38.7,37.3,39.5,28.2,29.1,20,23,29.9,27.6,27.6,27.6
418,"LAO","Laos",58.2,58.2,58.2,58.2,58.2,58.2,58.2,58.2,58.2,57.9,55.5,57.3,53.4,54.6,62.1,59.1,47.4,61.1,53.3,62.4,62.6,57.8,57.4,56,46.3,47.8,52.9,55.5,55.5,55.5
428,"LVA","Latvia",58.2,58.2,58.2,58.2,58.2,58.2,58.2,58.2,58.2,59.8,54.9,49.9,49,45.9,57.9,57.6,49,52.6,46.6,54.4,46.8,53,42.1,43.2,36.7,37.5,47.6,52.1,52.1,52.1
422,"LBN","Lebanon",23.6,23.6,23.6,23.6,23.6,23.6,23.6,23.6,23.6,35,28.5,27.6,30.2,31.3,34.8,31.7,34,33.1,33.9,43.7,40.6,40.3,28.4,25.6,22.9,26.9,25.3,27,27,27
426,"LSO","Lesotho",72.8,72.8,72.8,72.8,72.8,72.8,72.8,72.8,72.8,73.8,67.5,77.7,68,64.6,72,62.2,67.5,62.6,64.2,68,61.3,63.4,63,61.1,57.7,60.4,62.2,61.4,61.4,61.4
430,"LBR","Liberia",87,87,87,87,87,87,87,87,87,93.9,95.1,88.2,83.7,82,80,95.9,90.4,85.1,90.2,90.9,88.3,92,98,93.4,85.6,87.6,90.4,91.6,91.6,91.6
434,"LBY","Libya",0,0,0,0,0,0,0,0,0,0,0,0,0,0,0,0,0,0,0,2.9,0,2.3,0,0,0,0,0,0,0,0
438,"LIE","Liechtenstein",66.1,66.1,66.1,66.1,66.1,66.1,66.1,66.1,66.1,71.5,66.5,68.7,67.5,68,67.2,69.4,69.8,66,68.7,68.9,66.2,67,57.9,56.6,53.4,58.3,61.3,59.7,59.7,59.7
440,"LTU","Lithuania",58.8,58.8,58.8,58.8,58.8,58.8,58.8,58.8,58.8,62.7,56.9,52.3,50.8,47.6,60.4,59.4,53,55.7,50.2,57.1,49.7,56.5,46.6,48.6,40.2,43.7,53.3,57.1,57.1,57.1
442,"LUX","Luxembourg",84.9,84.9,84.9,84.9,84.9,84.9,84.9,84.9,84.9,90,84.1,79.4,82.4,80.1,80.4,84,83.3,79.7,77.1,76.2,75.6,82.8,74.3,66.7,60.5,58.9,73,70.2,70.2,70.2
446,"MAC","Macao",17,17,17,17,17,17,17,17,17,18.4,35.6,37,38,48,44.1,44.1,44.1,44.1,44.1,44.1,44.1,44.1,44.1,44.1,44.1,44.1,44.1,44.1,44.1,44.1
450,"MDG","Madagascar",100,100,100,100,100,100,100,100,100,100,94.6,100,97,98.3,100,95,99.1,98.5,97.9,99.7,100,98.6,99.4,94.2,93.4,86.3,89,85,85,85
454,"MWI","Malawi",100,100,100,100,100,100,100,100,100,100,99.6,100,100,99.4,100,100,100,100,100,100,100,100,100,100,100,95.3,96.7,98.2,98.2,98.2
458,"MYS","Malaysia",42.3,42.3,42.3,42.3,42.3,42.3,42.3,42.3,42.3,41,40.2,48,57.2,54.8,57.5,62.1,49.8,59,60.9,50.4,41,64.4,51.8,43.4,29.8,42.2,47.6,53.8,53.8,53.8
462,"MDV","Maldives",NA,NA,NA,NA,NA,NA,NA,NA,NA,NA,NA,NA,NA,NA,NA,NA,NA,NA,NA,NA,NA,NA,NA,NA,NA,NA,NA,NA,NA,NA
466,"MLI","Mali",90.2,90.2,90.2,90.2,90.2,90.2,90.2,90.2,90.2,91.1,88.8,86.7,82.9,81.6,87,92.7,86.9,88.9,89.5,89.5,89.9,93,92.7,90.9,85.8,86.4,87.8,91.2,91.2,91.2
470,"MLT","Malta",0,0,0,0,0,0,0,0,0,0,0,0,0,0,0,0,0,0,0,0,0,0,0,0,0,0,0,0,0,0
584,"MHL","Marshall Islands",NA,NA,NA,NA,NA,NA,NA,NA,NA,NA,NA,NA,NA,NA,NA,NA,NA,NA,NA,NA,NA,NA,NA,NA,NA,NA,NA,NA,NA,NA
478,"MRT","Mauritania",58,58,58,58,58,58,58,58,58,59.3,59.4,55.7,52.6,58.4,58.8,59.4,52.3,57.7,57.5,53.5,58.7,56.4,55.3,50.3,47.4,53.3,51.1,56.1,56.1,56.1
480,"MUS","Mauritius",NA,NA,NA,NA,NA,NA,NA,NA,NA,NA,NA,NA,NA,NA,NA,NA,NA,NA,NA,NA,NA,NA,NA,NA,NA,NA,NA,NA,NA,NA
484,"MEX","Mexico",61.9,61.9,61.9,61.9,61.9,61.9,61.9,61.9,61.9,65.6,55.5,58.1,60.1,58.5,59.6,57.2,52.3,57.4,60.9,65.9,67.1,62.6,54.3,56.1,50.5,48.7,56.6,55.1,55.1,55.1
583,"FSM","Micronesia",NA,NA,NA,NA,NA,NA,NA,NA,NA,NA,NA,NA,NA,NA,NA,NA,NA,NA,NA,NA,NA,NA,NA,NA,NA,NA,NA,NA,NA,NA
498,"MDA","Moldova",51.8,51.8,51.8,51.8,51.8,51.8,51.8,51.8,51.8,57.5,50.4,51.9,42.8,45.8,51.2,49.1,52.7,49,46.6,55.5,46.1,50,41.2,44.5,39.5,40.8,51.9,48.7,48.7,48.7
492,"MCO","Monaco",56.7,56.7,56.7,56.7,56.7,56.7,56.7,56.7,56.7,62.2,54.8,57.2,59.7,60.3,63.2,61.6,64.3,60.2,62.5,66.2,62.8,61.6,38.4,34,33.5,41.7,44,43.6,43.6,43.6
496,"MNG","Mongolia",36.2,36.2,36.2,36.2,36.2,36.2,36.2,36.2,36.2,41.8,33.4,30.7,30.3,29.7,33.8,36.7,38,40,29,39.4,33.7,37.9,33.3,33.9,27.7,33,41.9,41.7,41.7,41.7
499,"MNE","Montenegro",22.4,22.4,22.4,22.4,22.4,22.4,22.4,22.4,22.4,30.6,21.5,24.4,23,22.3,27.5,22.5,28.6,26.4,23.2,30.5,32.3,29.1,15,17.4,11.2,12.4,16.3,22.7,22.7,22.7
504,"MAR","Morocco",35.7,35.7,35.7,35.7,35.7,35.7,35.7,35.7,35.7,41.3,33.9,34.6,35.8,36.9,34.1,29.5,36.2,36.7,26.6,36.8,35.2,32.8,22.3,25.3,19.6,25.4,29.4,33.4,33.4,33.4
508,"MOZ","Mozambique",100,100,100,100,100,100,100,100,100,100,94.3,100,98.5,94.4,99.3,96.1,94.9,94.5,97.1,98.4,98.2,100,98.5,98.2,94.6,88,90.4,91,91,91
104,"MMR","Myanmar",76.9,76.9,76.9,76.9,76.9,76.9,76.9,76.9,76.9,76.4,70.8,71.6,72,74.2,67.6,75.7,76.2,68.5,76.6,78.2,78.9,80.9,82.2,75.4,68,69.4,72.5,80,80,80
516,"NAM","Namibia",80,80,80,80,80,80,80,80,80,78.6,71.7,81.9,67.3,74.7,78.9,72.6,74.7,72.1,69.2,79.1,71.1,79.9,74.8,77.6,68.6,74.5,68.6,67.5,67.5,67.5
520,"NRU","Nauru",NA,NA,NA,NA,NA,NA,NA,NA,NA,NA,NA,NA,NA,NA,NA,NA,NA,NA,NA,NA,NA,NA,NA,NA,NA,NA,NA,NA,NA,NA
524,"NPL","Nepal",34.1,34.1,34.1,34.1,34.1,34.1,34.1,34.1,34.1,29.1,23.9,25.7,28.8,32.1,23.5,23.5,27.6,21,31,21,22.1,23.7,23.5,16.4,17.5,20.8,22.1,17.1,17.1,17.1
528,"NLD","Netherlands",96.3,96.3,96.3,96.3,96.3,96.3,96.3,96.3,96.3,94.4,85.7,80.6,82.6,80.6,84.2,85.4,86.7,80.1,70.1,78.5,71.6,79.4,63.6,58.4,52.2,51,60.5,60.9,60.9,60.9
540,"NCL","New Caledonia",79.3,79.3,79.3,79.3,79.3,79.3,79.3,79.3,79.3,78.2,71.7,73.7,75.6,76.2,75,79.7,76.4,71.7,72.5,69,73.1,81.2,64.5,60,53.1,54.7,60.9,67.6,67.6,67.6
554,"NZL","New Zealand",100,100,100,100,100,100,100,100,100,100,96.4,99.6,98.5,95.6,95.7,94.2,97.3,93.6,92.5,91.6,94.1,95.6,93.8,92.2,84.7,84.5,83,85.2,85.2,85.2
558,"NIC","Nicaragua",68.9,68.9,68.9,68.9,68.9,68.9,68.9,68.9,68.9,66.4,65.6,67.3,67.1,65.2,71.1,70.7,69.4,69.9,71.6,73.4,75.2,74.1,71.5,66.9,67,66.5,70.9,73.7,73.7,73.7
562,"NER","Niger",64.8,64.8,64.8,64.8,64.8,64.8,64.8,64.8,64.8,65,64.8,60.7,62.3,60.4,62.7,65,62,68.7,70,69.3,66.1,70.3,65,61.8,60.9,59.8,62.9,59.7,59.7,59.7
566,"NGA","Nigeria",64.3,64.3,64.3,64.3,64.3,64.3,64.3,64.3,64.3,62.8,58.5,55.1,56.3,56.7,58.3,58.6,57.5,62.7,61.1,61.5,60.9,65.3,57.4,54.8,53.3,48.8,52.2,55.6,55.6,55.6
570,"NIU","Niue",NA,NA,NA,NA,NA,NA,NA,NA,NA,NA,NA,NA,NA,NA,NA,NA,NA,NA,NA,NA,NA,NA,NA,NA,NA,NA,NA,NA,NA,NA
408,"PRK","North Korea",30.9,30.9,30.9,30.9,30.9,30.9,30.9,30.9,30.9,39.5,24.4,30.8,37.7,30.4,30.3,39.5,42,40.6,30.5,31.5,31.8,36.1,23.1,28.9,23.9,30.3,34.5,33.4,33.4,33.4
807,"MKD","North Macedonia",51.2,51.2,51.2,51.2,51.2,51.2,51.2,51.2,51.2,57.2,48.7,53.2,48.1,45.2,53.5,49.2,52.7,49.8,47.2,58.1,52.2,51.4,44.8,48.5,38.9,45.2,47.2,49.7,49.7,49.7
578,"NOR","Norway",70.6,70.6,70.6,70.6,70.6,70.6,70.6,70.6,70.6,69.1,58.7,57.4,61.8,57.3,64.2,67.2,60,61.3,48.3,54,51.7,62.8,45.3,41.5,43.7,39,48.3,49.2,49.2,49.2
512,"OMN","Oman",0,0,0,0,0,0,0,0,0,0,0,0,0,0,0,0,0,0,0,0,0,0,0,0,0,0,0,0,0,0
586,"PAK","Pakistan",30,30,30,30,30,30,30,30,30,27.5,28.2,23.6,29.7,30.3,28.3,27.7,28.7,28.4,26.1,25.9,20.4,22.4,24.6,16.6,19.6,16.5,15.3,21.1,21.1,21.1
585,"PLW","Palau",NA,NA,NA,NA,NA,NA,NA,NA,NA,NA,NA,NA,NA,NA,NA,NA,NA,NA,NA,NA,NA,NA,NA,NA,NA,NA,NA,NA,NA,NA
591,"PAN","Panama",71.6,71.6,71.6,71.6,71.6,71.6,71.6,71.6,71.6,68.5,70.2,71.3,72.6,69.2,70.3,74,70.4,69.6,68.2,67.4,64.9,70.7,65.9,56.7,55.8,62.3,64.5,67.5,67.5,67.5
598,"PNG","Papua New Guinea",100,100,100,100,100,100,100,100,100,100,100,100,100,100,100,100,100,100,100,100,100,100,100,100,100,100,100,100,100,100
600,"PRY","Paraguay",100,100,100,100,100,100,100,100,100,100,94.4,100,97.4,97.3,100,94.7,100,98,100,100,100,98.7,91.8,100,92.6,85.4,100,100,100,100
604,"PER","Peru",98.2,98.2,98.2,98.2,98.2,98.2,98.2,98.2,98.2,98.3,95.9,100,94.3,96.5,100,94.2,96,100,100,97.4,98.6,96.9,98.4,100,99.7,97.1,100,99.1,99.1,99.1
608,"PHL","Philippines",62.3,62.3,62.3,62.3,62.3,62.3,62.3,62.3,62.3,67.8,67,70.4,69.7,75.7,65.7,75,70.8,72.3,71.6,65.9,64.1,74.1,64,59.5,54.2,62.5,67.5,72.2,72.2,72.2
616,"POL","Poland",74.1,74.1,74.1,74.1,74.1,74.1,74.1,74.1,74.1,77.9,72.1,71.6,64.7,65.5,72.5,74.2,69.4,69,67.1,70.2,61.2,70.7,59.3,57.3,51.2,57.4,66.3,65.7,65.7,65.7
620,"PRT","Portugal",34.9,34.9,34.9,34.9,34.9,34.9,34.9,34.9,34.9,48.3,33.3,38.3,45.4,41.7,36.4,29.8,42.4,41.5,24.6,37,41.1,34.8,31.7,24.6,24,31.6,34.9,34.4,34.4,34.4
634,"QAT","Qatar",0,0,0,0,0,0,0,0,0,0,0,0,0,0,0,0,0,0,0,0,0,0,0,0,0,0,0,0,0,0
178,"COG","Republic of Congo",100,100,100,100,100,100,100,100,100,97.4,95.1,99.4,94.8,91.2,95.6,93.7,94,97.7,88.8,94.6,92.3,85.9,96,100,100,94.4,97,97.2,97.2,97.2
642,"ROU","Romania",68.5,68.5,68.5,68.5,68.5,68.5,68.5,68.5,68.5,72.3,67.1,68.6,58.8,61,66,66.5,68.5,65.2,62.5,71.1,64.8,67.4,55.5,57.2,53.1,54.3,61.3,60,60,60
643,"RUS","Russia",67.8,67.8,67.8,67.8,67.8,67.8,67.8,67.8,67.8,69.9,63,64.5,60,60,64.7,60.3,66.7,60.5,57.1,63.4,59.9,68.3,57.2,57.8,55.5,55.3,63.2,65.2,65.2,65.2
646,"RWA","Rwanda",78.1,78.1,78.1,78.1,78.1,78.1,78.1,78.1,78.1,83.7,79.7,86.1,81.1,84.5,81.8,82.8,82.4,80,80.1,89.4,84.2,76.3,85.7,84.7,83.6,81.1,76.1,77.2,77.2,77.2
652,"BLM","Saint Barthelemy",NA,NA,NA,NA,NA,NA,NA,NA,NA,NA,NA,NA,NA,NA,NA,NA,NA,NA,NA,NA,NA,NA,NA,NA,NA,NA,NA,NA,NA,NA
659,"KNA","Saint Kitts and Nevis",42.9,42.9,42.9,42.9,42.9,42.9,42.9,42.9,42.9,45.2,45.4,43.4,48.3,40.5,45,50.3,46.4,47.7,42.9,49.2,48.6,52.8,44,31,35.9,38,37.5,38.4,38.4,38.4
662,"LCA","Saint Lucia",51.2,51.2,51.2,51.2,51.2,51.2,51.2,51.2,51.2,56,56.9,55.7,55.2,48.7,54.5,63.2,57.1,59.1,51.9,55.2,54.7,60.3,51.1,39.8,44.6,46.1,45.3,45.9,45.9,45.9
670,"VCT","Saint Vincent and the Grenadines",NA,NA,NA,NA,NA,NA,NA,NA,NA,NA,NA,NA,NA,NA,NA,NA,NA,NA,NA,NA,NA,NA,NA,NA,NA,NA,NA,NA,NA,NA
882,"WSM","Samoa",NA,NA,NA,NA,NA,NA,NA,NA,NA,NA,NA,NA,NA,NA,NA,NA,NA,NA,NA,NA,NA,NA,NA,NA,NA,NA,NA,NA,NA,NA
674,"SMR","San Marino",35.2,35.2,35.2,35.2,35.2,35.2,35.2,35.2,35.2,50.4,40.3,42.8,42.2,37.2,42.1,41.2,43.9,37.1,44.3,45.8,42.9,42.2,20.5,27.1,20.8,27,26.6,32.8,32.8,32.8
678,"STP","Sao Tome and Principe",NA,NA,NA,NA,NA,NA,NA,NA,NA,NA,NA,NA,NA,NA,NA,NA,NA,NA,NA,NA,NA,NA,NA,NA,NA,NA,NA,NA,NA,NA
682,"SAU","Saudi Arabia",0,0,0,0,0,0,0,0,0,1.9,1.9,0,0,0.8,3.3,1.9,0,0,2.4,4.6,4.1,6.6,0,0,0,0,0,0,0,0
686,"SEN","Senegal",61.5,61.5,61.5,61.5,61.5,61.5,61.5,61.5,61.5,62.5,61.7,57.4,57.5,62.8,61.6,63.1,57.6,63,59.6,57.3,63,61,58.6,56.5,52.7,58.5,56.2,60.7,60.7,60.7
688,"SRB","Serbia",63.6,63.6,63.6,63.6,63.6,63.6,63.6,63.6,63.6,69.7,65.5,64.9,60.6,58.6,63.6,64.1,65.2,60.1,61.3,69,64.2,65.8,50.3,52.7,49.3,52.2,55.6,56.1,56.1,56.1
690,"SYC","Seychelles",NA,NA,NA,NA,NA,NA,NA,NA,NA,NA,NA,NA,NA,NA,NA,NA,NA,NA,NA,NA,NA,NA,NA,NA,NA,NA,NA,NA,NA,NA
694,"SLE","Sierra Leone",55.9,55.9,55.9,55.9,55.9,55.9,55.9,55.9,55.9,58.4,59.9,48.9,48.8,49.2,43.3,59.6,49.1,52.4,52.8,52.8,54.6,51.3,52.8,49.6,42.1,42.7,50.6,48.4,48.4,48.4
702,"SGP","Singapore",31.6,31.6,31.6,31.6,31.6,31.6,31.6,31.6,31.6,29,33.3,20.9,45.2,41.8,27.2,42.8,33.5,26.7,28.9,25.3,11,36.7,25.1,22.1,6.3,36.3,27.6,26.9,26.9,26.9
534,"SXM","Sint Maarten",30.9,30.9,30.9,30.9,30.9,30.9,30.9,30.9,30.9,30.9,30.9,30.9,30.9,30.9,30.9,30.9,30.9,30.9,30.9,30.9,30.9,30.9,30.9,30.9,35.8,37.7,37.2,38.1,38.1,38.1
703,"SVK","Slovakia",74,74,74,74,74,74,74,74,74,81.5,76.7,78.4,69.4,68.6,73.8,77.2,75.4,68.5,73.6,75.6,71.7,75.9,63.8,61.7,57.9,64.8,69.9,68.3,68.3,68.3
705,"SVN","Slovenia",63.3,63.3,63.3,63.3,63.3,63.3,63.3,63.3,63.3,75.4,64.2,65.8,64.4,60.7,61.8,62.6,64.2,56.9,62.2,62.7,61.7,64.9,52.3,54.5,47.6,54.6,59.2,60.6,60.6,60.6
90,"SLB","Solomon Islands",97.5,97.5,97.5,97.5,97.5,97.5,97.5,97.5,97.5,98.9,100,100,100,100,100,100,100,100,98.7,89.8,89.3,95,86.3,91.5,89.1,98.9,100,100,100,100
706,"SOM","Somalia",79.4,79.4,79.4,79.4,79.4,79.4,79.4,79.4,79.4,78.3,74.9,83.1,77.5,71.8,76.7,78,71.3,71.5,81.2,83.7,86.3,80.3,80.6,79.9,76.2,71.8,63.9,64.9,64.9,64.9
710,"ZAF","South Africa",72.1,72.1,72.1,72.1,72.1,72.1,72.1,72.1,72.1,75.6,69.1,77.8,68.3,67,73.5,64.5,68.3,62.4,67.3,69.1,64.3,66.9,65.1,63.3,62,63.1,64.9,62.7,62.7,62.7
410,"KOR","South Korea",56.4,56.4,56.4,56.4,56.4,56.4,56.4,56.4,56.4,56.8,42.2,49.3,51,41.2,37.9,48,52.7,48.7,36.5,41.9,36.3,40.1,19.8,25,22.2,24.9,28.3,25.2,25.2,25.2
728,"SSD","South Sudan",83,83,83,83,83,83,83,83,83,86,78.6,83,77.1,78.7,74,81.5,75.1,80.8,83.9,90.8,83.9,79.4,80.7,85.5,89.1,80.5,80.9,85.2,85.2,85.2
724,"ESP","Spain",40.7,40.7,40.7,40.7,40.7,40.7,40.7,40.7,40.7,50.7,36.7,39.2,45,42.7,36.3,36.7,42.5,40.1,32.3,40.5,42.4,41.1,33.5,31.2,24.7,36.3,37.2,38.1,38.1,38.1
144,"LKA","Sri Lanka",50.5,50.5,50.5,50.5,50.5,50.5,50.5,50.5,50.5,50,46.8,51.4,51.8,51,50.7,46.7,45.5,43.6,42.2,52.8,57.8,45.7,43.3,39.6,40.6,34.2,38.5,30.9,30.9,30.9
275,"PSE","State of Palestine",36.9,36.9,36.9,36.9,36.9,36.9,36.9,36.9,36.9,44.7,41.8,40.2,41.7,43.5,47.1,42.1,47.3,47.1,51.2,59.9,55.4,58.8,37,39.2,35.7,37.4,39.4,38.1,38.1,38.1
729,"SDN","Sudan",59.6,59.6,59.6,59.6,59.6,59.6,59.6,59.6,59.6,67.2,57.7,62.9,60,57.7,54.2,58.9,52.3,57.4,63.5,66,57.1,57.6,53.2,56.5,56.7,46.1,50.5,52.5,52.5,52.5
740,"SUR","Suriname",81.2,81.2,81.2,81.2,81.2,81.2,81.2,81.2,81.2,83.3,90.8,85.2,84.2,84,79.2,93.1,87.2,92.1,85.4,82.2,81.1,90.1,91.5,71.4,75.6,84,86.9,89.9,89.9,89.9
752,"SWE","Sweden",48.9,48.9,48.9,48.9,48.9,48.9,48.9,48.9,48.9,49.7,41.2,40.8,40.9,39.2,44.5,46.2,37.7,40.9,29.2,39.5,34.1,43.1,28,27.7,25.3,24.6,33.9,35.4,35.4,35.4
756,"CHE","Switzerland",67.6,67.6,67.6,67.6,67.6,67.6,67.6,67.6,67.6,73.4,69.1,71.3,67.1,70.2,68.1,71.1,71.6,66.9,69.9,71.1,67.1,70.4,57.5,54.3,49.3,53,59.6,57.5,57.5,57.5
760,"SYR","Syria",25.4,25.4,25.4,25.4,25.4,25.4,25.4,25.4,25.4,33.7,26.5,25.6,31.7,29.5,32.7,26.7,34.5,31.2,29.1,35.3,35,34.8,25.9,24,20.6,23.1,20,23.1,23.1,23.1
158,"TWN","Taiwan",38.3,38.3,38.3,38.3,38.3,38.3,38.3,38.3,38.3,37.4,48,51.6,48.7,42.8,33.7,44.3,37.5,44.6,44.8,46.2,44.8,57.3,18.9,7.8,8.1,9.8,10.1,18.8,18.8,18.8
762,"TJK","Tajikistan",51,51,51,51,51,51,51,51,51,51.8,49.5,50.2,54.4,56.9,57.4,52.4,51.4,54.8,52.2,60.9,54.6,58.1,50.7,47.1,44.1,46.6,49.7,47.5,47.5,47.5
834,"TZA","Tanzania",90.5,90.5,90.5,90.5,90.5,90.5,90.5,90.5,90.5,96.5,89.5,99.3,94.1,93,91.6,92.2,93.8,90.5,93.4,99.6,98.4,94.4,99.3,99.1,97.3,95.5,88.1,87.6,87.6,87.6
764,"THA","Thailand",58.4,58.4,58.4,58.4,58.4,58.4,58.4,58.4,58.4,58.9,54.6,59.6,56.1,56.4,63.9,58.5,54.2,62.7,58.4,61,62.9,57.6,57.5,56,46.1,47.1,51.7,56.6,56.6,56.6
626,"TLS","Timor-Leste",91.7,91.7,91.7,91.7,91.7,91.7,91.7,91.7,91.7,83,83.2,72.6,86.6,85,86.7,100,80.9,80.6,94.2,78,84,99.3,82.4,72.3,71.9,81.5,86.4,89.4,89.4,89.4
768,"TGO","Togo",83.7,83.7,83.7,83.7,83.7,83.7,83.7,83.7,83.7,82.6,78.6,76.6,74.2,73.7,79.1,81.7,76,81.7,78,81.7,81.7,86.7,80.5,79.6,74.3,70.1,71.3,76.8,76.8,76.8
776,"TON","Tonga",NA,NA,NA,NA,NA,NA,NA,NA,NA,NA,NA,NA,NA,NA,NA,NA,NA,NA,NA,NA,NA,NA,NA,NA,NA,NA,NA,NA,NA,NA
780,"TTO","Trinidad and Tobago",47.9,47.9,47.9,47.9,47.9,47.9,47.9,47.9,47.9,51.4,51.9,50.1,50.6,47.2,50.5,54.7,51.5,56.2,48,51.1,51.3,51.2,47,34.8,36.9,40.9,41.4,42,42,42
788,"TUN","Tunisia",30.8,30.8,30.8,30.8,30.8,30.8,30.8,30.8,30.8,37.8,30.2,32.3,33,33.4,32.3,28.2,33.6,32.6,28,35.2,33.9,37.8,16.7,16.7,11.5,16.6,21.2,24.6,24.6,24.6
792,"TUR","Turkiye",42,42,42,42,42,42,42,42,42,47.5,38.7,40.8,41,43.1,45.9,41.6,49.2,45,42.5,50.1,48.5,45.7,44,39.4,38.4,40.4,39.4,44.7,44.7,44.7
795,"TKM","Turkmenistan",41.9,41.9,41.9,41.9,41.9,41.9,41.9,41.9,41.9,43.1,40.1,38.8,41.6,45.1,44.1,42.1,43.4,40,37.5,46.3,43.2,46.8,36.4,37.6,33.3,37.9,37.8,38.8,38.8,38.8
796,"TCA","Turks and Caicos Islands",24.1,24.1,24.1,24.1,24.1,24.1,24.1,24.1,24.1,15.6,17.7,17.6,17.5,17.3,17.2,17,16.9,16.7,16.6,16.5,16.3,16.2,16,15.9,14.9,16.5,19.3,21.6,21.6,21.6
798,"TUV","Tuvalu",NA,NA,NA,NA,NA,NA,NA,NA,NA,NA,NA,NA,NA,NA,NA,NA,NA,NA,NA,NA,NA,NA,NA,NA,NA,NA,NA,NA,NA,NA
800,"UGA","Uganda",82.9,82.9,82.9,82.9,82.9,82.9,82.9,82.9,82.9,85.8,81.1,87.4,81.7,83.6,75.9,82.4,82.5,82.3,83.2,85.6,80.1,78,87.3,81.7,90.6,85.2,74.1,77.2,77.2,77.2
804,"UKR","Ukraine",63.1,63.1,63.1,63.1,63.1,63.1,63.1,63.1,63.1,67.1,58.9,60.9,52.7,55.7,60.9,56.5,62,57.7,56.2,61.7,55.6,63,50.9,54.5,49.8,50.9,61.2,59.7,59.7,59.7
784,"ARE","United Arab Emirates",0,0,0,0,0,0,0,0,0,0,0,0,0,0,0,0,0,0,0,0,0,0,0,0,0,0,0,0,0,0
826,"GBR","United Kingdom",90.7,90.7,90.7,90.7,90.7,90.7,90.7,90.7,90.7,90.8,81.1,78.6,81.2,73.5,80.1,84.4,78.3,76.3,62.2,72.1,63.4,76.1,59.9,57.1,52.9,48.9,60.8,60.5,60.5,60.5
840,"USA","United States of America",42.9,42.9,42.9,42.9,42.9,42.9,42.9,42.9,42.9,50.1,34.6,33,35.2,38.4,45.6,40.9,36.9,34.7,35.5,38.8,36.4,35.9,31.6,35.4,34.1,32.4,36.2,36.9,36.9,36.9
858,"URY","Uruguay",100,100,100,100,100,100,100,100,100,100,91.4,96.7,100,92.2,95.7,96.4,96.5,96.3,96.7,97.5,99.5,97.5,88.4,89.7,88.4,81.5,90.1,92.6,92.6,92.6
860,"UZB","Uzbekistan",62.9,62.9,62.9,62.9,62.9,62.9,62.9,62.9,62.9,64.2,61.4,61.1,61.6,66.1,66.2,63.1,64.3,63.7,60.8,68.8,64.2,67.9,54.9,55.7,51.4,56.9,57.8,57.1,57.1,57.1
548,"VUT","Vanuatu",81.2,81.2,81.2,81.2,81.2,81.2,81.2,81.2,81.2,78.6,75.9,79,86,86.2,76.4,76.9,77.4,77.9,78.4,78.9,80.1,87.7,74.9,68.9,62,67.3,74.8,88.9,88.9,88.9
862,"VEN","Venezuela",97.6,97.6,97.6,97.6,97.6,97.6,97.6,97.6,97.6,95.9,96.2,95.3,94.6,88.6,92.7,100,100,100,91,86.7,90.6,99.2,93.2,79.2,80.7,85.3,89.1,90.5,90.5,90.5
704,"VNM","Viet Nam",46.3,46.3,46.3,46.3,46.3,46.3,46.3,46.3,46.3,46.6,47.6,50.9,51.4,52.7,53.4,52.5,45.6,55.8,52.8,54,47.4,52.7,50.4,41.7,35.3,38.9,43.1,46.6,46.6,46.6
876,"WLF","Wallis and Futuna Islands",NA,NA,NA,NA,NA,NA,NA,NA,NA,NA,NA,NA,NA,NA,NA,NA,NA,NA,NA,NA,NA,NA,NA,NA,NA,NA,NA,NA,NA,NA
732,"ESH","Western Sahara",NA,NA,NA,NA,NA,NA,NA,NA,NA,NA,NA,NA,NA,NA,NA,NA,NA,NA,NA,NA,NA,NA,NA,NA,NA,NA,NA,NA,NA,NA
887,"YEM","Yemen",11.7,11.7,11.7,11.7,11.7,11.7,11.7,11.7,11.7,13.4,20.2,16.5,18.4,15.7,19.9,19,9.9,9.1,19.6,19.4,17.9,19.4,3.5,4,0,0,0,0,0,0
894,"ZMB","Zambia",91.1,91.1,91.1,91.1,91.1,91.1,91.1,91.1,91.1,94.1,83.2,95.2,87.3,84.2,91.2,86.2,85.3,85.4,86.8,86.2,87.8,88.4,90,89,86.2,85.2,82,82.6,82.6,82.6
716,"ZWE","Zimbabwe",93.9,93.9,93.9,93.9,93.9,93.9,93.9,93.9,93.9,97.3,87.4,97.4,90.2,86,95.5,90.1,90.2,86.8,90.9,91.9,89.1,91.4,94.5,88.2,85.2,86.8,84.8,84,84,84
