"code","iso","country","PHL.ind.1995","PHL.ind.1996","PHL.ind.1997","PHL.ind.1998","PHL.ind.1999","PHL.ind.2000","PHL.ind.2001","PHL.ind.2002","PHL.ind.2003","PHL.ind.2004","PHL.ind.2005","PHL.ind.2006","PHL.ind.2007","PHL.ind.2008","PHL.ind.2009","PHL.ind.2010","PHL.ind.2011","PHL.ind.2012","PHL.ind.2013","PHL.ind.2014","PHL.ind.2015","PHL.ind.2016","PHL.ind.2017","PHL.ind.2018","PHL.ind.2019","PHL.ind.2020","PHL.ind.2021","PHL.ind.2022","PHL.ind.2023","PHL.ind.2024"
4,"AFG","Afghanistan",80.9,80.9,80.9,80.9,80.9,80.9,80.9,80.9,80.9,80.9,80.9,80.9,80.9,80.9,80.9,80.9,80.9,80.9,80.9,80.9,80.9,80.9,80.9,80.9,80.9,80.9,80.9,80.9,80.9,80.9
8,"ALB","Albania",63.4,63.4,63.4,63.4,63.4,63.4,63.4,63.4,63.4,63.4,63.4,63.4,63.4,63.4,63.4,63.4,63.4,63.4,63.4,63.4,63.4,63.4,63.4,63.4,63.4,63.4,63.4,63.4,63.4,63.4
12,"DZA","Algeria",58.8,58.8,58.8,58.8,58.8,58.8,58.8,58.8,58.8,58.8,58.8,58.8,58.8,58.8,58.8,58.8,58.8,58.8,58.8,58.8,58.8,58.8,58.8,58.8,58.8,58.8,58.8,58.8,58.8,58.8
20,"AND","Andorra",NA,NA,NA,NA,NA,NA,NA,NA,NA,NA,NA,NA,NA,NA,NA,NA,NA,NA,NA,NA,NA,NA,NA,NA,NA,NA,NA,NA,NA,NA
24,"AGO","Angola",89.8,89.8,89.8,89.8,89.8,89.8,89.8,89.8,89.8,89.8,89.8,89.8,89.8,89.8,89.8,89.8,89.8,89.8,89.8,89.8,89.8,89.8,89.8,89.8,89.8,89.8,89.8,89.8,89.8,89.8
660,"AIA","Anguilla",NA,NA,NA,NA,NA,NA,NA,NA,NA,NA,NA,NA,NA,NA,NA,NA,NA,NA,NA,NA,NA,NA,NA,NA,NA,NA,NA,NA,NA,NA
28,"ATG","Antigua and Barbuda",90,90,90,90,90,90,90,90,90,90,90,90,90,90,90,90,90,90,90,90,90,90,90,90,90,90,90,90,90,90
32,"ARG","Argentina",71.6,71.6,71.6,71.6,71.6,71.6,71.6,71.6,71.6,71.6,71.6,71.6,71.6,71.6,71.6,71.6,71.6,71.6,71.6,71.6,71.6,71.6,71.6,71.6,71.6,71.6,71.6,71.6,71.6,71.6
51,"ARM","Armenia",71.5,71.5,71.5,71.5,71.5,71.5,71.5,71.5,71.5,71.5,71.5,71.5,71.5,71.5,71.5,71.5,71.5,71.5,71.5,71.5,71.5,71.5,71.5,71.5,71.5,71.5,71.5,71.5,71.5,71.5
533,"ABW","Aruba",NA,NA,NA,NA,NA,NA,NA,NA,NA,NA,NA,NA,NA,NA,NA,NA,NA,NA,NA,NA,NA,NA,NA,NA,NA,NA,NA,NA,NA,NA
36,"AUS","Australia",92.2,92.2,92.2,92.2,92.2,92.2,92.2,92.2,92.2,92.2,92.2,92.2,92.2,92.2,92.2,92.2,92.2,92.2,92.2,92.2,92.2,92.2,92.2,92.2,92.2,92.2,92.2,92.2,92.2,92.2
40,"AUT","Austria",57.9,57.9,57.9,57.9,57.9,57.9,57.9,57.9,57.9,57.9,57.9,57.9,57.9,57.9,57.9,57.9,57.9,57.9,57.9,57.9,57.9,57.9,57.9,57.9,57.9,57.9,57.9,57.9,57.9,57.9
31,"AZE","Azerbaijan",31,31,31,31,31,31,31,31,31,31,31,31,31,31,31,31,31,31,31,31,31,31,31,31,31,31,31,31,31,31
44,"BHS","Bahamas",100,100,100,100,100,100,100,100,100,100,100,100,100,100,100,100,100,100,100,100,100,100,100,100,100,100,100,100,100,100
48,"BHR","Bahrain",NA,NA,NA,NA,NA,NA,NA,NA,NA,NA,NA,NA,NA,NA,NA,NA,NA,NA,NA,NA,NA,NA,NA,NA,NA,NA,NA,NA,NA,NA
50,"BGD","Bangladesh",51,51,51,51,51,51,51,51,51,51,51,51,51,51,51,51,51,51,51,51,51,51,51,51,51,51,51,51,51,51
52,"BRB","Barbados",NA,NA,NA,NA,NA,NA,NA,NA,NA,NA,NA,NA,NA,NA,NA,NA,NA,NA,NA,NA,NA,NA,NA,NA,NA,NA,NA,NA,NA,NA
112,"BLR","Belarus",72.3,72.3,72.3,72.3,72.3,72.3,72.3,72.3,72.3,72.3,72.3,72.3,72.3,72.3,72.3,72.3,72.3,72.3,72.3,72.3,72.3,72.3,72.3,72.3,72.3,72.3,72.3,72.3,72.3,72.3
56,"BEL","Belgium",70.8,70.8,70.8,70.8,70.8,70.8,70.8,70.8,70.8,70.8,70.8,70.8,70.8,70.8,70.8,70.8,70.8,70.8,70.8,70.8,70.8,70.8,70.8,70.8,70.8,70.8,70.8,70.8,70.8,70.8
84,"BLZ","Belize",99.4,99.4,99.4,99.4,99.4,99.4,99.4,99.4,99.4,99.4,99.4,99.4,99.4,99.4,99.4,99.4,99.4,99.4,99.4,99.4,99.4,99.4,99.4,99.4,99.4,99.4,99.4,99.4,99.4,99.4
204,"BEN","Benin",79.3,79.3,79.3,79.3,79.3,79.3,79.3,79.3,79.3,79.3,79.3,79.3,79.3,79.3,79.3,79.3,79.3,79.3,79.3,79.3,79.3,79.3,79.3,79.3,79.3,79.3,79.3,79.3,79.3,79.3
60,"BMU","Bermuda",NA,NA,NA,NA,NA,NA,NA,NA,NA,NA,NA,NA,NA,NA,NA,NA,NA,NA,NA,NA,NA,NA,NA,NA,NA,NA,NA,NA,NA,NA
64,"BTN","Bhutan",99,99,99,99,99,99,99,99,99,99,99,99,99,99,99,99,99,99,99,99,99,99,99,99,99,99,99,99,99,99
68,"BOL","Bolivia",95.5,95.5,95.5,95.5,95.5,95.5,95.5,95.5,95.5,95.5,95.5,95.5,95.5,95.5,95.5,95.5,95.5,95.5,95.5,95.5,95.5,95.5,95.5,95.5,95.5,95.5,95.5,95.5,95.5,95.5
70,"BIH","Bosnia and Herzegovina",75,75,75,75,75,75,75,75,75,75,75,75,75,75,75,75,75,75,75,75,75,75,75,75,75,75,75,75,75,75
72,"BWA","Botswana",54.5,54.5,54.5,54.5,54.5,54.5,54.5,54.5,54.5,54.5,54.5,54.5,54.5,54.5,54.5,54.5,54.5,54.5,54.5,54.5,54.5,54.5,54.5,54.5,54.5,54.5,54.5,54.5,54.5,54.5
76,"BRA","Brazil",94,94,94,94,94,94,94,94,94,94,94,94,94,94,94,94,94,94,94,94,94,94,94,94,94,94,94,94,94,94
92,"VGB","British Virgin Islands",NA,NA,NA,NA,NA,NA,NA,NA,NA,NA,NA,NA,NA,NA,NA,NA,NA,NA,NA,NA,NA,NA,NA,NA,NA,NA,NA,NA,NA,NA
96,"BRN","Brunei Darussalam",99.9,99.9,99.9,99.9,99.9,99.9,99.9,99.9,99.9,99.9,99.9,99.9,99.9,99.9,99.9,99.9,99.9,99.9,99.9,99.9,99.9,99.9,99.9,99.9,99.9,99.9,99.9,99.9,99.9,99.9
100,"BGR","Bulgaria",0,0,0,0,0,0,0,0,0,0,0,0,0,0,0,0,0,0,0,0,0,0,0,0,0,0,0,0,0,0
854,"BFA","Burkina Faso",85,85,85,85,85,85,85,85,85,85,85,85,85,85,85,85,85,85,85,85,85,85,85,85,85,85,85,85,85,85
108,"BDI","Burundi",95.7,95.7,95.7,95.7,95.7,95.7,95.7,95.7,95.7,95.7,95.7,95.7,95.7,95.7,95.7,95.7,95.7,95.7,95.7,95.7,95.7,95.7,95.7,95.7,95.7,95.7,95.7,95.7,95.7,95.7
132,"CPV","Cabo Verde",91.3,91.3,91.3,91.3,91.3,91.3,91.3,91.3,91.3,91.3,91.3,91.3,91.3,91.3,91.3,91.3,91.3,91.3,91.3,91.3,91.3,91.3,91.3,91.3,91.3,91.3,91.3,91.3,91.3,91.3
116,"KHM","Cambodia",86.1,86.1,86.1,86.1,86.1,86.1,86.1,86.1,86.1,86.1,86.1,86.1,86.1,86.1,86.1,86.1,86.1,86.1,86.1,86.1,86.1,86.1,86.1,86.1,86.1,86.1,86.1,86.1,86.1,86.1
120,"CMR","Cameroon",89.1,89.1,89.1,89.1,89.1,89.1,89.1,89.1,89.1,89.1,89.1,89.1,89.1,89.1,89.1,89.1,89.1,89.1,89.1,89.1,89.1,89.1,89.1,89.1,89.1,89.1,89.1,89.1,89.1,89.1
124,"CAN","Canada",99,99,99,99,99,99,99,99,99,99,99,99,99,99,99,99,99,99,99,99,99,99,99,99,99,99,99,99,99,99
136,"CYM","Cayman Islands",NA,NA,NA,NA,NA,NA,NA,NA,NA,NA,NA,NA,NA,NA,NA,NA,NA,NA,NA,NA,NA,NA,NA,NA,NA,NA,NA,NA,NA,NA
140,"CAF","Central African Republic",99.4,99.4,99.4,99.4,99.4,99.4,99.4,99.4,99.4,99.4,99.4,99.4,99.4,99.4,99.4,99.4,99.4,99.4,99.4,99.4,99.4,99.4,99.4,99.4,99.4,99.4,99.4,99.4,99.4,99.4
148,"TCD","Chad",87,87,87,87,87,87,87,87,87,87,87,87,87,87,87,87,87,87,87,87,87,87,87,87,87,87,87,87,87,87
152,"CHL","Chile",95.6,95.6,95.6,95.6,95.6,95.6,95.6,95.6,95.6,95.6,95.6,95.6,95.6,95.6,95.6,95.6,95.6,95.6,95.6,95.6,95.6,95.6,95.6,95.6,95.6,95.6,95.6,95.6,95.6,95.6
156,"CHN","China",0,0,0,0,0,0,0,0,0,0,0,0,0,0,0,0,0,0,0,0,0,0,0,0,0,0,0,0,0,0
170,"COL","Colombia",97.1,97.1,97.1,97.1,97.1,97.1,97.1,97.1,97.1,97.1,97.1,97.1,97.1,97.1,97.1,97.1,97.1,97.1,97.1,97.1,97.1,97.1,97.1,97.1,97.1,97.1,97.1,97.1,97.1,97.1
174,"COM","Comoros",99.6,99.6,99.6,99.6,99.6,99.6,99.6,99.6,99.6,99.6,99.6,99.6,99.6,99.6,99.6,99.6,99.6,99.6,99.6,99.6,99.6,99.6,99.6,99.6,99.6,99.6,99.6,99.6,99.6,99.6
184,"COK","Cook Islands",NA,NA,NA,NA,NA,NA,NA,NA,NA,NA,NA,NA,NA,NA,NA,NA,NA,NA,NA,NA,NA,NA,NA,NA,NA,NA,NA,NA,NA,NA
188,"CRI","Costa Rica",97.2,97.2,97.2,97.2,97.2,97.2,97.2,97.2,97.2,97.2,97.2,97.2,97.2,97.2,97.2,97.2,97.2,97.2,97.2,97.2,97.2,97.2,97.2,97.2,97.2,97.2,97.2,97.2,97.2,97.2
384,"CIV","Cote d'Ivoire",96.2,96.2,96.2,96.2,96.2,96.2,96.2,96.2,96.2,96.2,96.2,96.2,96.2,96.2,96.2,96.2,96.2,96.2,96.2,96.2,96.2,96.2,96.2,96.2,96.2,96.2,96.2,96.2,96.2,96.2
191,"HRV","Croatia",52.5,52.5,52.5,52.5,52.5,52.5,52.5,52.5,52.5,52.5,52.5,52.5,52.5,52.5,52.5,52.5,52.5,52.5,52.5,52.5,52.5,52.5,52.5,52.5,52.5,52.5,52.5,52.5,52.5,52.5
192,"CUB","Cuba",97.1,97.1,97.1,97.1,97.1,97.1,97.1,97.1,97.1,97.1,97.1,97.1,97.1,97.1,97.1,97.1,97.1,97.1,97.1,97.1,97.1,97.1,97.1,97.1,97.1,97.1,97.1,97.1,97.1,97.1
531,"CUW","Curacao",NA,NA,NA,NA,NA,NA,NA,NA,NA,NA,NA,NA,NA,NA,NA,NA,NA,NA,NA,NA,NA,NA,NA,NA,NA,NA,NA,NA,NA,NA
196,"CYP","Cyprus",37.1,37.1,37.1,37.1,37.1,37.1,37.1,37.1,37.1,37.1,37.1,37.1,37.1,37.1,37.1,37.1,37.1,37.1,37.1,37.1,37.1,37.1,37.1,37.1,37.1,37.1,37.1,37.1,37.1,37.1
203,"CZE","Czech Republic",31.2,31.2,31.2,31.2,31.2,31.2,31.2,31.2,31.2,31.2,31.2,31.2,31.2,31.2,31.2,31.2,31.2,31.2,31.2,31.2,31.2,31.2,31.2,31.2,31.2,31.2,31.2,31.2,31.2,31.2
180,"COD","Dem. Rep. Congo",97.6,97.6,97.6,97.6,97.6,97.6,97.6,97.6,97.6,97.6,97.6,97.6,97.6,97.6,97.6,97.6,97.6,97.6,97.6,97.6,97.6,97.6,97.6,97.6,97.6,97.6,97.6,97.6,97.6,97.6
208,"DNK","Denmark",67.4,67.4,67.4,67.4,67.4,67.4,67.4,67.4,67.4,67.4,67.4,67.4,67.4,67.4,67.4,67.4,67.4,67.4,67.4,67.4,67.4,67.4,67.4,67.4,67.4,67.4,67.4,67.4,67.4,67.4
262,"DJI","Djibouti",100,100,100,100,100,100,100,100,100,100,100,100,100,100,100,100,100,100,100,100,100,100,100,100,100,100,100,100,100,100
212,"DMA","Dominica",95.7,95.7,95.7,95.7,95.7,95.7,95.7,95.7,95.7,95.7,95.7,95.7,95.7,95.7,95.7,95.7,95.7,95.7,95.7,95.7,95.7,95.7,95.7,95.7,95.7,95.7,95.7,95.7,95.7,95.7
214,"DOM","Dominican Republic",91,91,91,91,91,91,91,91,91,91,91,91,91,91,91,91,91,91,91,91,91,91,91,91,91,91,91,91,91,91
218,"ECU","Ecuador",96,96,96,96,96,96,96,96,96,96,96,96,96,96,96,96,96,96,96,96,96,96,96,96,96,96,96,96,96,96
818,"EGY","Egypt",98.7,98.7,98.7,98.7,98.7,98.7,98.7,98.7,98.7,98.7,98.7,98.7,98.7,98.7,98.7,98.7,98.7,98.7,98.7,98.7,98.7,98.7,98.7,98.7,98.7,98.7,98.7,98.7,98.7,98.7
222,"SLV","El Salvador",85.2,85.2,85.2,85.2,85.2,85.2,85.2,85.2,85.2,85.2,85.2,85.2,85.2,85.2,85.2,85.2,85.2,85.2,85.2,85.2,85.2,85.2,85.2,85.2,85.2,85.2,85.2,85.2,85.2,85.2
226,"GNQ","Equatorial Guinea",97.3,97.3,97.3,97.3,97.3,97.3,97.3,97.3,97.3,97.3,97.3,97.3,97.3,97.3,97.3,97.3,97.3,97.3,97.3,97.3,97.3,97.3,97.3,97.3,97.3,97.3,97.3,97.3,97.3,97.3
232,"ERI","Eritrea",65.5,65.5,65.5,65.5,65.5,65.5,65.5,65.5,65.5,65.5,65.5,65.5,65.5,65.5,65.5,65.5,65.5,65.5,65.5,65.5,65.5,65.5,65.5,65.5,65.5,65.5,65.5,65.5,65.5,65.5
233,"EST","Estonia",92,92,92,92,92,92,92,92,92,92,92,92,92,92,92,92,92,92,92,92,92,92,92,92,92,92,92,92,92,92
748,"SWZ","Eswatini",98.1,98.1,98.1,98.1,98.1,98.1,98.1,98.1,98.1,98.1,98.1,98.1,98.1,98.1,98.1,98.1,98.1,98.1,98.1,98.1,98.1,98.1,98.1,98.1,98.1,98.1,98.1,98.1,98.1,98.1
231,"ETH","Ethiopia",8.8,8.8,8.8,8.8,8.8,8.8,8.8,8.8,8.8,8.8,8.8,8.8,8.8,8.8,8.8,8.8,8.8,8.8,8.8,8.8,8.8,8.8,8.8,8.8,8.8,8.8,8.8,8.8,8.8,8.8
234,"FRO","Faeroe Islands",NA,NA,NA,NA,NA,NA,NA,NA,NA,NA,NA,NA,NA,NA,NA,NA,NA,NA,NA,NA,NA,NA,NA,NA,NA,NA,NA,NA,NA,NA
238,"FLK","Falkland Islands",100,100,100,100,100,100,100,100,100,100,100,100,100,100,100,100,100,100,100,100,100,100,100,100,100,100,100,100,100,100
242,"FJI","Fiji",99.3,99.3,99.3,99.3,99.3,99.3,99.3,99.3,99.3,99.3,99.3,99.3,99.3,99.3,99.3,99.3,99.3,99.3,99.3,99.3,99.3,99.3,99.3,99.3,99.3,99.3,99.3,99.3,99.3,99.3
246,"FIN","Finland",100,100,100,100,100,100,100,100,100,100,100,100,100,100,100,100,100,100,100,100,100,100,100,100,100,100,100,100,100,100
250,"FRA","France",0,0,0,0,0,0,0,0,0,0,0,0,0,0,0,0,0,0,0,0,0,0,0,0,0,0,0,0,0,0
258,"PYF","French Polynesia",NA,NA,NA,NA,NA,NA,NA,NA,NA,NA,NA,NA,NA,NA,NA,NA,NA,NA,NA,NA,NA,NA,NA,NA,NA,NA,NA,NA,NA,NA
266,"GAB","Gabon",84.2,84.2,84.2,84.2,84.2,84.2,84.2,84.2,84.2,84.2,84.2,84.2,84.2,84.2,84.2,84.2,84.2,84.2,84.2,84.2,84.2,84.2,84.2,84.2,84.2,84.2,84.2,84.2,84.2,84.2
270,"GMB","Gambia",99,99,99,99,99,99,99,99,99,99,99,99,99,99,99,99,99,99,99,99,99,99,99,99,99,99,99,99,99,99
268,"GEO","Georgia",98,98,98,98,98,98,98,98,98,98,98,98,98,98,98,98,98,98,98,98,98,98,98,98,98,98,98,98,98,98
276,"DEU","Germany",0,0,0,0,0,0,0,0,0,0,0,0,0,0,0,0,0,0,0,0,0,0,0,0,0,0,0,0,0,0
288,"GHA","Ghana",92,92,92,92,92,92,92,92,92,92,92,92,92,92,92,92,92,92,92,92,92,92,92,92,92,92,92,92,92,92
300,"GRC","Greece",18.5,18.5,18.5,18.5,18.5,18.5,18.5,18.5,18.5,18.5,18.5,18.5,18.5,18.5,18.5,18.5,18.5,18.5,18.5,18.5,18.5,18.5,18.5,18.5,18.5,18.5,18.5,18.5,18.5,18.5
304,"GRL","Greenland",NA,NA,NA,NA,NA,NA,NA,NA,NA,NA,NA,NA,NA,NA,NA,NA,NA,NA,NA,NA,NA,NA,NA,NA,NA,NA,NA,NA,NA,NA
308,"GRD","Grenada",74.6,74.6,74.6,74.6,74.6,74.6,74.6,74.6,74.6,74.6,74.6,74.6,74.6,74.6,74.6,74.6,74.6,74.6,74.6,74.6,74.6,74.6,74.6,74.6,74.6,74.6,74.6,74.6,74.6,74.6
320,"GTM","Guatemala",88,88,88,88,88,88,88,88,88,88,88,88,88,88,88,88,88,88,88,88,88,88,88,88,88,88,88,88,88,88
831,"GGY","Guernsey",NA,NA,NA,NA,NA,NA,NA,NA,NA,NA,NA,NA,NA,NA,NA,NA,NA,NA,NA,NA,NA,NA,NA,NA,NA,NA,NA,NA,NA,NA
324,"GIN","Guinea",91.1,91.1,91.1,91.1,91.1,91.1,91.1,91.1,91.1,91.1,91.1,91.1,91.1,91.1,91.1,91.1,91.1,91.1,91.1,91.1,91.1,91.1,91.1,91.1,91.1,91.1,91.1,91.1,91.1,91.1
624,"GNB","Guinea-Bissau",96.7,96.7,96.7,96.7,96.7,96.7,96.7,96.7,96.7,96.7,96.7,96.7,96.7,96.7,96.7,96.7,96.7,96.7,96.7,96.7,96.7,96.7,96.7,96.7,96.7,96.7,96.7,96.7,96.7,96.7
328,"GUY","Guyana",98.5,98.5,98.5,98.5,98.5,98.5,98.5,98.5,98.5,98.5,98.5,98.5,98.5,98.5,98.5,98.5,98.5,98.5,98.5,98.5,98.5,98.5,98.5,98.5,98.5,98.5,98.5,98.5,98.5,98.5
332,"HTI","Haiti",62.9,62.9,62.9,62.9,62.9,62.9,62.9,62.9,62.9,62.9,62.9,62.9,62.9,62.9,62.9,62.9,62.9,62.9,62.9,62.9,62.9,62.9,62.9,62.9,62.9,62.9,62.9,62.9,62.9,62.9
336,"VAT","Holy See",NA,NA,NA,NA,NA,NA,NA,NA,NA,NA,NA,NA,NA,NA,NA,NA,NA,NA,NA,NA,NA,NA,NA,NA,NA,NA,NA,NA,NA,NA
340,"HND","Honduras",95.3,95.3,95.3,95.3,95.3,95.3,95.3,95.3,95.3,95.3,95.3,95.3,95.3,95.3,95.3,95.3,95.3,95.3,95.3,95.3,95.3,95.3,95.3,95.3,95.3,95.3,95.3,95.3,95.3,95.3
344,"HKG","Hong Kong",NA,NA,NA,NA,NA,NA,NA,NA,NA,NA,NA,NA,NA,NA,NA,NA,NA,NA,NA,NA,NA,NA,NA,NA,NA,NA,NA,NA,NA,NA
348,"HUN","Hungary",38.5,38.5,38.5,38.5,38.5,38.5,38.5,38.5,38.5,38.5,38.5,38.5,38.5,38.5,38.5,38.5,38.5,38.5,38.5,38.5,38.5,38.5,38.5,38.5,38.5,38.5,38.5,38.5,38.5,38.5
352,"ISL","Iceland",99.7,99.7,99.7,99.7,99.7,99.7,99.7,99.7,99.7,99.7,99.7,99.7,99.7,99.7,99.7,99.7,99.7,99.7,99.7,99.7,99.7,99.7,99.7,99.7,99.7,99.7,99.7,99.7,99.7,99.7
356,"IND","India",94.5,94.5,94.5,94.5,94.5,94.5,94.5,94.5,94.5,94.5,94.5,94.5,94.5,94.5,94.5,94.5,94.5,94.5,94.5,94.5,94.5,94.5,94.5,94.5,94.5,94.5,94.5,94.5,94.5,94.5
360,"IDN","Indonesia",97.4,97.4,97.4,97.4,97.4,97.4,97.4,97.4,97.4,97.4,97.4,97.4,97.4,97.4,97.4,97.4,97.4,97.4,97.4,97.4,97.4,97.4,97.4,97.4,97.4,97.4,97.4,97.4,97.4,97.4
364,"IRN","Iran",80.2,80.2,80.2,80.2,80.2,80.2,80.2,80.2,80.2,80.2,80.2,80.2,80.2,80.2,80.2,80.2,80.2,80.2,80.2,80.2,80.2,80.2,80.2,80.2,80.2,80.2,80.2,80.2,80.2,80.2
368,"IRQ","Iraq",78.2,78.2,78.2,78.2,78.2,78.2,78.2,78.2,78.2,78.2,78.2,78.2,78.2,78.2,78.2,78.2,78.2,78.2,78.2,78.2,78.2,78.2,78.2,78.2,78.2,78.2,78.2,78.2,78.2,78.2
372,"IRL","Ireland",95.5,95.5,95.5,95.5,95.5,95.5,95.5,95.5,95.5,95.5,95.5,95.5,95.5,95.5,95.5,95.5,95.5,95.5,95.5,95.5,95.5,95.5,95.5,95.5,95.5,95.5,95.5,95.5,95.5,95.5
833,"IMN","Isle of Man",NA,NA,NA,NA,NA,NA,NA,NA,NA,NA,NA,NA,NA,NA,NA,NA,NA,NA,NA,NA,NA,NA,NA,NA,NA,NA,NA,NA,NA,NA
376,"ISR","Israel",92.1,92.1,92.1,92.1,92.1,92.1,92.1,92.1,92.1,92.1,92.1,92.1,92.1,92.1,92.1,92.1,92.1,92.1,92.1,92.1,92.1,92.1,92.1,92.1,92.1,92.1,92.1,92.1,92.1,92.1
380,"ITA","Italy",44.7,44.7,44.7,44.7,44.7,44.7,44.7,44.7,44.7,44.7,44.7,44.7,44.7,44.7,44.7,44.7,44.7,44.7,44.7,44.7,44.7,44.7,44.7,44.7,44.7,44.7,44.7,44.7,44.7,44.7
388,"JAM","Jamaica",52.2,52.2,52.2,52.2,52.2,52.2,52.2,52.2,52.2,52.2,52.2,52.2,52.2,52.2,52.2,52.2,52.2,52.2,52.2,52.2,52.2,52.2,52.2,52.2,52.2,52.2,52.2,52.2,52.2,52.2
392,"JPN","Japan",78.5,78.5,78.5,78.5,78.5,78.5,78.5,78.5,78.5,78.5,78.5,78.5,78.5,78.5,78.5,78.5,78.5,78.5,78.5,78.5,78.5,78.5,78.5,78.5,78.5,78.5,78.5,78.5,78.5,78.5
832,"JEY","Jersey",NA,NA,NA,NA,NA,NA,NA,NA,NA,NA,NA,NA,NA,NA,NA,NA,NA,NA,NA,NA,NA,NA,NA,NA,NA,NA,NA,NA,NA,NA
400,"JOR","Jordan",87.1,87.1,87.1,87.1,87.1,87.1,87.1,87.1,87.1,87.1,87.1,87.1,87.1,87.1,87.1,87.1,87.1,87.1,87.1,87.1,87.1,87.1,87.1,87.1,87.1,87.1,87.1,87.1,87.1,87.1
398,"KAZ","Kazakhstan",16.1,16.1,16.1,16.1,16.1,16.1,16.1,16.1,16.1,16.1,16.1,16.1,16.1,16.1,16.1,16.1,16.1,16.1,16.1,16.1,16.1,16.1,16.1,16.1,16.1,16.1,16.1,16.1,16.1,16.1
404,"KEN","Kenya",5.5,5.5,5.5,5.5,5.5,5.5,5.5,5.5,5.5,5.5,5.5,5.5,5.5,5.5,5.5,5.5,5.5,5.5,5.5,5.5,5.5,5.5,5.5,5.5,5.5,5.5,5.5,5.5,5.5,5.5
296,"KIR","Kiribati",NA,NA,NA,NA,NA,NA,NA,NA,NA,NA,NA,NA,NA,NA,NA,NA,NA,NA,NA,NA,NA,NA,NA,NA,NA,NA,NA,NA,NA,NA
689,"XKX","Kosovo",NA,NA,NA,NA,NA,NA,NA,NA,NA,NA,NA,NA,NA,NA,NA,NA,NA,NA,NA,NA,NA,NA,NA,NA,NA,NA,NA,NA,NA,NA
414,"KWT","Kuwait",99.8,99.8,99.8,99.8,99.8,99.8,99.8,99.8,99.8,99.8,99.8,99.8,99.8,99.8,99.8,99.8,99.8,99.8,99.8,99.8,99.8,99.8,99.8,99.8,99.8,99.8,99.8,99.8,99.8,99.8
417,"KGZ","Kyrgyzstan",74.8,74.8,74.8,74.8,74.8,74.8,74.8,74.8,74.8,74.8,74.8,74.8,74.8,74.8,74.8,74.8,74.8,74.8,74.8,74.8,74.8,74.8,74.8,74.8,74.8,74.8,74.8,74.8,74.8,74.8
418,"LAO","Laos",97.3,97.3,97.3,97.3,97.3,97.3,97.3,97.3,97.3,97.3,97.3,97.3,97.3,97.3,97.3,97.3,97.3,97.3,97.3,97.3,97.3,97.3,97.3,97.3,97.3,97.3,97.3,97.3,97.3,97.3
428,"LVA","Latvia",55.7,55.7,55.7,55.7,55.7,55.7,55.7,55.7,55.7,55.7,55.7,55.7,55.7,55.7,55.7,55.7,55.7,55.7,55.7,55.7,55.7,55.7,55.7,55.7,55.7,55.7,55.7,55.7,55.7,55.7
422,"LBN","Lebanon",79.2,79.2,79.2,79.2,79.2,79.2,79.2,79.2,79.2,79.2,79.2,79.2,79.2,79.2,79.2,79.2,79.2,79.2,79.2,79.2,79.2,79.2,79.2,79.2,79.2,79.2,79.2,79.2,79.2,79.2
426,"LSO","Lesotho",77.2,77.2,77.2,77.2,77.2,77.2,77.2,77.2,77.2,77.2,77.2,77.2,77.2,77.2,77.2,77.2,77.2,77.2,77.2,77.2,77.2,77.2,77.2,77.2,77.2,77.2,77.2,77.2,77.2,77.2
430,"LBR","Liberia",96.9,96.9,96.9,96.9,96.9,96.9,96.9,96.9,96.9,96.9,96.9,96.9,96.9,96.9,96.9,96.9,96.9,96.9,96.9,96.9,96.9,96.9,96.9,96.9,96.9,96.9,96.9,96.9,96.9,96.9
434,"LBY","Libya",NA,NA,NA,NA,NA,NA,NA,NA,NA,NA,NA,NA,NA,NA,NA,NA,NA,NA,NA,NA,NA,NA,NA,NA,NA,NA,NA,NA,NA,NA
438,"LIE","Liechtenstein",NA,NA,NA,NA,NA,NA,NA,NA,NA,NA,NA,NA,NA,NA,NA,NA,NA,NA,NA,NA,NA,NA,NA,NA,NA,NA,NA,NA,NA,NA
440,"LTU","Lithuania",41.8,41.8,41.8,41.8,41.8,41.8,41.8,41.8,41.8,41.8,41.8,41.8,41.8,41.8,41.8,41.8,41.8,41.8,41.8,41.8,41.8,41.8,41.8,41.8,41.8,41.8,41.8,41.8,41.8,41.8
442,"LUX","Luxembourg",0,0,0,0,0,0,0,0,0,0,0,0,0,0,0,0,0,0,0,0,0,0,0,0,0,0,0,0,0,0
446,"MAC","Macao",NA,NA,NA,NA,NA,NA,NA,NA,NA,NA,NA,NA,NA,NA,NA,NA,NA,NA,NA,NA,NA,NA,NA,NA,NA,NA,NA,NA,NA,NA
450,"MDG","Madagascar",91.1,91.1,91.1,91.1,91.1,91.1,91.1,91.1,91.1,91.1,91.1,91.1,91.1,91.1,91.1,91.1,91.1,91.1,91.1,91.1,91.1,91.1,91.1,91.1,91.1,91.1,91.1,91.1,91.1,91.1
454,"MWI","Malawi",90.9,90.9,90.9,90.9,90.9,90.9,90.9,90.9,90.9,90.9,90.9,90.9,90.9,90.9,90.9,90.9,90.9,90.9,90.9,90.9,90.9,90.9,90.9,90.9,90.9,90.9,90.9,90.9,90.9,90.9
458,"MYS","Malaysia",96.7,96.7,96.7,96.7,96.7,96.7,96.7,96.7,96.7,96.7,96.7,96.7,96.7,96.7,96.7,96.7,96.7,96.7,96.7,96.7,96.7,96.7,96.7,96.7,96.7,96.7,96.7,96.7,96.7,96.7
462,"MDV","Maldives",NA,NA,NA,NA,NA,NA,NA,NA,NA,NA,NA,NA,NA,NA,NA,NA,NA,NA,NA,NA,NA,NA,NA,NA,NA,NA,NA,NA,NA,NA
466,"MLI","Mali",92.2,92.2,92.2,92.2,92.2,92.2,92.2,92.2,92.2,92.2,92.2,92.2,92.2,92.2,92.2,92.2,92.2,92.2,92.2,92.2,92.2,92.2,92.2,92.2,92.2,92.2,92.2,92.2,92.2,92.2
470,"MLT","Malta",0,0,0,0,0,0,0,0,0,0,0,0,0,0,0,0,0,0,0,0,0,0,0,0,0,0,0,0,0,0
584,"MHL","Marshall Islands",NA,NA,NA,NA,NA,NA,NA,NA,NA,NA,NA,NA,NA,NA,NA,NA,NA,NA,NA,NA,NA,NA,NA,NA,NA,NA,NA,NA,NA,NA
478,"MRT","Mauritania",NA,NA,NA,NA,NA,NA,NA,NA,NA,NA,NA,NA,NA,NA,NA,NA,NA,NA,NA,NA,NA,NA,NA,NA,NA,NA,NA,NA,NA,NA
480,"MUS","Mauritius",99.7,99.7,99.7,99.7,99.7,99.7,99.7,99.7,99.7,99.7,99.7,99.7,99.7,99.7,99.7,99.7,99.7,99.7,99.7,99.7,99.7,99.7,99.7,99.7,99.7,99.7,99.7,99.7,99.7,99.7
484,"MEX","Mexico",77.9,77.9,77.9,77.9,77.9,77.9,77.9,77.9,77.9,77.9,77.9,77.9,77.9,77.9,77.9,77.9,77.9,77.9,77.9,77.9,77.9,77.9,77.9,77.9,77.9,77.9,77.9,77.9,77.9,77.9
583,"FSM","Micronesia",NA,NA,NA,NA,NA,NA,NA,NA,NA,NA,NA,NA,NA,NA,NA,NA,NA,NA,NA,NA,NA,NA,NA,NA,NA,NA,NA,NA,NA,NA
498,"MDA","Moldova",NA,NA,NA,NA,NA,NA,NA,NA,NA,NA,NA,NA,NA,NA,NA,NA,NA,NA,NA,NA,NA,NA,NA,NA,NA,NA,NA,NA,NA,NA
492,"MCO","Monaco",NA,NA,NA,NA,NA,NA,NA,NA,NA,NA,NA,NA,NA,NA,NA,NA,NA,NA,NA,NA,NA,NA,NA,NA,NA,NA,NA,NA,NA,NA
496,"MNG","Mongolia",63.3,63.3,63.3,63.3,63.3,63.3,63.3,63.3,63.3,63.3,63.3,63.3,63.3,63.3,63.3,63.3,63.3,63.3,63.3,63.3,63.3,63.3,63.3,63.3,63.3,63.3,63.3,63.3,63.3,63.3
499,"MNE","Montenegro",86.9,86.9,86.9,86.9,86.9,86.9,86.9,86.9,86.9,86.9,86.9,86.9,86.9,86.9,86.9,86.9,86.9,86.9,86.9,86.9,86.9,86.9,86.9,86.9,86.9,86.9,86.9,86.9,86.9,86.9
504,"MAR","Morocco",66.1,66.1,66.1,66.1,66.1,66.1,66.1,66.1,66.1,66.1,66.1,66.1,66.1,66.1,66.1,66.1,66.1,66.1,66.1,66.1,66.1,66.1,66.1,66.1,66.1,66.1,66.1,66.1,66.1,66.1
508,"MOZ","Mozambique",96.8,96.8,96.8,96.8,96.8,96.8,96.8,96.8,96.8,96.8,96.8,96.8,96.8,96.8,96.8,96.8,96.8,96.8,96.8,96.8,96.8,96.8,96.8,96.8,96.8,96.8,96.8,96.8,96.8,96.8
104,"MMR","Myanmar",95.3,95.3,95.3,95.3,95.3,95.3,95.3,95.3,95.3,95.3,95.3,95.3,95.3,95.3,95.3,95.3,95.3,95.3,95.3,95.3,95.3,95.3,95.3,95.3,95.3,95.3,95.3,95.3,95.3,95.3
516,"NAM","Namibia",80.1,80.1,80.1,80.1,80.1,80.1,80.1,80.1,80.1,80.1,80.1,80.1,80.1,80.1,80.1,80.1,80.1,80.1,80.1,80.1,80.1,80.1,80.1,80.1,80.1,80.1,80.1,80.1,80.1,80.1
520,"NRU","Nauru",NA,NA,NA,NA,NA,NA,NA,NA,NA,NA,NA,NA,NA,NA,NA,NA,NA,NA,NA,NA,NA,NA,NA,NA,NA,NA,NA,NA,NA,NA
524,"NPL","Nepal",76.9,76.9,76.9,76.9,76.9,76.9,76.9,76.9,76.9,76.9,76.9,76.9,76.9,76.9,76.9,76.9,76.9,76.9,76.9,76.9,76.9,76.9,76.9,76.9,76.9,76.9,76.9,76.9,76.9,76.9
528,"NLD","Netherlands",61.4,61.4,61.4,61.4,61.4,61.4,61.4,61.4,61.4,61.4,61.4,61.4,61.4,61.4,61.4,61.4,61.4,61.4,61.4,61.4,61.4,61.4,61.4,61.4,61.4,61.4,61.4,61.4,61.4,61.4
540,"NCL","New Caledonia",99.6,99.6,99.6,99.6,99.6,99.6,99.6,99.6,99.6,99.6,99.6,99.6,99.6,99.6,99.6,99.6,99.6,99.6,99.6,99.6,99.6,99.6,99.6,99.6,99.6,99.6,99.6,99.6,99.6,99.6
554,"NZL","New Zealand",99.5,99.5,99.5,99.5,99.5,99.5,99.5,99.5,99.5,99.5,99.5,99.5,99.5,99.5,99.5,99.5,99.5,99.5,99.5,99.5,99.5,99.5,99.5,99.5,99.5,99.5,99.5,99.5,99.5,99.5
558,"NIC","Nicaragua",96.3,96.3,96.3,96.3,96.3,96.3,96.3,96.3,96.3,96.3,96.3,96.3,96.3,96.3,96.3,96.3,96.3,96.3,96.3,96.3,96.3,96.3,96.3,96.3,96.3,96.3,96.3,96.3,96.3,96.3
562,"NER","Niger",89.6,89.6,89.6,89.6,89.6,89.6,89.6,89.6,89.6,89.6,89.6,89.6,89.6,89.6,89.6,89.6,89.6,89.6,89.6,89.6,89.6,89.6,89.6,89.6,89.6,89.6,89.6,89.6,89.6,89.6
566,"NGA","Nigeria",41.4,41.4,41.4,41.4,41.4,41.4,41.4,41.4,41.4,41.4,41.4,41.4,41.4,41.4,41.4,41.4,41.4,41.4,41.4,41.4,41.4,41.4,41.4,41.4,41.4,41.4,41.4,41.4,41.4,41.4
570,"NIU","Niue",NA,NA,NA,NA,NA,NA,NA,NA,NA,NA,NA,NA,NA,NA,NA,NA,NA,NA,NA,NA,NA,NA,NA,NA,NA,NA,NA,NA,NA,NA
408,"PRK","North Korea",NA,NA,NA,NA,NA,NA,NA,NA,NA,NA,NA,NA,NA,NA,NA,NA,NA,NA,NA,NA,NA,NA,NA,NA,NA,NA,NA,NA,NA,NA
807,"MKD","North Macedonia",94.5,94.5,94.5,94.5,94.5,94.5,94.5,94.5,94.5,94.5,94.5,94.5,94.5,94.5,94.5,94.5,94.5,94.5,94.5,94.5,94.5,94.5,94.5,94.5,94.5,94.5,94.5,94.5,94.5,94.5
578,"NOR","Norway",99.9,99.9,99.9,99.9,99.9,99.9,99.9,99.9,99.9,99.9,99.9,99.9,99.9,99.9,99.9,99.9,99.9,99.9,99.9,99.9,99.9,99.9,99.9,99.9,99.9,99.9,99.9,99.9,99.9,99.9
512,"OMN","Oman",98.6,98.6,98.6,98.6,98.6,98.6,98.6,98.6,98.6,98.6,98.6,98.6,98.6,98.6,98.6,98.6,98.6,98.6,98.6,98.6,98.6,98.6,98.6,98.6,98.6,98.6,98.6,98.6,98.6,98.6
586,"PAK","Pakistan",18.7,18.7,18.7,18.7,18.7,18.7,18.7,18.7,18.7,18.7,18.7,18.7,18.7,18.7,18.7,18.7,18.7,18.7,18.7,18.7,18.7,18.7,18.7,18.7,18.7,18.7,18.7,18.7,18.7,18.7
585,"PLW","Palau",NA,NA,NA,NA,NA,NA,NA,NA,NA,NA,NA,NA,NA,NA,NA,NA,NA,NA,NA,NA,NA,NA,NA,NA,NA,NA,NA,NA,NA,NA
591,"PAN","Panama",97.9,97.9,97.9,97.9,97.9,97.9,97.9,97.9,97.9,97.9,97.9,97.9,97.9,97.9,97.9,97.9,97.9,97.9,97.9,97.9,97.9,97.9,97.9,97.9,97.9,97.9,97.9,97.9,97.9,97.9
598,"PNG","Papua New Guinea",98.6,98.6,98.6,98.6,98.6,98.6,98.6,98.6,98.6,98.6,98.6,98.6,98.6,98.6,98.6,98.6,98.6,98.6,98.6,98.6,98.6,98.6,98.6,98.6,98.6,98.6,98.6,98.6,98.6,98.6
600,"PRY","Paraguay",82.6,82.6,82.6,82.6,82.6,82.6,82.6,82.6,82.6,82.6,82.6,82.6,82.6,82.6,82.6,82.6,82.6,82.6,82.6,82.6,82.6,82.6,82.6,82.6,82.6,82.6,82.6,82.6,82.6,82.6
604,"PER","Peru",98.4,98.4,98.4,98.4,98.4,98.4,98.4,98.4,98.4,98.4,98.4,98.4,98.4,98.4,98.4,98.4,98.4,98.4,98.4,98.4,98.4,98.4,98.4,98.4,98.4,98.4,98.4,98.4,98.4,98.4
608,"PHL","Philippines",78.7,78.7,78.7,78.7,78.7,78.7,78.7,78.7,78.7,78.7,78.7,78.7,78.7,78.7,78.7,78.7,78.7,78.7,78.7,78.7,78.7,78.7,78.7,78.7,78.7,78.7,78.7,78.7,78.7,78.7
616,"POL","Poland",0,0,0,0,0,0,0,0,0,0,0,0,0,0,0,0,0,0,0,0,0,0,0,0,0,0,0,0,0,0
620,"PRT","Portugal",47.9,47.9,47.9,47.9,47.9,47.9,47.9,47.9,47.9,47.9,47.9,47.9,47.9,47.9,47.9,47.9,47.9,47.9,47.9,47.9,47.9,47.9,47.9,47.9,47.9,47.9,47.9,47.9,47.9,47.9
634,"QAT","Qatar",98.6,98.6,98.6,98.6,98.6,98.6,98.6,98.6,98.6,98.6,98.6,98.6,98.6,98.6,98.6,98.6,98.6,98.6,98.6,98.6,98.6,98.6,98.6,98.6,98.6,98.6,98.6,98.6,98.6,98.6
178,"COG","Republic of Congo",87.7,87.7,87.7,87.7,87.7,87.7,87.7,87.7,87.7,87.7,87.7,87.7,87.7,87.7,87.7,87.7,87.7,87.7,87.7,87.7,87.7,87.7,87.7,87.7,87.7,87.7,87.7,87.7,87.7,87.7
642,"ROU","Romania",71.1,71.1,71.1,71.1,71.1,71.1,71.1,71.1,71.1,71.1,71.1,71.1,71.1,71.1,71.1,71.1,71.1,71.1,71.1,71.1,71.1,71.1,71.1,71.1,71.1,71.1,71.1,71.1,71.1,71.1
643,"RUS","Russia",91.8,91.8,91.8,91.8,91.8,91.8,91.8,91.8,91.8,91.8,91.8,91.8,91.8,91.8,91.8,91.8,91.8,91.8,91.8,91.8,91.8,91.8,91.8,91.8,91.8,91.8,91.8,91.8,91.8,91.8
646,"RWA","Rwanda",99.3,99.3,99.3,99.3,99.3,99.3,99.3,99.3,99.3,99.3,99.3,99.3,99.3,99.3,99.3,99.3,99.3,99.3,99.3,99.3,99.3,99.3,99.3,99.3,99.3,99.3,99.3,99.3,99.3,99.3
652,"BLM","Saint Barthelemy",NA,NA,NA,NA,NA,NA,NA,NA,NA,NA,NA,NA,NA,NA,NA,NA,NA,NA,NA,NA,NA,NA,NA,NA,NA,NA,NA,NA,NA,NA
659,"KNA","Saint Kitts and Nevis",NA,NA,NA,NA,NA,NA,NA,NA,NA,NA,NA,NA,NA,NA,NA,NA,NA,NA,NA,NA,NA,NA,NA,NA,NA,NA,NA,NA,NA,NA
662,"LCA","Saint Lucia",82.2,82.2,82.2,82.2,82.2,82.2,82.2,82.2,82.2,82.2,82.2,82.2,82.2,82.2,82.2,82.2,82.2,82.2,82.2,82.2,82.2,82.2,82.2,82.2,82.2,82.2,82.2,82.2,82.2,82.2
670,"VCT","Saint Vincent and the Grenadines",99.6,99.6,99.6,99.6,99.6,99.6,99.6,99.6,99.6,99.6,99.6,99.6,99.6,99.6,99.6,99.6,99.6,99.6,99.6,99.6,99.6,99.6,99.6,99.6,99.6,99.6,99.6,99.6,99.6,99.6
882,"WSM","Samoa",89.8,89.8,89.8,89.8,89.8,89.8,89.8,89.8,89.8,89.8,89.8,89.8,89.8,89.8,89.8,89.8,89.8,89.8,89.8,89.8,89.8,89.8,89.8,89.8,89.8,89.8,89.8,89.8,89.8,89.8
674,"SMR","San Marino",NA,NA,NA,NA,NA,NA,NA,NA,NA,NA,NA,NA,NA,NA,NA,NA,NA,NA,NA,NA,NA,NA,NA,NA,NA,NA,NA,NA,NA,NA
678,"STP","Sao Tome and Principe",82.1,82.1,82.1,82.1,82.1,82.1,82.1,82.1,82.1,82.1,82.1,82.1,82.1,82.1,82.1,82.1,82.1,82.1,82.1,82.1,82.1,82.1,82.1,82.1,82.1,82.1,82.1,82.1,82.1,82.1
682,"SAU","Saudi Arabia",95.4,95.4,95.4,95.4,95.4,95.4,95.4,95.4,95.4,95.4,95.4,95.4,95.4,95.4,95.4,95.4,95.4,95.4,95.4,95.4,95.4,95.4,95.4,95.4,95.4,95.4,95.4,95.4,95.4,95.4
686,"SEN","Senegal",61.5,61.5,61.5,61.5,61.5,61.5,61.5,61.5,61.5,61.5,61.5,61.5,61.5,61.5,61.5,61.5,61.5,61.5,61.5,61.5,61.5,61.5,61.5,61.5,61.5,61.5,61.5,61.5,61.5,61.5
688,"SRB","Serbia",85.4,85.4,85.4,85.4,85.4,85.4,85.4,85.4,85.4,85.4,85.4,85.4,85.4,85.4,85.4,85.4,85.4,85.4,85.4,85.4,85.4,85.4,85.4,85.4,85.4,85.4,85.4,85.4,85.4,85.4
690,"SYC","Seychelles",95.8,95.8,95.8,95.8,95.8,95.8,95.8,95.8,95.8,95.8,95.8,95.8,95.8,95.8,95.8,95.8,95.8,95.8,95.8,95.8,95.8,95.8,95.8,95.8,95.8,95.8,95.8,95.8,95.8,95.8
694,"SLE","Sierra Leone",96.9,96.9,96.9,96.9,96.9,96.9,96.9,96.9,96.9,96.9,96.9,96.9,96.9,96.9,96.9,96.9,96.9,96.9,96.9,96.9,96.9,96.9,96.9,96.9,96.9,96.9,96.9,96.9,96.9,96.9
702,"SGP","Singapore",91.7,91.7,91.7,91.7,91.7,91.7,91.7,91.7,91.7,91.7,91.7,91.7,91.7,91.7,91.7,91.7,91.7,91.7,91.7,91.7,91.7,91.7,91.7,91.7,91.7,91.7,91.7,91.7,91.7,91.7
534,"SXM","Sint Maarten",NA,NA,NA,NA,NA,NA,NA,NA,NA,NA,NA,NA,NA,NA,NA,NA,NA,NA,NA,NA,NA,NA,NA,NA,NA,NA,NA,NA,NA,NA
703,"SVK","Slovakia",70.8,70.8,70.8,70.8,70.8,70.8,70.8,70.8,70.8,70.8,70.8,70.8,70.8,70.8,70.8,70.8,70.8,70.8,70.8,70.8,70.8,70.8,70.8,70.8,70.8,70.8,70.8,70.8,70.8,70.8
705,"SVN","Slovenia",54.3,54.3,54.3,54.3,54.3,54.3,54.3,54.3,54.3,54.3,54.3,54.3,54.3,54.3,54.3,54.3,54.3,54.3,54.3,54.3,54.3,54.3,54.3,54.3,54.3,54.3,54.3,54.3,54.3,54.3
90,"SLB","Solomon Islands",99.7,99.7,99.7,99.7,99.7,99.7,99.7,99.7,99.7,99.7,99.7,99.7,99.7,99.7,99.7,99.7,99.7,99.7,99.7,99.7,99.7,99.7,99.7,99.7,99.7,99.7,99.7,99.7,99.7,99.7
706,"SOM","Somalia",NA,NA,NA,NA,NA,NA,NA,NA,NA,NA,NA,NA,NA,NA,NA,NA,NA,NA,NA,NA,NA,NA,NA,NA,NA,NA,NA,NA,NA,NA
710,"ZAF","South Africa",81.8,81.8,81.8,81.8,81.8,81.8,81.8,81.8,81.8,81.8,81.8,81.8,81.8,81.8,81.8,81.8,81.8,81.8,81.8,81.8,81.8,81.8,81.8,81.8,81.8,81.8,81.8,81.8,81.8,81.8
410,"KOR","South Korea",65.4,65.4,65.4,65.4,65.4,65.4,65.4,65.4,65.4,65.4,65.4,65.4,65.4,65.4,65.4,65.4,65.4,65.4,65.4,65.4,65.4,65.4,65.4,65.4,65.4,65.4,65.4,65.4,65.4,65.4
728,"SSD","South Sudan",69.3,69.3,69.3,69.3,69.3,69.3,69.3,69.3,69.3,69.3,69.3,69.3,69.3,69.3,69.3,69.3,69.3,69.3,69.3,69.3,69.3,69.3,69.3,69.3,69.3,69.3,69.3,69.3,69.3,69.3
724,"ESP","Spain",63.5,63.5,63.5,63.5,63.5,63.5,63.5,63.5,63.5,63.5,63.5,63.5,63.5,63.5,63.5,63.5,63.5,63.5,63.5,63.5,63.5,63.5,63.5,63.5,63.5,63.5,63.5,63.5,63.5,63.5
144,"LKA","Sri Lanka",81,81,81,81,81,81,81,81,81,81,81,81,81,81,81,81,81,81,81,81,81,81,81,81,81,81,81,81,81,81
275,"PSE","State of Palestine",0,0,0,0,0,0,0,0,0,0,0,0,0,0,0,0,0,0,0,0,0,0,0,0,0,0,0,0,0,0
729,"SDN","Sudan",58.1,58.1,58.1,58.1,58.1,58.1,58.1,58.1,58.1,58.1,58.1,58.1,58.1,58.1,58.1,58.1,58.1,58.1,58.1,58.1,58.1,58.1,58.1,58.1,58.1,58.1,58.1,58.1,58.1,58.1
740,"SUR","Suriname",98.7,98.7,98.7,98.7,98.7,98.7,98.7,98.7,98.7,98.7,98.7,98.7,98.7,98.7,98.7,98.7,98.7,98.7,98.7,98.7,98.7,98.7,98.7,98.7,98.7,98.7,98.7,98.7,98.7,98.7
752,"SWE","Sweden",99.4,99.4,99.4,99.4,99.4,99.4,99.4,99.4,99.4,99.4,99.4,99.4,99.4,99.4,99.4,99.4,99.4,99.4,99.4,99.4,99.4,99.4,99.4,99.4,99.4,99.4,99.4,99.4,99.4,99.4
756,"CHE","Switzerland",93.5,93.5,93.5,93.5,93.5,93.5,93.5,93.5,93.5,93.5,93.5,93.5,93.5,93.5,93.5,93.5,93.5,93.5,93.5,93.5,93.5,93.5,93.5,93.5,93.5,93.5,93.5,93.5,93.5,93.5
760,"SYR","Syria",NA,NA,NA,NA,NA,NA,NA,NA,NA,NA,NA,NA,NA,NA,NA,NA,NA,NA,NA,NA,NA,NA,NA,NA,NA,NA,NA,NA,NA,NA
158,"TWN","Taiwan",98.3,98.3,98.3,98.3,98.3,98.3,98.3,98.3,98.3,98.3,98.3,98.3,98.3,98.3,98.3,98.3,98.3,98.3,98.3,98.3,98.3,98.3,98.3,98.3,98.3,98.3,98.3,98.3,98.3,98.3
762,"TJK","Tajikistan",88.8,88.8,88.8,88.8,88.8,88.8,88.8,88.8,88.8,88.8,88.8,88.8,88.8,88.8,88.8,88.8,88.8,88.8,88.8,88.8,88.8,88.8,88.8,88.8,88.8,88.8,88.8,88.8,88.8,88.8
834,"TZA","Tanzania",79.4,79.4,79.4,79.4,79.4,79.4,79.4,79.4,79.4,79.4,79.4,79.4,79.4,79.4,79.4,79.4,79.4,79.4,79.4,79.4,79.4,79.4,79.4,79.4,79.4,79.4,79.4,79.4,79.4,79.4
764,"THA","Thailand",94.2,94.2,94.2,94.2,94.2,94.2,94.2,94.2,94.2,94.2,94.2,94.2,94.2,94.2,94.2,94.2,94.2,94.2,94.2,94.2,94.2,94.2,94.2,94.2,94.2,94.2,94.2,94.2,94.2,94.2
626,"TLS","Timor-Leste",93.1,93.1,93.1,93.1,93.1,93.1,93.1,93.1,93.1,93.1,93.1,93.1,93.1,93.1,93.1,93.1,93.1,93.1,93.1,93.1,93.1,93.1,93.1,93.1,93.1,93.1,93.1,93.1,93.1,93.1
768,"TGO","Togo",26.3,26.3,26.3,26.3,26.3,26.3,26.3,26.3,26.3,26.3,26.3,26.3,26.3,26.3,26.3,26.3,26.3,26.3,26.3,26.3,26.3,26.3,26.3,26.3,26.3,26.3,26.3,26.3,26.3,26.3
776,"TON","Tonga",98.1,98.1,98.1,98.1,98.1,98.1,98.1,98.1,98.1,98.1,98.1,98.1,98.1,98.1,98.1,98.1,98.1,98.1,98.1,98.1,98.1,98.1,98.1,98.1,98.1,98.1,98.1,98.1,98.1,98.1
780,"TTO","Trinidad and Tobago",93.4,93.4,93.4,93.4,93.4,93.4,93.4,93.4,93.4,93.4,93.4,93.4,93.4,93.4,93.4,93.4,93.4,93.4,93.4,93.4,93.4,93.4,93.4,93.4,93.4,93.4,93.4,93.4,93.4,93.4
788,"TUN","Tunisia",95.8,95.8,95.8,95.8,95.8,95.8,95.8,95.8,95.8,95.8,95.8,95.8,95.8,95.8,95.8,95.8,95.8,95.8,95.8,95.8,95.8,95.8,95.8,95.8,95.8,95.8,95.8,95.8,95.8,95.8
792,"TUR","Turkiye",18.7,18.7,18.7,18.7,18.7,18.7,18.7,18.7,18.7,18.7,18.7,18.7,18.7,18.7,18.7,18.7,18.7,18.7,18.7,18.7,18.7,18.7,18.7,18.7,18.7,18.7,18.7,18.7,18.7,18.7
795,"TKM","Turkmenistan",65.6,65.6,65.6,65.6,65.6,65.6,65.6,65.6,65.6,65.6,65.6,65.6,65.6,65.6,65.6,65.6,65.6,65.6,65.6,65.6,65.6,65.6,65.6,65.6,65.6,65.6,65.6,65.6,65.6,65.6
796,"TCA","Turks and Caicos Islands",NA,NA,NA,NA,NA,NA,NA,NA,NA,NA,NA,NA,NA,NA,NA,NA,NA,NA,NA,NA,NA,NA,NA,NA,NA,NA,NA,NA,NA,NA
798,"TUV","Tuvalu",NA,NA,NA,NA,NA,NA,NA,NA,NA,NA,NA,NA,NA,NA,NA,NA,NA,NA,NA,NA,NA,NA,NA,NA,NA,NA,NA,NA,NA,NA
800,"UGA","Uganda",62.2,62.2,62.2,62.2,62.2,62.2,62.2,62.2,62.2,62.2,62.2,62.2,62.2,62.2,62.2,62.2,62.2,62.2,62.2,62.2,62.2,62.2,62.2,62.2,62.2,62.2,62.2,62.2,62.2,62.2
804,"UKR","Ukraine",0,0,0,0,0,0,0,0,0,0,0,0,0,0,0,0,0,0,0,0,0,0,0,0,0,0,0,0,0,0
784,"ARE","United Arab Emirates",99.3,99.3,99.3,99.3,99.3,99.3,99.3,99.3,99.3,99.3,99.3,99.3,99.3,99.3,99.3,99.3,99.3,99.3,99.3,99.3,99.3,99.3,99.3,99.3,99.3,99.3,99.3,99.3,99.3,99.3
826,"GBR","United Kingdom",24.5,24.5,24.5,24.5,24.5,24.5,24.5,24.5,24.5,24.5,24.5,24.5,24.5,24.5,24.5,24.5,24.5,24.5,24.5,24.5,24.5,24.5,24.5,24.5,24.5,24.5,24.5,24.5,24.5,24.5
840,"USA","United States of America",89.4,89.4,89.4,89.4,89.4,89.4,89.4,89.4,89.4,89.4,89.4,89.4,89.4,89.4,89.4,89.4,89.4,89.4,89.4,89.4,89.4,89.4,89.4,89.4,89.4,89.4,89.4,89.4,89.4,89.4
858,"URY","Uruguay",89.3,89.3,89.3,89.3,89.3,89.3,89.3,89.3,89.3,89.3,89.3,89.3,89.3,89.3,89.3,89.3,89.3,89.3,89.3,89.3,89.3,89.3,89.3,89.3,89.3,89.3,89.3,89.3,89.3,89.3
860,"UZB","Uzbekistan",75.3,75.3,75.3,75.3,75.3,75.3,75.3,75.3,75.3,75.3,75.3,75.3,75.3,75.3,75.3,75.3,75.3,75.3,75.3,75.3,75.3,75.3,75.3,75.3,75.3,75.3,75.3,75.3,75.3,75.3
548,"VUT","Vanuatu",99.1,99.1,99.1,99.1,99.1,99.1,99.1,99.1,99.1,99.1,99.1,99.1,99.1,99.1,99.1,99.1,99.1,99.1,99.1,99.1,99.1,99.1,99.1,99.1,99.1,99.1,99.1,99.1,99.1,99.1
862,"VEN","Venezuela",91.6,91.6,91.6,91.6,91.6,91.6,91.6,91.6,91.6,91.6,91.6,91.6,91.6,91.6,91.6,91.6,91.6,91.6,91.6,91.6,91.6,91.6,91.6,91.6,91.6,91.6,91.6,91.6,91.6,91.6
704,"VNM","Viet Nam",82.7,82.7,82.7,82.7,82.7,82.7,82.7,82.7,82.7,82.7,82.7,82.7,82.7,82.7,82.7,82.7,82.7,82.7,82.7,82.7,82.7,82.7,82.7,82.7,82.7,82.7,82.7,82.7,82.7,82.7
876,"WLF","Wallis and Futuna Islands",NA,NA,NA,NA,NA,NA,NA,NA,NA,NA,NA,NA,NA,NA,NA,NA,NA,NA,NA,NA,NA,NA,NA,NA,NA,NA,NA,NA,NA,NA
732,"ESH","Western Sahara",NA,NA,NA,NA,NA,NA,NA,NA,NA,NA,NA,NA,NA,NA,NA,NA,NA,NA,NA,NA,NA,NA,NA,NA,NA,NA,NA,NA,NA,NA
887,"YEM","Yemen",NA,NA,NA,NA,NA,NA,NA,NA,NA,NA,NA,NA,NA,NA,NA,NA,NA,NA,NA,NA,NA,NA,NA,NA,NA,NA,NA,NA,NA,NA
894,"ZMB","Zambia",92.1,92.1,92.1,92.1,92.1,92.1,92.1,92.1,92.1,92.1,92.1,92.1,92.1,92.1,92.1,92.1,92.1,92.1,92.1,92.1,92.1,92.1,92.1,92.1,92.1,92.1,92.1,92.1,92.1,92.1
716,"ZWE","Zimbabwe",79.4,79.4,79.4,79.4,79.4,79.4,79.4,79.4,79.4,79.4,79.4,79.4,79.4,79.4,79.4,79.4,79.4,79.4,79.4,79.4,79.4,79.4,79.4,79.4,79.4,79.4,79.4,79.4,79.4,79.4
