"code","iso","country","PRS.ind.1995","PRS.ind.1996","PRS.ind.1997","PRS.ind.1998","PRS.ind.1999","PRS.ind.2000","PRS.ind.2001","PRS.ind.2002","PRS.ind.2003","PRS.ind.2004","PRS.ind.2005","PRS.ind.2006","PRS.ind.2007","PRS.ind.2008","PRS.ind.2009","PRS.ind.2010","PRS.ind.2011","PRS.ind.2012","PRS.ind.2013","PRS.ind.2014","PRS.ind.2015","PRS.ind.2016","PRS.ind.2017","PRS.ind.2018","PRS.ind.2019","PRS.ind.2020","PRS.ind.2021","PRS.ind.2022","PRS.ind.2023","PRS.ind.2024"
4,"AFG","Afghanistan",60.6,60.6,60.6,60.6,60.6,60.6,60.6,60.6,60.6,60.6,60.6,60.6,60.6,60.6,60.6,60.6,60.6,60.6,60.6,60.6,60.6,57.8,54.9,52,52,52,52,52,52,52
8,"ALB","Albania",67,67,67,67,67,67,67,67,67,67,67,67,67,67,67,67,67,67,67,67,67,66.6,66.1,65.7,65.7,65.7,65.7,65.7,65.7,65.7
12,"DZA","Algeria",76.7,76.7,76.7,76.7,76.7,76.7,76.7,76.7,76.7,76.7,76.7,76.7,76.7,76.7,76.7,76.7,76.7,76.7,76.7,76.7,76.7,76,75.3,74.6,74.6,74.6,74.6,74.6,74.6,74.6
20,"AND","Andorra",95.5,95.5,95.5,95.5,95.5,95.5,95.5,95.5,95.5,95.5,95.5,95.5,95.5,95.5,95.5,95.5,95.5,95.5,95.5,95.5,95.5,94.6,93.6,92.7,92.7,92.7,92.7,92.7,92.7,92.7
24,"AGO","Angola",97,97,97,97,97,97,97,97,97,97,97,97,97,97,97,97,97,97,97,97,97,97.3,97.6,97.8,97.8,97.8,97.8,97.8,97.8,97.8
660,"AIA","Anguilla",77.8,77.8,77.8,77.8,77.8,77.8,77.8,77.8,77.8,77.8,77.8,77.8,77.8,77.8,77.8,77.8,77.8,77.8,77.8,77.8,77.8,77.8,77.8,77.8,77.8,77.8,77.8,77.8,77.8,77.8
28,"ATG","Antigua and Barbuda",29.4,29.4,29.4,29.4,29.4,29.4,29.4,29.4,29.4,29.4,29.4,29.4,29.4,29.4,29.4,29.4,29.4,29.4,29.4,29.4,29.4,33.3,37.2,41.2,41.2,41.2,41.2,41.2,41.2,41.2
32,"ARG","Argentina",37.3,37.3,37.3,37.3,37.3,37.3,37.3,37.3,37.3,37.3,37.3,37.3,37.3,37.3,37.3,37.3,37.3,37.3,37.3,37.3,37.3,34.7,32.1,29.5,29.5,29.5,29.5,29.5,29.5,29.5
51,"ARM","Armenia",66.3,66.3,66.3,66.3,66.3,66.3,66.3,66.3,66.3,66.3,66.3,66.3,66.3,66.3,66.3,66.3,66.3,66.3,66.3,66.3,66.3,60.6,55,49.3,49.3,49.3,49.3,49.3,49.3,49.3
533,"ABW","Aruba",77.8,77.8,77.8,77.8,77.8,77.8,77.8,77.8,77.8,77.8,77.8,77.8,77.8,77.8,77.8,77.8,77.8,77.8,77.8,77.8,77.8,77.8,77.8,77.8,77.8,77.8,77.8,77.8,77.8,77.8
36,"AUS","Australia",57.5,57.5,57.5,57.5,57.5,57.5,57.5,57.5,57.5,57.5,57.5,57.5,57.5,57.5,57.5,57.5,57.5,57.5,57.5,57.5,57.5,58,58.5,59,59,59,59,59,59,59
40,"AUT","Austria",75.3,75.3,75.3,75.3,75.3,75.3,75.3,75.3,75.3,75.3,75.3,75.3,75.3,75.3,75.3,75.3,75.3,75.3,75.3,75.3,75.3,74,72.8,71.6,71.6,71.6,71.6,71.6,71.6,71.6
31,"AZE","Azerbaijan",80.7,80.7,80.7,80.7,80.7,80.7,80.7,80.7,80.7,80.7,80.7,80.7,80.7,80.7,80.7,80.7,80.7,80.7,80.7,80.7,80.7,75.2,69.7,64.2,64.2,64.2,64.2,64.2,64.2,64.2
44,"BHS","Bahamas",23.6,23.6,23.6,23.6,23.6,23.6,23.6,23.6,23.6,23.6,23.6,23.6,23.6,23.6,23.6,23.6,23.6,23.6,23.6,23.6,23.6,23.5,23.4,23.3,23.3,23.3,23.3,23.3,23.3,23.3
48,"BHR","Bahrain",61.1,61.1,61.1,61.1,61.1,61.1,61.1,61.1,61.1,61.1,61.1,61.1,61.1,61.1,61.1,61.1,61.1,61.1,61.1,61.1,61.1,60.2,59.3,58.5,58.5,58.5,58.5,58.5,58.5,58.5
50,"BGD","Bangladesh",74.2,74.2,74.2,74.2,74.2,74.2,74.2,74.2,74.2,74.2,74.2,74.2,74.2,74.2,74.2,74.2,74.2,74.2,74.2,74.2,74.2,68.3,62.5,56.6,56.6,56.6,56.6,56.6,56.6,56.6
52,"BRB","Barbados",0,0,0,0,0,0,0,0,0,0,0,0,0,0,0,0,0,0,0,0,0,0.1,6.8,13.5,13.5,13.5,13.5,13.5,13.5,13.5
112,"BLR","Belarus",70.7,70.7,70.7,70.7,70.7,70.7,70.7,70.7,70.7,70.7,70.7,70.7,70.7,70.7,70.7,70.7,70.7,70.7,70.7,70.7,70.7,71.5,72.3,73.1,73.1,73.1,73.1,73.1,73.1,73.1
56,"BEL","Belgium",62.1,62.1,62.1,62.1,62.1,62.1,62.1,62.1,62.1,62.1,62.1,62.1,62.1,62.1,62.1,62.1,62.1,62.1,62.1,62.1,62.1,62,61.8,61.6,61.6,61.6,61.6,61.6,61.6,61.6
84,"BLZ","Belize",39.2,39.2,39.2,39.2,39.2,39.2,39.2,39.2,39.2,39.2,39.2,39.2,39.2,39.2,39.2,39.2,39.2,39.2,39.2,39.2,39.2,40.1,41.1,42,42,42,42,42,42,42
204,"BEN","Benin",79,79,79,79,79,79,79,79,79,79,79,79,79,79,79,79,79,79,79,79,79,76.6,74.1,71.7,71.7,71.7,71.7,71.7,71.7,71.7
60,"BMU","Bermuda",77.8,77.8,77.8,77.8,77.8,77.8,77.8,77.8,77.8,77.8,77.8,77.8,77.8,77.8,77.8,77.8,77.8,77.8,77.8,77.8,77.8,77.8,77.8,77.8,77.8,77.8,77.8,77.8,77.8,77.8
64,"BTN","Bhutan",85.7,85.7,85.7,85.7,85.7,85.7,85.7,85.7,85.7,85.7,85.7,85.7,85.7,85.7,85.7,85.7,85.7,85.7,85.7,85.7,85.7,82.1,78.5,74.9,74.9,74.9,74.9,74.9,74.9,74.9
68,"BOL","Bolivia",52.8,52.8,52.8,52.8,52.8,52.8,52.8,52.8,52.8,52.8,52.8,52.8,52.8,52.8,52.8,52.8,52.8,52.8,52.8,52.8,52.8,49.5,46.1,42.8,42.8,42.8,42.8,42.8,42.8,42.8
70,"BIH","Bosnia and Herzegovina",63,63,63,63,63,63,63,63,63,63,63,63,63,63,63,63,63,63,63,63,63,59.4,55.7,52.1,52.1,52.1,52.1,52.1,52.1,52.1
72,"BWA","Botswana",97.6,97.6,97.6,97.6,97.6,97.6,97.6,97.6,97.6,97.6,97.6,97.6,97.6,97.6,97.6,97.6,97.6,97.6,97.6,97.6,97.6,96.3,95,93.8,93.8,93.8,93.8,93.8,93.8,93.8
76,"BRA","Brazil",42.8,42.8,42.8,42.8,42.8,42.8,42.8,42.8,42.8,42.8,42.8,42.8,42.8,42.8,42.8,42.8,42.8,42.8,42.8,42.8,42.8,46.4,49.9,53.5,53.5,53.5,53.5,53.5,53.5,53.5
92,"VGB","British Virgin Islands",77.8,77.8,77.8,77.8,77.8,77.8,77.8,77.8,77.8,77.8,77.8,77.8,77.8,77.8,77.8,77.8,77.8,77.8,77.8,77.8,77.8,77.8,77.8,77.8,77.8,77.8,77.8,77.8,77.8,77.8
96,"BRN","Brunei Darussalam",16.1,16.1,16.1,16.1,16.1,16.1,16.1,16.1,16.1,16.1,16.1,16.1,16.1,16.1,16.1,16.1,16.1,16.1,16.1,16.1,16.1,18.2,20.3,22.4,22.4,22.4,22.4,22.4,22.4,22.4
100,"BGR","Bulgaria",85.7,85.7,85.7,85.7,85.7,85.7,85.7,85.7,85.7,85.7,85.7,85.7,85.7,85.7,85.7,85.7,85.7,85.7,85.7,85.7,85.7,80.5,75.3,70.1,70.1,70.1,70.1,70.1,70.1,70.1
854,"BFA","Burkina Faso",93.9,93.9,93.9,93.9,93.9,93.9,93.9,93.9,93.9,93.9,93.9,93.9,93.9,93.9,93.9,93.9,93.9,93.9,93.9,93.9,93.9,92.7,91.5,90.2,90.2,90.2,90.2,90.2,90.2,90.2
108,"BDI","Burundi",84.8,84.8,84.8,84.8,84.8,84.8,84.8,84.8,84.8,84.8,84.8,84.8,84.8,84.8,84.8,84.8,84.8,84.8,84.8,84.8,84.8,82.2,79.6,77.1,77.1,77.1,77.1,77.1,77.1,77.1
132,"CPV","Cabo Verde",33.1,33.1,33.1,33.1,33.1,33.1,33.1,33.1,33.1,33.1,33.1,33.1,33.1,33.1,33.1,33.1,33.1,33.1,33.1,33.1,33.1,39.4,45.6,51.9,51.9,51.9,51.9,51.9,51.9,51.9
116,"KHM","Cambodia",65.7,65.7,65.7,65.7,65.7,65.7,65.7,65.7,65.7,65.7,65.7,65.7,65.7,65.7,65.7,65.7,65.7,65.7,65.7,65.7,65.7,60,54.3,48.6,48.6,48.6,48.6,48.6,48.6,48.6
120,"CMR","Cameroon",56.3,56.3,56.3,56.3,56.3,56.3,56.3,56.3,56.3,56.3,56.3,56.3,56.3,56.3,56.3,56.3,56.3,56.3,56.3,56.3,56.3,57.2,58.1,59.1,59.1,59.1,59.1,59.1,59.1,59.1
124,"CAN","Canada",41.5,41.5,41.5,41.5,41.5,41.5,41.5,41.5,41.5,41.5,41.5,41.5,41.5,41.5,41.5,41.5,41.5,41.5,41.5,41.5,41.5,38.8,36.2,33.6,33.6,33.6,33.6,33.6,33.6,33.6
136,"CYM","Cayman Islands",77.8,77.8,77.8,77.8,77.8,77.8,77.8,77.8,77.8,77.8,77.8,77.8,77.8,77.8,77.8,77.8,77.8,77.8,77.8,77.8,77.8,77.8,77.8,77.8,77.8,77.8,77.8,77.8,77.8,77.8
140,"CAF","Central African Republic",94.6,94.6,94.6,94.6,94.6,94.6,94.6,94.6,94.6,94.6,94.6,94.6,94.6,94.6,94.6,94.6,94.6,94.6,94.6,94.6,94.6,94.3,94,93.7,93.7,93.7,93.7,93.7,93.7,93.7
148,"TCD","Chad",60.4,60.4,60.4,60.4,60.4,60.4,60.4,60.4,60.4,60.4,60.4,60.4,60.4,60.4,60.4,60.4,60.4,60.4,60.4,60.4,60.4,64.6,68.8,73,73,73,73,73,73,73
152,"CHL","Chile",60.6,60.6,60.6,60.6,60.6,60.6,60.6,60.6,60.6,60.6,60.6,60.6,60.6,60.6,60.6,60.6,60.6,60.6,60.6,60.6,60.6,54.8,49,43.2,43.2,43.2,43.2,43.2,43.2,43.2
156,"CHN","China",71.2,71.2,71.2,71.2,71.2,71.2,71.2,71.2,71.2,71.2,71.2,71.2,71.2,71.2,71.2,71.2,71.2,71.2,71.2,71.2,71.2,67.6,64.1,60.5,60.5,60.5,60.5,60.5,60.5,60.5
170,"COL","Colombia",40.1,40.1,40.1,40.1,40.1,40.1,40.1,40.1,40.1,40.1,40.1,40.1,40.1,40.1,40.1,40.1,40.1,40.1,40.1,40.1,40.1,42.8,45.5,48.2,48.2,48.2,48.2,48.2,48.2,48.2
174,"COM","Comoros",77.8,77.8,77.8,77.8,77.8,77.8,77.8,77.8,77.8,77.8,77.8,77.8,77.8,77.8,77.8,77.8,77.8,77.8,77.8,77.8,77.8,77.8,77.8,77.8,77.8,77.8,77.8,77.8,77.8,77.8
184,"COK","Cook Islands",77.8,77.8,77.8,77.8,77.8,77.8,77.8,77.8,77.8,77.8,77.8,77.8,77.8,77.8,77.8,77.8,77.8,77.8,77.8,77.8,77.8,77.8,77.8,77.8,77.8,77.8,77.8,77.8,77.8,77.8
188,"CRI","Costa Rica",35,35,35,35,35,35,35,35,35,35,35,35,35,35,35,35,35,35,35,35,35,39.7,44.4,49.1,49.1,49.1,49.1,49.1,49.1,49.1
384,"CIV","Cote d'Ivoire",51.9,51.9,51.9,51.9,51.9,51.9,51.9,51.9,51.9,51.9,51.9,51.9,51.9,51.9,51.9,51.9,51.9,51.9,51.9,51.9,51.9,49.8,47.6,45.5,45.5,45.5,45.5,45.5,45.5,45.5
191,"HRV","Croatia",78.8,78.8,78.8,78.8,78.8,78.8,78.8,78.8,78.8,78.8,78.8,78.8,78.8,78.8,78.8,78.8,78.8,78.8,78.8,78.8,78.8,78.6,78.4,78.2,78.2,78.2,78.2,78.2,78.2,78.2
192,"CUB","Cuba",43.8,43.8,43.8,43.8,43.8,43.8,43.8,43.8,43.8,43.8,43.8,43.8,43.8,43.8,43.8,43.8,43.8,43.8,43.8,43.8,43.8,47.4,51,54.5,54.5,54.5,54.5,54.5,54.5,54.5
531,"CUW","Curacao",77.8,77.8,77.8,77.8,77.8,77.8,77.8,77.8,77.8,77.8,77.8,77.8,77.8,77.8,77.8,77.8,77.8,77.8,77.8,77.8,77.8,77.8,77.8,77.8,77.8,77.8,77.8,77.8,77.8,77.8
196,"CYP","Cyprus",55.3,55.3,55.3,55.3,55.3,55.3,55.3,55.3,55.3,55.3,55.3,55.3,55.3,55.3,55.3,55.3,55.3,55.3,55.3,55.3,55.3,53,50.8,48.6,48.6,48.6,48.6,48.6,48.6,48.6
203,"CZE","Czech Republic",74.5,74.5,74.5,74.5,74.5,74.5,74.5,74.5,74.5,74.5,74.5,74.5,74.5,74.5,74.5,74.5,74.5,74.5,74.5,74.5,74.5,73.2,71.9,70.6,70.6,70.6,70.6,70.6,70.6,70.6
180,"COD","Dem. Rep. Congo",64.8,64.8,64.8,64.8,64.8,64.8,64.8,64.8,64.8,64.8,64.8,64.8,64.8,64.8,64.8,64.8,64.8,64.8,64.8,64.8,64.8,62.4,60.1,57.8,57.8,57.8,57.8,57.8,57.8,57.8
208,"DNK","Denmark",75,75,75,75,75,75,75,75,75,75,75,75,75,75,75,75,75,75,75,75,75,73.7,72.5,71.2,71.2,71.2,71.2,71.2,71.2,71.2
262,"DJI","Djibouti",68.9,68.9,68.9,68.9,68.9,68.9,68.9,68.9,68.9,68.9,68.9,68.9,68.9,68.9,68.9,68.9,68.9,68.9,68.9,68.9,68.9,74.7,80.5,86.3,86.3,86.3,86.3,86.3,86.3,86.3
212,"DMA","Dominica",19.8,19.8,19.8,19.8,19.8,19.8,19.8,19.8,19.8,19.8,19.8,19.8,19.8,19.8,19.8,19.8,19.8,19.8,19.8,19.8,19.8,25.9,31.9,38,38,38,38,38,38,38
214,"DOM","Dominican Republic",49.9,49.9,49.9,49.9,49.9,49.9,49.9,49.9,49.9,49.9,49.9,49.9,49.9,49.9,49.9,49.9,49.9,49.9,49.9,49.9,49.9,51.8,53.6,55.4,55.4,55.4,55.4,55.4,55.4,55.4
218,"ECU","Ecuador",39,39,39,39,39,39,39,39,39,39,39,39,39,39,39,39,39,39,39,39,39,37.4,35.8,34.2,34.2,34.2,34.2,34.2,34.2,34.2
818,"EGY","Egypt",49.2,49.2,49.2,49.2,49.2,49.2,49.2,49.2,49.2,49.2,49.2,49.2,49.2,49.2,49.2,49.2,49.2,49.2,49.2,49.2,49.2,47.6,46,44.4,44.4,44.4,44.4,44.4,44.4,44.4
222,"SLV","El Salvador",56.1,56.1,56.1,56.1,56.1,56.1,56.1,56.1,56.1,56.1,56.1,56.1,56.1,56.1,56.1,56.1,56.1,56.1,56.1,56.1,56.1,54.1,52.1,50.1,50.1,50.1,50.1,50.1,50.1,50.1
226,"GNQ","Equatorial Guinea",54.8,54.8,54.8,54.8,54.8,54.8,54.8,54.8,54.8,54.8,54.8,54.8,54.8,54.8,54.8,54.8,54.8,54.8,54.8,54.8,54.8,58.2,61.6,64.9,64.9,64.9,64.9,64.9,64.9,64.9
232,"ERI","Eritrea",95.9,95.9,95.9,95.9,95.9,95.9,95.9,95.9,95.9,95.9,95.9,95.9,95.9,95.9,95.9,95.9,95.9,95.9,95.9,95.9,95.9,94.1,92.3,90.4,90.4,90.4,90.4,90.4,90.4,90.4
233,"EST","Estonia",70.7,70.7,70.7,70.7,70.7,70.7,70.7,70.7,70.7,70.7,70.7,70.7,70.7,70.7,70.7,70.7,70.7,70.7,70.7,70.7,70.7,70.1,69.4,68.7,68.7,68.7,68.7,68.7,68.7,68.7
748,"SWZ","Eswatini",71.5,71.5,71.5,71.5,71.5,71.5,71.5,71.5,71.5,71.5,71.5,71.5,71.5,71.5,71.5,71.5,71.5,71.5,71.5,71.5,71.5,71.6,71.7,71.8,71.8,71.8,71.8,71.8,71.8,71.8
231,"ETH","Ethiopia",65.6,65.6,65.6,65.6,65.6,65.6,65.6,65.6,65.6,65.6,65.6,65.6,65.6,65.6,65.6,65.6,65.6,65.6,65.6,65.6,65.6,64.7,63.7,62.8,62.8,62.8,62.8,62.8,62.8,62.8
234,"FRO","Faeroe Islands",77.8,77.8,77.8,77.8,77.8,77.8,77.8,77.8,77.8,77.8,77.8,77.8,77.8,77.8,77.8,77.8,77.8,77.8,77.8,77.8,77.8,77.8,77.8,77.8,77.8,77.8,77.8,77.8,77.8,77.8
238,"FLK","Falkland Islands",77.8,77.8,77.8,77.8,77.8,77.8,77.8,77.8,77.8,77.8,77.8,77.8,77.8,77.8,77.8,77.8,77.8,77.8,77.8,77.8,77.8,77.8,77.8,77.8,77.8,77.8,77.8,77.8,77.8,77.8
242,"FJI","Fiji",27.3,27.3,27.3,27.3,27.3,27.3,27.3,27.3,27.3,27.3,27.3,27.3,27.3,27.3,27.3,27.3,27.3,27.3,27.3,27.3,27.3,28.3,29.3,30.3,30.3,30.3,30.3,30.3,30.3,30.3
246,"FIN","Finland",60.6,60.6,60.6,60.6,60.6,60.6,60.6,60.6,60.6,60.6,60.6,60.6,60.6,60.6,60.6,60.6,60.6,60.6,60.6,60.6,60.6,60.1,59.5,59,59,59,59,59,59,59
250,"FRA","France",56.6,56.6,56.6,56.6,56.6,56.6,56.6,56.6,56.6,56.6,56.6,56.6,56.6,56.6,56.6,56.6,56.6,56.6,56.6,56.6,56.6,57.7,58.8,59.8,59.8,59.8,59.8,59.8,59.8,59.8
258,"PYF","French Polynesia",0,0,0,0,0,0,0,0,0,0,0,0,0,0,0,0,0,0,0,0,0,0,0,0,0,0,0,0,0,0
266,"GAB","Gabon",18.6,18.6,18.6,18.6,18.6,18.6,18.6,18.6,18.6,18.6,18.6,18.6,18.6,18.6,18.6,18.6,18.6,18.6,18.6,18.6,18.6,23.2,27.7,32.3,32.3,32.3,32.3,32.3,32.3,32.3
270,"GMB","Gambia",67.4,67.4,67.4,67.4,67.4,67.4,67.4,67.4,67.4,67.4,67.4,67.4,67.4,67.4,67.4,67.4,67.4,67.4,67.4,67.4,67.4,63.3,59.1,55,55,55,55,55,55,55
268,"GEO","Georgia",55.3,55.3,55.3,55.3,55.3,55.3,55.3,55.3,55.3,55.3,55.3,55.3,55.3,55.3,55.3,55.3,55.3,55.3,55.3,55.3,55.3,50.9,46.5,42.1,42.1,42.1,42.1,42.1,42.1,42.1
276,"DEU","Germany",66.8,66.8,66.8,66.8,66.8,66.8,66.8,66.8,66.8,66.8,66.8,66.8,66.8,66.8,66.8,66.8,66.8,66.8,66.8,66.8,66.8,66.3,65.8,65.4,65.4,65.4,65.4,65.4,65.4,65.4
288,"GHA","Ghana",68.8,68.8,68.8,68.8,68.8,68.8,68.8,68.8,68.8,68.8,68.8,68.8,68.8,68.8,68.8,68.8,68.8,68.8,68.8,68.8,68.8,67.5,66.2,64.9,64.9,64.9,64.9,64.9,64.9,64.9
300,"GRC","Greece",55.5,55.5,55.5,55.5,55.5,55.5,55.5,55.5,55.5,55.5,55.5,55.5,55.5,55.5,55.5,55.5,55.5,55.5,55.5,55.5,55.5,53.7,51.9,50.1,50.1,50.1,50.1,50.1,50.1,50.1
304,"GRL","Greenland",77.8,77.8,77.8,77.8,77.8,77.8,77.8,77.8,77.8,77.8,77.8,77.8,77.8,77.8,77.8,77.8,77.8,77.8,77.8,77.8,77.8,77.8,77.8,77.8,77.8,77.8,77.8,77.8,77.8,77.8
308,"GRD","Grenada",4.1,4.1,4.1,4.1,4.1,4.1,4.1,4.1,4.1,4.1,4.1,4.1,4.1,4.1,4.1,4.1,4.1,4.1,4.1,4.1,4.1,10,15.8,21.6,21.6,21.6,21.6,21.6,21.6,21.6
320,"GTM","Guatemala",50.2,50.2,50.2,50.2,50.2,50.2,50.2,50.2,50.2,50.2,50.2,50.2,50.2,50.2,50.2,50.2,50.2,50.2,50.2,50.2,50.2,50,49.7,49.5,49.5,49.5,49.5,49.5,49.5,49.5
831,"GGY","Guernsey",77.8,77.8,77.8,77.8,77.8,77.8,77.8,77.8,77.8,77.8,77.8,77.8,77.8,77.8,77.8,77.8,77.8,77.8,77.8,77.8,77.8,77.8,77.8,77.8,77.8,77.8,77.8,77.8,77.8,77.8
324,"GIN","Guinea",95.6,95.6,95.6,95.6,95.6,95.6,95.6,95.6,95.6,95.6,95.6,95.6,95.6,95.6,95.6,95.6,95.6,95.6,95.6,95.6,95.6,90.9,86.1,81.4,81.4,81.4,81.4,81.4,81.4,81.4
624,"GNB","Guinea-Bissau",90,90,90,90,90,90,90,90,90,90,90,90,90,90,90,90,90,90,90,90,90,85.5,80.9,76.3,76.3,76.3,76.3,76.3,76.3,76.3
328,"GUY","Guyana",69.4,69.4,69.4,69.4,69.4,69.4,69.4,69.4,69.4,69.4,69.4,69.4,69.4,69.4,69.4,69.4,69.4,69.4,69.4,69.4,69.4,63.4,57.4,51.4,51.4,51.4,51.4,51.4,51.4,51.4
332,"HTI","Haiti",93.3,93.3,93.3,93.3,93.3,93.3,93.3,93.3,93.3,93.3,93.3,93.3,93.3,93.3,93.3,93.3,93.3,93.3,93.3,93.3,93.3,95,96.6,98.3,98.3,98.3,98.3,98.3,98.3,98.3
336,"VAT","Holy See",61,61,61,61,61,61,61,61,61,61,61,61,61,61,61,61,61,61,61,61,61,60.6,60.1,59.7,59.7,59.7,59.7,59.7,59.7,59.7
340,"HND","Honduras",41.2,41.2,41.2,41.2,41.2,41.2,41.2,41.2,41.2,41.2,41.2,41.2,41.2,41.2,41.2,41.2,41.2,41.2,41.2,41.2,41.2,41.2,41.3,41.3,41.3,41.3,41.3,41.3,41.3,41.3
344,"HKG","Hong Kong",34.5,34.5,34.5,34.5,34.5,34.5,34.5,34.5,34.5,34.5,34.5,34.5,34.5,34.5,34.5,34.5,34.5,34.5,34.5,34.5,34.5,29.4,24.3,19.2,19.2,19.2,19.2,19.2,19.2,19.2
348,"HUN","Hungary",73.7,73.7,73.7,73.7,73.7,73.7,73.7,73.7,73.7,73.7,73.7,73.7,73.7,73.7,73.7,73.7,73.7,73.7,73.7,73.7,73.7,74.3,75,75.6,75.6,75.6,75.6,75.6,75.6,75.6
352,"ISL","Iceland",29.8,29.8,29.8,29.8,29.8,29.8,29.8,29.8,29.8,29.8,29.8,29.8,29.8,29.8,29.8,29.8,29.8,29.8,29.8,29.8,29.8,35.4,41.1,46.8,46.8,46.8,46.8,46.8,46.8,46.8
356,"IND","India",62.9,62.9,62.9,62.9,62.9,62.9,62.9,62.9,62.9,62.9,62.9,62.9,62.9,62.9,62.9,62.9,62.9,62.9,62.9,62.9,62.9,57.2,51.5,45.8,45.8,45.8,45.8,45.8,45.8,45.8
360,"IDN","Indonesia",65.2,65.2,65.2,65.2,65.2,65.2,65.2,65.2,65.2,65.2,65.2,65.2,65.2,65.2,65.2,65.2,65.2,65.2,65.2,65.2,65.2,63.2,61.3,59.3,59.3,59.3,59.3,59.3,59.3,59.3
364,"IRN","Iran",54.4,54.4,54.4,54.4,54.4,54.4,54.4,54.4,54.4,54.4,54.4,54.4,54.4,54.4,54.4,54.4,54.4,54.4,54.4,54.4,54.4,53,51.6,50.2,50.2,50.2,50.2,50.2,50.2,50.2
368,"IRQ","Iraq",90.5,90.5,90.5,90.5,90.5,90.5,90.5,90.5,90.5,90.5,90.5,90.5,90.5,90.5,90.5,90.5,90.5,90.5,90.5,90.5,90.5,88.4,86.3,84.2,84.2,84.2,84.2,84.2,84.2,84.2
372,"IRL","Ireland",82.8,82.8,82.8,82.8,82.8,82.8,82.8,82.8,82.8,82.8,82.8,82.8,82.8,82.8,82.8,82.8,82.8,82.8,82.8,82.8,82.8,82.2,81.5,80.9,80.9,80.9,80.9,80.9,80.9,80.9
833,"IMN","Isle of Man",77.8,77.8,77.8,77.8,77.8,77.8,77.8,77.8,77.8,77.8,77.8,77.8,77.8,77.8,77.8,77.8,77.8,77.8,77.8,77.8,77.8,77.8,77.8,77.8,77.8,77.8,77.8,77.8,77.8,77.8
376,"ISR","Israel",37.2,37.2,37.2,37.2,37.2,37.2,37.2,37.2,37.2,37.2,37.2,37.2,37.2,37.2,37.2,37.2,37.2,37.2,37.2,37.2,37.2,39.9,42.6,45.2,45.2,45.2,45.2,45.2,45.2,45.2
380,"ITA","Italy",65.7,65.7,65.7,65.7,65.7,65.7,65.7,65.7,65.7,65.7,65.7,65.7,65.7,65.7,65.7,65.7,65.7,65.7,65.7,65.7,65.7,64.2,62.7,61.2,61.2,61.2,61.2,61.2,61.2,61.2
388,"JAM","Jamaica",53.6,53.6,53.6,53.6,53.6,53.6,53.6,53.6,53.6,53.6,53.6,53.6,53.6,53.6,53.6,53.6,53.6,53.6,53.6,53.6,53.6,54.2,54.9,55.6,55.6,55.6,55.6,55.6,55.6,55.6
392,"JPN","Japan",29.4,29.4,29.4,29.4,29.4,29.4,29.4,29.4,29.4,29.4,29.4,29.4,29.4,29.4,29.4,29.4,29.4,29.4,29.4,29.4,29.4,32.4,35.4,38.5,38.5,38.5,38.5,38.5,38.5,38.5
832,"JEY","Jersey",77.8,77.8,77.8,77.8,77.8,77.8,77.8,77.8,77.8,77.8,77.8,77.8,77.8,77.8,77.8,77.8,77.8,77.8,77.8,77.8,77.8,77.8,77.8,77.8,77.8,77.8,77.8,77.8,77.8,77.8
400,"JOR","Jordan",52.6,52.6,52.6,52.6,52.6,52.6,52.6,52.6,52.6,52.6,52.6,52.6,52.6,52.6,52.6,52.6,52.6,52.6,52.6,52.6,52.6,51.7,50.8,49.9,49.9,49.9,49.9,49.9,49.9,49.9
398,"KAZ","Kazakhstan",87.6,87.6,87.6,87.6,87.6,87.6,87.6,87.6,87.6,87.6,87.6,87.6,87.6,87.6,87.6,87.6,87.6,87.6,87.6,87.6,87.6,80.5,73.5,66.4,66.4,66.4,66.4,66.4,66.4,66.4
404,"KEN","Kenya",85.2,85.2,85.2,85.2,85.2,85.2,85.2,85.2,85.2,85.2,85.2,85.2,85.2,85.2,85.2,85.2,85.2,85.2,85.2,85.2,85.2,84.7,84.3,83.8,83.8,83.8,83.8,83.8,83.8,83.8
296,"KIR","Kiribati",77.8,77.8,77.8,77.8,77.8,77.8,77.8,77.8,77.8,77.8,77.8,77.8,77.8,77.8,77.8,77.8,77.8,77.8,77.8,77.8,77.8,77.8,77.8,77.8,77.8,77.8,77.8,77.8,77.8,77.8
689,"XKX","Kosovo",52.1,52.1,52.1,52.1,52.1,52.1,52.1,52.1,52.1,52.1,52.1,52.1,52.1,52.1,52.1,52.1,52.1,52.1,52.1,52.1,52.1,48.6,45.2,41.7,41.7,41.7,41.7,41.7,41.7,41.7
414,"KWT","Kuwait",84.3,84.3,84.3,84.3,84.3,84.3,84.3,84.3,84.3,84.3,84.3,84.3,84.3,84.3,84.3,84.3,84.3,84.3,84.3,84.3,84.3,81.2,78.1,75,75,75,75,75,75,75
417,"KGZ","Kyrgyzstan",80.7,80.7,80.7,80.7,80.7,80.7,80.7,80.7,80.7,80.7,80.7,80.7,80.7,80.7,80.7,80.7,80.7,80.7,80.7,80.7,80.7,71,61.4,51.8,51.8,51.8,51.8,51.8,51.8,51.8
418,"LAO","Laos",72.2,72.2,72.2,72.2,72.2,72.2,72.2,72.2,72.2,72.2,72.2,72.2,72.2,72.2,72.2,72.2,72.2,72.2,72.2,72.2,72.2,72.2,72.2,72.2,72.2,72.2,72.2,72.2,72.2,72.2
428,"LVA","Latvia",78.1,78.1,78.1,78.1,78.1,78.1,78.1,78.1,78.1,78.1,78.1,78.1,78.1,78.1,78.1,78.1,78.1,78.1,78.1,78.1,78.1,76.5,75,73.4,73.4,73.4,73.4,73.4,73.4,73.4
422,"LBN","Lebanon",41.3,41.3,41.3,41.3,41.3,41.3,41.3,41.3,41.3,41.3,41.3,41.3,41.3,41.3,41.3,41.3,41.3,41.3,41.3,41.3,41.3,40,38.8,37.5,37.5,37.5,37.5,37.5,37.5,37.5
426,"LSO","Lesotho",84.9,84.9,84.9,84.9,84.9,84.9,84.9,84.9,84.9,84.9,84.9,84.9,84.9,84.9,84.9,84.9,84.9,84.9,84.9,84.9,84.9,84.6,84.3,84,84,84,84,84,84,84
430,"LBR","Liberia",72.7,72.7,72.7,72.7,72.7,72.7,72.7,72.7,72.7,72.7,72.7,72.7,72.7,72.7,72.7,72.7,72.7,72.7,72.7,72.7,72.7,65.1,57.4,49.8,49.8,49.8,49.8,49.8,49.8,49.8
434,"LBY","Libya",49.8,49.8,49.8,49.8,49.8,49.8,49.8,49.8,49.8,49.8,49.8,49.8,49.8,49.8,49.8,49.8,49.8,49.8,49.8,49.8,49.8,55.6,61.4,67.2,67.2,67.2,67.2,67.2,67.2,67.2
438,"LIE","Liechtenstein",56.2,56.2,56.2,56.2,56.2,56.2,56.2,56.2,56.2,56.2,56.2,56.2,56.2,56.2,56.2,56.2,56.2,56.2,56.2,56.2,56.2,53.2,50.1,47,47,47,47,47,47,47
440,"LTU","Lithuania",74.2,74.2,74.2,74.2,74.2,74.2,74.2,74.2,74.2,74.2,74.2,74.2,74.2,74.2,74.2,74.2,74.2,74.2,74.2,74.2,74.2,74.8,75.4,76.1,76.1,76.1,76.1,76.1,76.1,76.1
442,"LUX","Luxembourg",84.6,84.6,84.6,84.6,84.6,84.6,84.6,84.6,84.6,84.6,84.6,84.6,84.6,84.6,84.6,84.6,84.6,84.6,84.6,84.6,84.6,83.2,81.8,80.3,80.3,80.3,80.3,80.3,80.3,80.3
446,"MAC","Macao",40.1,40.1,40.1,40.1,40.1,40.1,40.1,40.1,40.1,40.1,40.1,40.1,40.1,40.1,40.1,40.1,40.1,40.1,40.1,40.1,40.1,46.4,52.7,59,59,59,59,59,59,59
450,"MDG","Madagascar",90,90,90,90,90,90,90,90,90,90,90,90,90,90,90,90,90,90,90,90,90,86.8,83.7,80.6,80.6,80.6,80.6,80.6,80.6,80.6
454,"MWI","Malawi",73.2,73.2,73.2,73.2,73.2,73.2,73.2,73.2,73.2,73.2,73.2,73.2,73.2,73.2,73.2,73.2,73.2,73.2,73.2,73.2,73.2,70.7,68.3,65.8,65.8,65.8,65.8,65.8,65.8,65.8
458,"MYS","Malaysia",14.6,14.6,14.6,14.6,14.6,14.6,14.6,14.6,14.6,14.6,14.6,14.6,14.6,14.6,14.6,14.6,14.6,14.6,14.6,14.6,14.6,16.3,18,19.7,19.7,19.7,19.7,19.7,19.7,19.7
462,"MDV","Maldives",77.8,77.8,77.8,77.8,77.8,77.8,77.8,77.8,77.8,77.8,77.8,77.8,77.8,77.8,77.8,77.8,77.8,77.8,77.8,77.8,77.8,77.8,77.8,77.8,77.8,77.8,77.8,77.8,77.8,77.8
466,"MLI","Mali",99.1,99.1,99.1,99.1,99.1,99.1,99.1,99.1,99.1,99.1,99.1,99.1,99.1,99.1,99.1,99.1,99.1,99.1,99.1,99.1,99.1,99.1,99.2,99.2,99.2,99.2,99.2,99.2,99.2,99.2
470,"MLT","Malta",45.5,45.5,45.5,45.5,45.5,45.5,45.5,45.5,45.5,45.5,45.5,45.5,45.5,45.5,45.5,45.5,45.5,45.5,45.5,45.5,45.5,43.5,41.5,39.5,39.5,39.5,39.5,39.5,39.5,39.5
584,"MHL","Marshall Islands",77.8,77.8,77.8,77.8,77.8,77.8,77.8,77.8,77.8,77.8,77.8,77.8,77.8,77.8,77.8,77.8,77.8,77.8,77.8,77.8,77.8,77.8,77.8,77.8,77.8,77.8,77.8,77.8,77.8,77.8
478,"MRT","Mauritania",97.2,97.2,97.2,97.2,97.2,97.2,97.2,97.2,97.2,97.2,97.2,97.2,97.2,97.2,97.2,97.2,97.2,97.2,97.2,97.2,97.2,96.7,96.2,95.7,95.7,95.7,95.7,95.7,95.7,95.7
480,"MUS","Mauritius",0,0,0,0,0,0,0,0,0,0,0,0,0,0,0,0,0,0,0,0,0,1.7,9.6,17.6,17.6,17.6,17.6,17.6,17.6,17.6
484,"MEX","Mexico",55,55,55,55,55,55,55,55,55,55,55,55,55,55,55,55,55,55,55,55,55,53.3,51.7,50.1,50.1,50.1,50.1,50.1,50.1,50.1
583,"FSM","Micronesia",0,0,0,0,0,0,0,0,0,0,0,0,0,0,0,0,0,0,0,0,0,0.3,1,1.7,1.7,1.7,1.7,1.7,1.7,1.7
498,"MDA","Moldova",66.4,66.4,66.4,66.4,66.4,66.4,66.4,66.4,66.4,66.4,66.4,66.4,66.4,66.4,66.4,66.4,66.4,66.4,66.4,66.4,66.4,66.3,66.1,66,66,66,66,66,66,66
492,"MCO","Monaco",67.3,67.3,67.3,67.3,67.3,67.3,67.3,67.3,67.3,67.3,67.3,67.3,67.3,67.3,67.3,67.3,67.3,67.3,67.3,67.3,67.3,64.2,61,57.9,57.9,57.9,57.9,57.9,57.9,57.9
496,"MNG","Mongolia",96.9,96.9,96.9,96.9,96.9,96.9,96.9,96.9,96.9,96.9,96.9,96.9,96.9,96.9,96.9,96.9,96.9,96.9,96.9,96.9,96.9,93.9,91,88.1,88.1,88.1,88.1,88.1,88.1,88.1
499,"MNE","Montenegro",75,75,75,75,75,75,75,75,75,75,75,75,75,75,75,75,75,75,75,75,75,71.4,67.8,64.1,64.1,64.1,64.1,64.1,64.1,64.1
504,"MAR","Morocco",66,66,66,66,66,66,66,66,66,66,66,66,66,66,66,66,66,66,66,66,66,64.8,63.5,62.3,62.3,62.3,62.3,62.3,62.3,62.3
508,"MOZ","Mozambique",95.2,95.2,95.2,95.2,95.2,95.2,95.2,95.2,95.2,95.2,95.2,95.2,95.2,95.2,95.2,95.2,95.2,95.2,95.2,95.2,95.2,94.9,94.5,94.2,94.2,94.2,94.2,94.2,94.2,94.2
104,"MMR","Myanmar",69.2,69.2,69.2,69.2,69.2,69.2,69.2,69.2,69.2,69.2,69.2,69.2,69.2,69.2,69.2,69.2,69.2,69.2,69.2,69.2,69.2,65.5,61.7,58,58,58,58,58,58,58
516,"NAM","Namibia",99.1,99.1,99.1,99.1,99.1,99.1,99.1,99.1,99.1,99.1,99.1,99.1,99.1,99.1,99.1,99.1,99.1,99.1,99.1,99.1,99.1,98.4,97.7,97,97,97,97,97,97,97
520,"NRU","Nauru",77.8,77.8,77.8,77.8,77.8,77.8,77.8,77.8,77.8,77.8,77.8,77.8,77.8,77.8,77.8,77.8,77.8,77.8,77.8,77.8,77.8,77.8,77.8,77.8,77.8,77.8,77.8,77.8,77.8,77.8
524,"NPL","Nepal",85.6,85.6,85.6,85.6,85.6,85.6,85.6,85.6,85.6,85.6,85.6,85.6,85.6,85.6,85.6,85.6,85.6,85.6,85.6,85.6,85.6,79.4,73.2,67,67,67,67,67,67,67
528,"NLD","Netherlands",57.6,57.6,57.6,57.6,57.6,57.6,57.6,57.6,57.6,57.6,57.6,57.6,57.6,57.6,57.6,57.6,57.6,57.6,57.6,57.6,57.6,57,56.5,55.9,55.9,55.9,55.9,55.9,55.9,55.9
540,"NCL","New Caledonia",45.7,45.7,45.7,45.7,45.7,45.7,45.7,45.7,45.7,45.7,45.7,45.7,45.7,45.7,45.7,45.7,45.7,45.7,45.7,45.7,45.7,49.2,52.8,56.4,56.4,56.4,56.4,56.4,56.4,56.4
554,"NZL","New Zealand",58.8,58.8,58.8,58.8,58.8,58.8,58.8,58.8,58.8,58.8,58.8,58.8,58.8,58.8,58.8,58.8,58.8,58.8,58.8,58.8,58.8,60,61.1,62.3,62.3,62.3,62.3,62.3,62.3,62.3
558,"NIC","Nicaragua",50.9,50.9,50.9,50.9,50.9,50.9,50.9,50.9,50.9,50.9,50.9,50.9,50.9,50.9,50.9,50.9,50.9,50.9,50.9,50.9,50.9,53.6,56.2,58.8,58.8,58.8,58.8,58.8,58.8,58.8
562,"NER","Niger",91,91,91,91,91,91,91,91,91,91,91,91,91,91,91,91,91,91,91,91,91,86.6,82.1,77.7,77.7,77.7,77.7,77.7,77.7,77.7
566,"NGA","Nigeria",56.1,56.1,56.1,56.1,56.1,56.1,56.1,56.1,56.1,56.1,56.1,56.1,56.1,56.1,56.1,56.1,56.1,56.1,56.1,56.1,56.1,53.2,50.2,47.3,47.3,47.3,47.3,47.3,47.3,47.3
570,"NIU","Niue",77.8,77.8,77.8,77.8,77.8,77.8,77.8,77.8,77.8,77.8,77.8,77.8,77.8,77.8,77.8,77.8,77.8,77.8,77.8,77.8,77.8,77.8,77.8,77.8,77.8,77.8,77.8,77.8,77.8,77.8
408,"PRK","North Korea",68.2,68.2,68.2,68.2,68.2,68.2,68.2,68.2,68.2,68.2,68.2,68.2,68.2,68.2,68.2,68.2,68.2,68.2,68.2,68.2,68.2,65.7,63.2,60.7,60.7,60.7,60.7,60.7,60.7,60.7
807,"MKD","North Macedonia",53.5,53.5,53.5,53.5,53.5,53.5,53.5,53.5,53.5,53.5,53.5,53.5,53.5,53.5,53.5,53.5,53.5,53.5,53.5,53.5,53.5,54.6,55.7,56.7,56.7,56.7,56.7,56.7,56.7,56.7
578,"NOR","Norway",32.2,32.2,32.2,32.2,32.2,32.2,32.2,32.2,32.2,32.2,32.2,32.2,32.2,32.2,32.2,32.2,32.2,32.2,32.2,32.2,32.2,30.4,28.6,26.8,26.8,26.8,26.8,26.8,26.8,26.8
512,"OMN","Oman",63.1,63.1,63.1,63.1,63.1,63.1,63.1,63.1,63.1,63.1,63.1,63.1,63.1,63.1,63.1,63.1,63.1,63.1,63.1,63.1,63.1,63,62.9,62.8,62.8,62.8,62.8,62.8,62.8,62.8
586,"PAK","Pakistan",34.8,34.8,34.8,34.8,34.8,34.8,34.8,34.8,34.8,34.8,34.8,34.8,34.8,34.8,34.8,34.8,34.8,34.8,34.8,34.8,34.8,32.8,30.9,28.9,28.9,28.9,28.9,28.9,28.9,28.9
585,"PLW","Palau",77.8,77.8,77.8,77.8,77.8,77.8,77.8,77.8,77.8,77.8,77.8,77.8,77.8,77.8,77.8,77.8,77.8,77.8,77.8,77.8,77.8,77.8,77.8,77.8,77.8,77.8,77.8,77.8,77.8,77.8
591,"PAN","Panama",49.7,49.7,49.7,49.7,49.7,49.7,49.7,49.7,49.7,49.7,49.7,49.7,49.7,49.7,49.7,49.7,49.7,49.7,49.7,49.7,49.7,51.1,52.5,53.9,53.9,53.9,53.9,53.9,53.9,53.9
598,"PNG","Papua New Guinea",67.9,67.9,67.9,67.9,67.9,67.9,67.9,67.9,67.9,67.9,67.9,67.9,67.9,67.9,67.9,67.9,67.9,67.9,67.9,67.9,67.9,70.3,72.8,75.2,75.2,75.2,75.2,75.2,75.2,75.2
600,"PRY","Paraguay",85.9,85.9,85.9,85.9,85.9,85.9,85.9,85.9,85.9,85.9,85.9,85.9,85.9,85.9,85.9,85.9,85.9,85.9,85.9,85.9,85.9,83.8,81.8,79.7,79.7,79.7,79.7,79.7,79.7,79.7
604,"PER","Peru",36,36,36,36,36,36,36,36,36,36,36,36,36,36,36,36,36,36,36,36,36,36.4,36.9,37.4,37.4,37.4,37.4,37.4,37.4,37.4
608,"PHL","Philippines",49.5,49.5,49.5,49.5,49.5,49.5,49.5,49.5,49.5,49.5,49.5,49.5,49.5,49.5,49.5,49.5,49.5,49.5,49.5,49.5,49.5,49.6,49.7,49.8,49.8,49.8,49.8,49.8,49.8,49.8
616,"POL","Poland",71.1,71.1,71.1,71.1,71.1,71.1,71.1,71.1,71.1,71.1,71.1,71.1,71.1,71.1,71.1,71.1,71.1,71.1,71.1,71.1,71.1,71.4,71.7,72,72,72,72,72,72,72
620,"PRT","Portugal",72.4,72.4,72.4,72.4,72.4,72.4,72.4,72.4,72.4,72.4,72.4,72.4,72.4,72.4,72.4,72.4,72.4,72.4,72.4,72.4,72.4,72.3,72.2,72.1,72.1,72.1,72.1,72.1,72.1,72.1
634,"QAT","Qatar",43,43,43,43,43,43,43,43,43,43,43,43,43,43,43,43,43,43,43,43,43,41.9,40.9,39.9,39.9,39.9,39.9,39.9,39.9,39.9
178,"COG","Republic of Congo",56.7,56.7,56.7,56.7,56.7,56.7,56.7,56.7,56.7,56.7,56.7,56.7,56.7,56.7,56.7,56.7,56.7,56.7,56.7,56.7,56.7,59.9,63,66.1,66.1,66.1,66.1,66.1,66.1,66.1
642,"ROU","Romania",82.4,82.4,82.4,82.4,82.4,82.4,82.4,82.4,82.4,82.4,82.4,82.4,82.4,82.4,82.4,82.4,82.4,82.4,82.4,82.4,82.4,83.1,83.8,84.4,84.4,84.4,84.4,84.4,84.4,84.4
643,"RUS","Russia",68.1,68.1,68.1,68.1,68.1,68.1,68.1,68.1,68.1,68.1,68.1,68.1,68.1,68.1,68.1,68.1,68.1,68.1,68.1,68.1,68.1,63.1,58,53,53,53,53,53,53,53
646,"RWA","Rwanda",68.9,68.9,68.9,68.9,68.9,68.9,68.9,68.9,68.9,68.9,68.9,68.9,68.9,68.9,68.9,68.9,68.9,68.9,68.9,68.9,68.9,67.9,66.9,65.9,65.9,65.9,65.9,65.9,65.9,65.9
652,"BLM","Saint Barthelemy",77.8,77.8,77.8,77.8,77.8,77.8,77.8,77.8,77.8,77.8,77.8,77.8,77.8,77.8,77.8,77.8,77.8,77.8,77.8,77.8,77.8,77.8,77.8,77.8,77.8,77.8,77.8,77.8,77.8,77.8
659,"KNA","Saint Kitts and Nevis",77.8,77.8,77.8,77.8,77.8,77.8,77.8,77.8,77.8,77.8,77.8,77.8,77.8,77.8,77.8,77.8,77.8,77.8,77.8,77.8,77.8,77.8,77.8,77.8,77.8,77.8,77.8,77.8,77.8,77.8
662,"LCA","Saint Lucia",22.7,22.7,22.7,22.7,22.7,22.7,22.7,22.7,22.7,22.7,22.7,22.7,22.7,22.7,22.7,22.7,22.7,22.7,22.7,22.7,22.7,22.4,22,21.7,21.7,21.7,21.7,21.7,21.7,21.7
670,"VCT","Saint Vincent and the Grenadines",77.8,77.8,77.8,77.8,77.8,77.8,77.8,77.8,77.8,77.8,77.8,77.8,77.8,77.8,77.8,77.8,77.8,77.8,77.8,77.8,77.8,77.8,77.8,77.8,77.8,77.8,77.8,77.8,77.8,77.8
882,"WSM","Samoa",77.8,77.8,77.8,77.8,77.8,77.8,77.8,77.8,77.8,77.8,77.8,77.8,77.8,77.8,77.8,77.8,77.8,77.8,77.8,77.8,77.8,77.8,77.8,77.8,77.8,77.8,77.8,77.8,77.8,77.8
674,"SMR","San Marino",70.6,70.6,70.6,70.6,70.6,70.6,70.6,70.6,70.6,70.6,70.6,70.6,70.6,70.6,70.6,70.6,70.6,70.6,70.6,70.6,70.6,68.4,66.3,64.2,64.2,64.2,64.2,64.2,64.2,64.2
678,"STP","Sao Tome and Principe",28.7,28.7,28.7,28.7,28.7,28.7,28.7,28.7,28.7,28.7,28.7,28.7,28.7,28.7,28.7,28.7,28.7,28.7,28.7,28.7,28.7,34,39.4,44.8,44.8,44.8,44.8,44.8,44.8,44.8
682,"SAU","Saudi Arabia",61.2,61.2,61.2,61.2,61.2,61.2,61.2,61.2,61.2,61.2,61.2,61.2,61.2,61.2,61.2,61.2,61.2,61.2,61.2,61.2,61.2,58.5,55.8,53.1,53.1,53.1,53.1,53.1,53.1,53.1
686,"SEN","Senegal",87.6,87.6,87.6,87.6,87.6,87.6,87.6,87.6,87.6,87.6,87.6,87.6,87.6,87.6,87.6,87.6,87.6,87.6,87.6,87.6,87.6,87.2,86.8,86.5,86.5,86.5,86.5,86.5,86.5,86.5
688,"SRB","Serbia",58.3,58.3,58.3,58.3,58.3,58.3,58.3,58.3,58.3,58.3,58.3,58.3,58.3,58.3,58.3,58.3,58.3,58.3,58.3,58.3,58.3,54.3,50.3,46.3,46.3,46.3,46.3,46.3,46.3,46.3
690,"SYC","Seychelles",77.8,77.8,77.8,77.8,77.8,77.8,77.8,77.8,77.8,77.8,77.8,77.8,77.8,77.8,77.8,77.8,77.8,77.8,77.8,77.8,77.8,77.8,77.8,77.8,77.8,77.8,77.8,77.8,77.8,77.8
694,"SLE","Sierra Leone",71.8,71.8,71.8,71.8,71.8,71.8,71.8,71.8,71.8,71.8,71.8,71.8,71.8,71.8,71.8,71.8,71.8,71.8,71.8,71.8,71.8,65.5,59.2,52.8,52.8,52.8,52.8,52.8,52.8,52.8
702,"SGP","Singapore",38.6,38.6,38.6,38.6,38.6,38.6,38.6,38.6,38.6,38.6,38.6,38.6,38.6,38.6,38.6,38.6,38.6,38.6,38.6,38.6,38.6,41.1,43.6,46,46,46,46,46,46,46
534,"SXM","Sint Maarten",77.8,77.8,77.8,77.8,77.8,77.8,77.8,77.8,77.8,77.8,77.8,77.8,77.8,77.8,77.8,77.8,77.8,77.8,77.8,77.8,77.8,77.8,77.8,77.8,77.8,77.8,77.8,77.8,77.8,77.8
703,"SVK","Slovakia",82.1,82.1,82.1,82.1,82.1,82.1,82.1,82.1,82.1,82.1,82.1,82.1,82.1,82.1,82.1,82.1,82.1,82.1,82.1,82.1,82.1,81.2,80.4,79.6,79.6,79.6,79.6,79.6,79.6,79.6
705,"SVN","Slovenia",74,74,74,74,74,74,74,74,74,74,74,74,74,74,74,74,74,74,74,74,74,73,71.9,70.9,70.9,70.9,70.9,70.9,70.9,70.9
90,"SLB","Solomon Islands",33.6,33.6,33.6,33.6,33.6,33.6,33.6,33.6,33.6,33.6,33.6,33.6,33.6,33.6,33.6,33.6,33.6,33.6,33.6,33.6,33.6,36.4,39.2,42.1,42.1,42.1,42.1,42.1,42.1,42.1
706,"SOM","Somalia",84.2,84.2,84.2,84.2,84.2,84.2,84.2,84.2,84.2,84.2,84.2,84.2,84.2,84.2,84.2,84.2,84.2,84.2,84.2,84.2,84.2,87.3,90.4,93.5,93.5,93.5,93.5,93.5,93.5,93.5
710,"ZAF","South Africa",72.9,72.9,72.9,72.9,72.9,72.9,72.9,72.9,72.9,72.9,72.9,72.9,72.9,72.9,72.9,72.9,72.9,72.9,72.9,72.9,72.9,73.1,73.3,73.5,73.5,73.5,73.5,73.5,73.5,73.5
410,"KOR","South Korea",41.4,41.4,41.4,41.4,41.4,41.4,41.4,41.4,41.4,41.4,41.4,41.4,41.4,41.4,41.4,41.4,41.4,41.4,41.4,41.4,41.4,43.7,46,48.3,48.3,48.3,48.3,48.3,48.3,48.3
728,"SSD","South Sudan",78.8,78.8,78.8,78.8,78.8,78.8,78.8,78.8,78.8,78.8,78.8,78.8,78.8,78.8,78.8,78.8,78.8,78.8,78.8,78.8,78.8,75.6,72.4,69.1,69.1,69.1,69.1,69.1,69.1,69.1
724,"ESP","Spain",68.4,68.4,68.4,68.4,68.4,68.4,68.4,68.4,68.4,68.4,68.4,68.4,68.4,68.4,68.4,68.4,68.4,68.4,68.4,68.4,68.4,68.2,68,67.8,67.8,67.8,67.8,67.8,67.8,67.8
144,"LKA","Sri Lanka",55,55,55,55,55,55,55,55,55,55,55,55,55,55,55,55,55,55,55,55,55,57.1,59.2,61.3,61.3,61.3,61.3,61.3,61.3,61.3
275,"PSE","State of Palestine",26.5,26.5,26.5,26.5,26.5,26.5,26.5,26.5,26.5,26.5,26.5,26.5,26.5,26.5,26.5,26.5,26.5,26.5,26.5,26.5,26.5,32.3,38.1,43.9,43.9,43.9,43.9,43.9,43.9,43.9
729,"SDN","Sudan",83.2,83.2,83.2,83.2,83.2,83.2,83.2,83.2,83.2,83.2,83.2,83.2,83.2,83.2,83.2,83.2,83.2,83.2,83.2,83.2,83.2,80.4,77.6,74.7,74.7,74.7,74.7,74.7,74.7,74.7
740,"SUR","Suriname",20.5,20.5,20.5,20.5,20.5,20.5,20.5,20.5,20.5,20.5,20.5,20.5,20.5,20.5,20.5,20.5,20.5,20.5,20.5,20.5,20.5,23.1,25.7,28.3,28.3,28.3,28.3,28.3,28.3,28.3
752,"SWE","Sweden",78.3,78.3,78.3,78.3,78.3,78.3,78.3,78.3,78.3,78.3,78.3,78.3,78.3,78.3,78.3,78.3,78.3,78.3,78.3,78.3,78.3,77.7,77.1,76.5,76.5,76.5,76.5,76.5,76.5,76.5
756,"CHE","Switzerland",58.6,58.6,58.6,58.6,58.6,58.6,58.6,58.6,58.6,58.6,58.6,58.6,58.6,58.6,58.6,58.6,58.6,58.6,58.6,58.6,58.6,56,53.5,50.9,50.9,50.9,50.9,50.9,50.9,50.9
760,"SYR","Syria",83.7,83.7,83.7,83.7,83.7,83.7,83.7,83.7,83.7,83.7,83.7,83.7,83.7,83.7,83.7,83.7,83.7,83.7,83.7,83.7,83.7,79,74.3,69.6,69.6,69.6,69.6,69.6,69.6,69.6
158,"TWN","Taiwan",30,30,30,30,30,30,30,30,30,30,30,30,30,30,30,30,30,30,30,30,30,31.6,33.2,34.8,34.8,34.8,34.8,34.8,34.8,34.8
762,"TJK","Tajikistan",82.6,82.6,82.6,82.6,82.6,82.6,82.6,82.6,82.6,82.6,82.6,82.6,82.6,82.6,82.6,82.6,82.6,82.6,82.6,82.6,82.6,74.1,65.7,57.2,57.2,57.2,57.2,57.2,57.2,57.2
834,"TZA","Tanzania",99.7,99.7,99.7,99.7,99.7,99.7,99.7,99.7,99.7,99.7,99.7,99.7,99.7,99.7,99.7,99.7,99.7,99.7,99.7,99.7,99.7,99.6,99.6,99.6,99.6,99.6,99.6,99.6,99.6,99.6
764,"THA","Thailand",58.1,58.1,58.1,58.1,58.1,58.1,58.1,58.1,58.1,58.1,58.1,58.1,58.1,58.1,58.1,58.1,58.1,58.1,58.1,58.1,58.1,54.6,51.1,47.5,47.5,47.5,47.5,47.5,47.5,47.5
626,"TLS","Timor-Leste",95,95,95,95,95,95,95,95,95,95,95,95,95,95,95,95,95,95,95,95,95,95.7,96.4,97.1,97.1,97.1,97.1,97.1,97.1,97.1
768,"TGO","Togo",82,82,82,82,82,82,82,82,82,82,82,82,82,82,82,82,82,82,82,82,82,80,78.1,76.1,76.1,76.1,76.1,76.1,76.1,76.1
776,"TON","Tonga",0,0,0,0,0,0,0,0,0,0,0,0,0,0,0,0,0,0,0,0,0,0,0,0,0,0,0,0,0,0
780,"TTO","Trinidad and Tobago",22.7,22.7,22.7,22.7,22.7,22.7,22.7,22.7,22.7,22.7,22.7,22.7,22.7,22.7,22.7,22.7,22.7,22.7,22.7,22.7,22.7,24.8,27,29.1,29.1,29.1,29.1,29.1,29.1,29.1
788,"TUN","Tunisia",55,55,55,55,55,55,55,55,55,55,55,55,55,55,55,55,55,55,55,55,55,56.6,58.1,59.7,59.7,59.7,59.7,59.7,59.7,59.7
792,"TUR","Turkiye",57.9,57.9,57.9,57.9,57.9,57.9,57.9,57.9,57.9,57.9,57.9,57.9,57.9,57.9,57.9,57.9,57.9,57.9,57.9,57.9,57.9,52.9,47.9,42.9,42.9,42.9,42.9,42.9,42.9,42.9
795,"TKM","Turkmenistan",86.6,86.6,86.6,86.6,86.6,86.6,86.6,86.6,86.6,86.6,86.6,86.6,86.6,86.6,86.6,86.6,86.6,86.6,86.6,86.6,86.6,81.8,77,72.3,72.3,72.3,72.3,72.3,72.3,72.3
796,"TCA","Turks and Caicos Islands",77.8,77.8,77.8,77.8,77.8,77.8,77.8,77.8,77.8,77.8,77.8,77.8,77.8,77.8,77.8,77.8,77.8,77.8,77.8,77.8,77.8,77.8,77.8,77.8,77.8,77.8,77.8,77.8,77.8,77.8
798,"TUV","Tuvalu",77.8,77.8,77.8,77.8,77.8,77.8,77.8,77.8,77.8,77.8,77.8,77.8,77.8,77.8,77.8,77.8,77.8,77.8,77.8,77.8,77.8,77.8,77.8,77.8,77.8,77.8,77.8,77.8,77.8,77.8
800,"UGA","Uganda",97.7,97.7,97.7,97.7,97.7,97.7,97.7,97.7,97.7,97.7,97.7,97.7,97.7,97.7,97.7,97.7,97.7,97.7,97.7,97.7,97.7,96,94.4,92.7,92.7,92.7,92.7,92.7,92.7,92.7
804,"UKR","Ukraine",63,63,63,63,63,63,63,63,63,63,63,63,63,63,63,63,63,63,63,63,63,63.6,64.1,64.7,64.7,64.7,64.7,64.7,64.7,64.7
784,"ARE","United Arab Emirates",31.5,31.5,31.5,31.5,31.5,31.5,31.5,31.5,31.5,31.5,31.5,31.5,31.5,31.5,31.5,31.5,31.5,31.5,31.5,31.5,31.5,33.3,35,36.7,36.7,36.7,36.7,36.7,36.7,36.7
826,"GBR","United Kingdom",83.6,83.6,83.6,83.6,83.6,83.6,83.6,83.6,83.6,83.6,83.6,83.6,83.6,83.6,83.6,83.6,83.6,83.6,83.6,83.6,83.6,81.4,79.2,77,77,77,77,77,77,77
840,"USA","United States of America",56.9,56.9,56.9,56.9,56.9,56.9,56.9,56.9,56.9,56.9,56.9,56.9,56.9,56.9,56.9,56.9,56.9,56.9,56.9,56.9,56.9,57.2,57.5,57.8,57.8,57.8,57.8,57.8,57.8,57.8
858,"URY","Uruguay",73.4,73.4,73.4,73.4,73.4,73.4,73.4,73.4,73.4,73.4,73.4,73.4,73.4,73.4,73.4,73.4,73.4,73.4,73.4,73.4,73.4,73.6,73.7,73.8,73.8,73.8,73.8,73.8,73.8,73.8
860,"UZB","Uzbekistan",70.6,70.6,70.6,70.6,70.6,70.6,70.6,70.6,70.6,70.6,70.6,70.6,70.6,70.6,70.6,70.6,70.6,70.6,70.6,70.6,70.6,62.3,54,45.7,45.7,45.7,45.7,45.7,45.7,45.7
548,"VUT","Vanuatu",30.4,30.4,30.4,30.4,30.4,30.4,30.4,30.4,30.4,30.4,30.4,30.4,30.4,30.4,30.4,30.4,30.4,30.4,30.4,30.4,30.4,34.3,38.3,42.3,42.3,42.3,42.3,42.3,42.3,42.3
862,"VEN","Venezuela",41.2,41.2,41.2,41.2,41.2,41.2,41.2,41.2,41.2,41.2,41.2,41.2,41.2,41.2,41.2,41.2,41.2,41.2,41.2,41.2,41.2,43.3,45.4,47.5,47.5,47.5,47.5,47.5,47.5,47.5
704,"VNM","Viet Nam",58.1,58.1,58.1,58.1,58.1,58.1,58.1,58.1,58.1,58.1,58.1,58.1,58.1,58.1,58.1,58.1,58.1,58.1,58.1,58.1,58.1,58.5,59,59.4,59.4,59.4,59.4,59.4,59.4,59.4
876,"WLF","Wallis and Futuna Islands",77.8,77.8,77.8,77.8,77.8,77.8,77.8,77.8,77.8,77.8,77.8,77.8,77.8,77.8,77.8,77.8,77.8,77.8,77.8,77.8,77.8,77.8,77.8,77.8,77.8,77.8,77.8,77.8,77.8,77.8
732,"ESH","Western Sahara",87.5,87.5,87.5,87.5,87.5,87.5,87.5,87.5,87.5,87.5,87.5,87.5,87.5,87.5,87.5,87.5,87.5,87.5,87.5,87.5,87.5,83.2,78.9,74.5,74.5,74.5,74.5,74.5,74.5,74.5
887,"YEM","Yemen",84.4,84.4,84.4,84.4,84.4,84.4,84.4,84.4,84.4,84.4,84.4,84.4,84.4,84.4,84.4,84.4,84.4,84.4,84.4,84.4,84.4,81.7,79,76.4,76.4,76.4,76.4,76.4,76.4,76.4
894,"ZMB","Zambia",74.5,74.5,74.5,74.5,74.5,74.5,74.5,74.5,74.5,74.5,74.5,74.5,74.5,74.5,74.5,74.5,74.5,74.5,74.5,74.5,74.5,78.3,82.1,85.9,85.9,85.9,85.9,85.9,85.9,85.9
716,"ZWE","Zimbabwe",83.5,83.5,83.5,83.5,83.5,83.5,83.5,83.5,83.5,83.5,83.5,83.5,83.5,83.5,83.5,83.5,83.5,83.5,83.5,83.5,83.5,82.6,81.7,80.8,80.8,80.8,80.8,80.8,80.8,80.8
