"code","iso","country","RCY.ind.1995","RCY.ind.1996","RCY.ind.1997","RCY.ind.1998","RCY.ind.1999","RCY.ind.2000","RCY.ind.2001","RCY.ind.2002","RCY.ind.2003","RCY.ind.2004","RCY.ind.2005","RCY.ind.2006","RCY.ind.2007","RCY.ind.2008","RCY.ind.2009","RCY.ind.2010","RCY.ind.2011","RCY.ind.2012","RCY.ind.2013","RCY.ind.2014","RCY.ind.2015","RCY.ind.2016","RCY.ind.2017","RCY.ind.2018","RCY.ind.2019","RCY.ind.2020","RCY.ind.2021","RCY.ind.2022","RCY.ind.2023","RCY.ind.2024"
4,"AFG","Afghanistan",14.7,15.9,20.1,20.8,19.2,6.3,11.5,28.7,23.7,18.6,32.5,25,35.2,21.3,39.2,37.6,27.1,40.2,40.9,40,42.8,38.5,40,43.8,42.5,38.4,38.4,41.9,41.9,41.9
8,"ALB","Albania",36.2,27.8,36.3,37.2,34.8,42.1,39.3,44.2,40.8,44.8,46.3,47.6,51.3,58.7,62.2,67.1,66.2,68.6,70.2,69,68.9,66.2,68,68.4,71.4,73.8,71.8,73.6,73.6,73.6
12,"DZA","Algeria",11.2,27.8,10.4,10.8,18.4,13.5,18.5,18,31.2,27.5,32.7,33,25.1,20.1,40.2,34,38.5,39.8,44.6,31,31.5,19.5,18.7,48.5,42.5,34.9,32.4,38.7,38.7,38.7
20,"AND","Andorra",NA,NA,NA,NA,NA,NA,NA,NA,NA,NA,NA,NA,NA,NA,NA,NA,NA,NA,NA,NA,NA,NA,NA,NA,NA,NA,NA,NA,NA,NA
24,"AGO","Angola",7.3,10.4,7.2,12.3,12,16.7,19.3,22.2,19.4,18.8,19.6,19,18.2,27.9,24.3,26.7,24.3,24,28.8,17.7,19.1,11.9,12.4,15.3,15.9,17,17,18.4,18.4,18.4
660,"AIA","Anguilla",NA,NA,NA,NA,NA,NA,NA,NA,NA,NA,NA,NA,NA,NA,NA,NA,NA,NA,NA,NA,NA,NA,NA,NA,NA,NA,NA,NA,NA,NA
28,"ATG","Antigua and Barbuda",54.1,54.1,54.1,54.1,54.1,54.1,54.1,54.1,54.1,54.1,54.1,54.1,54.1,54.1,54.1,54.1,54.1,54.1,54.1,54.1,54.1,54.1,54.1,54.1,54.1,54.1,54.1,54.1,54.1,54.1
32,"ARG","Argentina",64.8,61.1,57.2,77.9,73.4,73.3,77.2,79.8,84.1,75,90,88,96.6,93.2,62.2,100,93.3,80.8,90.6,95.6,100,100,100,83.5,100,98.8,95.7,95.3,95.3,95.3
51,"ARM","Armenia",36.8,37.5,22.7,33.8,33.3,21.3,36.1,44.2,29.7,47.9,39.9,25.1,57.3,52.8,49.9,44.3,63.1,59.9,70.7,73.7,72.3,70.6,43.2,59,36.4,45.9,25,46.7,46.7,46.7
533,"ABW","Aruba",NA,NA,NA,NA,NA,NA,NA,NA,NA,NA,NA,NA,NA,NA,NA,NA,NA,NA,NA,NA,NA,NA,NA,NA,NA,NA,NA,NA,NA,NA
36,"AUS","Australia",27.4,47.5,57.1,49,50,52.3,48.3,57,20.1,56.5,42.7,56,19.6,30.2,40.9,41.8,53.8,58.9,50.1,57.9,53,56,75.4,55.2,47.2,45,74.6,84.7,84.7,84.7
40,"AUT","Austria",68.7,63.1,71,70.3,74.4,64,70.5,70.3,62,80.7,75.8,70.6,70.8,84.6,76.7,73.6,88.2,71.5,72.4,89.2,75.1,92.6,77.5,75.1,86.3,91.1,88.9,84.1,84.1,84.1
31,"AZE","Azerbaijan",28,28.8,22.6,21.4,32.2,38.5,46.9,48.6,48.9,49.4,50.1,48.8,51.8,55.1,52.8,38.6,50.2,55.3,56.3,47.2,68.3,64.5,59.9,63.4,73.1,74.6,76.3,74.4,74.4,74.4
44,"BHS","Bahamas",73.3,73.3,73.3,73.3,73.3,73.3,73.3,73.3,73.3,73.3,73.3,73.3,73.3,73.3,73.3,73.3,73.3,73.3,73.3,73.3,73.3,73.3,73.3,73.3,73.3,73.3,73.3,73.3,73.3,73.3
48,"BHR","Bahrain",57.2,57.2,57.2,57.2,57.2,57.2,57.2,57.2,57.2,57.2,57.2,57.2,57.2,57.2,57.2,57.2,57.2,57.2,57.2,57.2,57.2,57.2,57.2,57.2,57.2,57.2,57.2,57.2,57.2,57.2
50,"BGD","Bangladesh",43.2,45.3,44.9,48.3,53.6,59.5,58.3,60.4,62.4,62.1,67.9,70.1,76.3,78.6,79.1,82.5,83.9,85.3,87.7,88.5,89.5,90.6,93.2,95.8,96.5,98.9,99.5,100,100,100
52,"BRB","Barbados",71,71,71,71,71,71,71,71,71,71,71,71,71,71,71,71,71,71,71,71,71,71,71,71,71,71,71,71,71,71
112,"BLR","Belarus",37.3,41.9,37.7,30.3,23.9,33.5,33.1,41.2,45.2,56.7,51.1,49.3,52.3,62.9,57.6,48.6,53.1,56.7,48.7,59.5,58.8,50.7,56.8,43.4,51.3,58.4,48.7,49.2,49.2,49.2
56,"BEL","Belgium",99.6,99.6,99.6,99.6,99.6,99.6,99.6,99.6,99.6,99.6,99.6,99.6,99.6,99.6,99.6,99.6,99.6,99.6,99.6,99.6,99.6,99.6,99.6,99.6,99.6,99.6,99.6,99.6,99.6,99.6
84,"BLZ","Belize",43.4,53.6,53,55.3,62.1,54.1,59.9,54.8,59.1,53.1,52.8,59.7,62.9,46.8,52.4,66.5,57.3,68.1,71,67.6,54.5,61.3,73.4,67.5,55.8,58.6,72.4,75.5,75.5,75.5
204,"BEN","Benin",47,47.4,44.8,42.8,44.9,44,47,47.8,49.1,51.3,41.2,43.5,47.2,39.8,45.7,39,52.9,42.3,44.7,46.7,40.8,48.5,49.9,52.1,46.9,52,50.9,44.2,44.2,44.2
60,"BMU","Bermuda",NA,NA,NA,NA,NA,NA,NA,NA,NA,NA,NA,NA,NA,NA,NA,NA,NA,NA,NA,NA,NA,NA,NA,NA,NA,NA,NA,NA,NA,NA
64,"BTN","Bhutan",9.7,10.6,11.5,11.5,11,10.3,10,11.8,16.5,33.5,26.8,26.6,22.6,32.2,23,28.5,33.8,34.2,38.3,37.9,39.5,38,38.2,39.1,34.8,42.1,41.2,41.1,41.1,41.1
68,"BOL","Bolivia",43.6,42,41.8,42.3,36.5,45.6,47.8,48.6,58.6,50.6,49.8,50.9,48.7,49.4,61.8,51.1,48.3,63.9,59.8,61.9,69.9,69,57.9,66.7,63.6,62.2,74.9,61.7,61.7,61.7
70,"BIH","Bosnia and Herzegovina",27.7,28.2,30,29.2,32.1,18.2,25.7,33.2,16.7,40.5,38.2,38.4,26.3,40,41.9,33.1,32,22.9,35.9,34.4,32.7,51.4,33.1,54.7,52.8,60.9,41.9,75.8,75.8,75.8
72,"BWA","Botswana",38.5,38.5,38.5,38.5,38.5,38.5,38.5,38.5,38.5,38.5,38.5,38.5,38.5,38.5,38.5,38.5,38.5,38.5,38.5,38.5,38.5,38.5,38.5,38.5,38.5,38.5,38.5,38.5,38.5,38.5
76,"BRA","Brazil",54.5,54.6,57.6,60.8,62.2,62.2,73,69.3,79.4,69.7,66.2,72.3,82.9,85.8,80.3,90.3,93.1,88.5,95.9,92.9,99.8,91.5,100,100,100,100,100,99,99,99
92,"VGB","British Virgin Islands",NA,NA,NA,NA,NA,NA,NA,NA,NA,NA,NA,NA,NA,NA,NA,NA,NA,NA,NA,NA,NA,NA,NA,NA,NA,NA,NA,NA,NA,NA
96,"BRN","Brunei Darussalam",6.3,6.4,6.5,6.6,6.5,6.5,6.4,6.3,6.3,6.2,6.1,7.4,9.5,8.6,8,12.3,22.1,20.1,22.6,25.7,42,27.6,29.1,33.2,34.3,54,47.9,49.4,49.4,49.4
100,"BGR","Bulgaria",44.7,24.6,39.2,35.2,38.3,31.3,40.8,47.9,35.5,66.9,52.8,58.1,33.5,70.4,62.1,72.9,71.1,62.2,81,86.6,78.5,86.8,95,94.1,95.1,74.1,99.9,90.7,90.7,90.7
854,"BFA","Burkina Faso",60.4,66.5,48.5,64.3,65.4,57.2,67.9,65.6,70,66.2,79.7,84.9,63.3,73.2,64.6,69.1,60.5,73.6,71.6,78.4,72.1,67.3,56.1,68.6,68.8,72.1,58.7,67.7,67.7,67.7
108,"BDI","Burundi",21.1,21.8,23.1,21.5,21.2,20.8,21.8,22.8,21.8,21.7,20.3,20.2,21.1,18.2,13.9,14.5,13.1,12.3,24.4,28.4,30.9,34.4,24.7,28.2,25.7,24.9,29.6,30.4,30.4,30.4
132,"CPV","Cabo Verde",36.1,36.1,36.1,36.1,36.1,36.1,36.1,36.1,36.1,36.1,36.1,36.1,36.1,36.1,36.1,36.1,36.1,36.1,36.1,36.1,36.1,36.1,36.1,36.1,36.1,36.1,36.1,36.1,36.1,36.1
116,"KHM","Cambodia",26.6,27.2,26.6,26.4,30.6,35,34.2,30.3,36.6,33.7,45.1,48,51.2,55.3,58.5,60.2,63.2,66.7,66.8,67.2,68.8,71.8,75.7,76,73.2,74.3,78.6,81.5,81.5,81.5
120,"CMR","Cameroon",27.6,33,30.9,32,47.2,45.4,41.6,37.5,37.8,36.5,48.6,49.9,50.7,49.8,48.5,49.8,49.1,47,50.6,48.3,47.1,46.6,50.2,51.4,79.9,56.3,51,48.4,48.4,48.4
124,"CAN","Canada",76,84.2,74,79.5,90.5,82.9,66.2,62.4,77.3,90.9,97.3,92.2,81.5,100,100,100,100,96.1,100,100,100,100,100,100,100,100,88.2,100,100,100
136,"CYM","Cayman Islands",NA,NA,NA,NA,NA,NA,NA,NA,NA,NA,NA,NA,NA,NA,NA,NA,NA,NA,NA,NA,NA,NA,NA,NA,NA,NA,NA,NA,NA,NA
140,"CAF","Central African Republic",34.8,34.8,34.8,34.8,34.8,34.8,34.8,34.8,34.8,34.8,34.8,34.8,34.8,34.8,34.8,34.8,34.8,34.8,34.8,34.8,34.8,34.8,34.8,34.8,34.8,34.8,34.8,34.8,34.8,34.8
148,"TCD","Chad",37.8,37.8,37.8,37.8,37.8,37.8,37.8,37.8,37.8,37.8,37.8,37.8,37.8,37.8,37.8,37.8,37.8,37.8,37.8,37.8,37.8,37.8,37.8,37.8,37.8,37.8,37.8,37.8,37.8,37.8
152,"CHL","Chile",61.7,57.2,64.9,71.3,59.5,64.4,73.2,75.1,75.1,80.1,80.4,81.8,77.3,80.2,75.9,96,100,91,100,92,100,100,100,100,100,100,100,100,100,100
156,"CHN","China",60.7,64.2,64.3,64.7,64.6,62.4,62.6,64.5,62.7,68.5,68.5,70.2,70,73.3,71.7,72.8,75.4,77.7,78.3,78.9,79.1,79.5,80.5,82.3,85.8,85.2,84.8,85.9,85.9,85.9
170,"COL","Colombia",54.4,56.2,59,58.5,60.1,59.8,59.5,66.3,69.9,70.5,71,65.4,67.4,67,68.2,66.3,66.6,64.9,63.9,74.2,71.6,69,65.5,70.6,65.1,74.8,76.3,78.4,78.4,78.4
174,"COM","Comoros",40.7,40.7,40.7,40.7,40.7,40.7,40.7,40.7,40.7,40.7,40.7,40.7,40.7,40.7,40.7,40.7,40.7,40.7,40.7,40.7,40.7,40.7,40.7,40.7,40.7,40.7,40.7,40.7,40.7,40.7
184,"COK","Cook Islands",NA,NA,NA,NA,NA,NA,NA,NA,NA,NA,NA,NA,NA,NA,NA,NA,NA,NA,NA,NA,NA,NA,NA,NA,NA,NA,NA,NA,NA,NA
188,"CRI","Costa Rica",83.1,74.1,84.9,81.5,73.1,75.6,78.5,72.5,73.5,71.4,70,80,78.3,78.4,77.7,70,71.2,76.7,74.1,70.7,66.7,73.7,70.2,71.7,71.4,75.6,82.3,76.7,76.7,76.7
384,"CIV","Cote d'Ivoire",29.5,35.5,34.6,43.4,47.4,47.9,44.2,48.5,49.3,40.6,45.7,41.6,38.8,41.6,40.4,47.2,44.7,49.8,45.7,46,47.3,45.4,44.9,46.2,45.4,46.5,46.6,45.8,45.8,45.8
191,"HRV","Croatia",42.9,42.8,49.3,48.2,45.8,40.9,49.4,56.9,34.4,60.2,58.9,62.6,52.6,78.1,71.6,61.8,62.2,53.2,66.2,72.6,67,84.6,72.4,86.4,86.3,85.5,83.3,71.1,71.1,71.1
192,"CUB","Cuba",29.7,35.8,34.3,32.4,41.9,42.2,41,45.6,50.7,48.2,34.1,42.7,52.7,53.5,40.8,33.7,37.4,55.2,56.6,57.4,56.4,54.7,50.9,52.2,52.9,44.7,38.5,43.2,43.2,43.2
531,"CUW","Curacao",NA,NA,NA,NA,NA,NA,NA,NA,NA,NA,NA,NA,NA,NA,NA,NA,NA,NA,NA,NA,NA,NA,NA,NA,NA,NA,NA,NA,NA,NA
196,"CYP","Cyprus",57.6,57.6,57.6,57.6,57.6,57.6,57.6,57.6,57.6,57.6,57.6,57.6,57.6,57.6,57.6,57.6,57.6,57.6,57.6,57.6,57.6,57.6,57.6,57.6,57.6,57.6,57.6,57.6,57.6,57.6
203,"CZE","Czech Republic",60.9,60.5,59.9,58.2,64.2,57.3,67,61.7,54.3,84,71.7,63.9,68.8,80,77.2,69.9,81.6,67.6,82.9,98.7,89.9,96.2,82.3,81.4,84.4,91.5,90.7,90.9,90.9,90.9
180,"COD","Dem. Rep. Congo",25.1,25.2,25.2,25.3,24.7,24.6,24.5,24,24.1,24.1,24.1,23.8,24.1,24.1,24.3,26.6,26.6,26.9,26.4,25.8,25.7,26.7,26.1,26.6,27.2,28.3,28.6,27.6,27.6,27.6
208,"DNK","Denmark",89.6,87.3,91.1,90.2,86.2,93.2,91.6,86.2,90.9,91,91.9,86,84.1,91.9,100,86.6,87.3,96.8,98.1,100,100,94.5,100,76.6,100,100,100,100,100,100
262,"DJI","Djibouti",63.6,63.6,63.6,63.6,63.6,63.6,63.6,63.6,63.6,63.6,63.6,63.6,63.6,63.6,63.6,63.6,63.6,63.6,63.6,63.6,63.6,63.6,63.6,63.6,63.6,63.6,63.6,63.6,63.6,63.6
212,"DMA","Dominica",56.4,56.4,56.4,56.4,56.4,56.4,56.4,56.4,56.4,56.4,56.4,56.4,56.4,56.4,56.4,56.4,56.4,56.4,56.4,56.4,56.4,56.4,56.4,56.4,56.4,56.4,56.4,56.4,56.4,56.4
214,"DOM","Dominican Republic",82.5,82.5,82.5,82.5,82.5,82.5,82.5,82.5,82.5,82.5,82.5,82.5,82.5,82.5,82.5,82.5,82.5,82.5,82.5,82.5,82.5,82.5,82.5,82.5,82.5,82.5,82.5,82.5,82.5,82.5
218,"ECU","Ecuador",26.6,29.9,30.1,33.2,33.1,36.6,31.2,36.5,40.6,44.3,45,44.6,51.8,52.6,47.7,48.2,38.7,50.2,41.8,55.8,69.4,56.6,62.7,59.4,64.7,61.5,71.5,69.7,69.7,69.7
818,"EGY","Egypt",34.8,36.7,35.4,36.3,37.5,38.4,39.4,39.9,40.5,43,43.5,45.5,41,38.9,41.7,35.9,43.2,39.9,43.2,39.2,43.3,43,39.8,48.7,33.5,41.3,44.7,43.5,43.5,43.5
222,"SLV","El Salvador",54.7,58.9,47.1,51.3,58.8,58.5,52.5,67.4,65.8,69.6,71.3,76.8,70.6,77.5,76.4,74.8,69.1,76.3,76,68.3,62,75.8,79.4,67.9,78.7,77.6,83.2,74.7,74.7,74.7
226,"GNQ","Equatorial Guinea",39.4,39.4,39.4,39.4,39.4,39.4,39.4,39.4,39.4,39.4,39.4,39.4,39.4,39.4,39.4,39.4,39.4,39.4,39.4,39.4,39.4,39.4,39.4,39.4,39.4,39.4,39.4,39.4,39.4,39.4
232,"ERI","Eritrea",5.4,0,0,29.8,19.3,1.6,13.7,0,0,0,20.7,21.2,30.3,0,4.4,6.3,13.4,15.1,14.2,14,13.2,13.2,13.2,13.2,13.2,13.2,13.2,13.2,13.2,13.2
233,"EST","Estonia",37.4,49.4,44,32,26.7,47,45.6,44.9,40.5,45.4,56.9,42.8,63.3,55.6,55.9,46.6,51.4,69.8,66.5,77.5,96.7,51.3,85,51.8,100,100,79.7,92.8,92.8,92.8
748,"SWZ","Eswatini",64.6,64.6,64.6,64.6,64.6,64.6,64.6,64.6,64.6,64.6,64.6,64.6,64.6,64.6,64.6,64.6,64.6,64.6,64.6,64.6,64.6,64.6,64.6,64.6,64.6,64.6,64.6,64.6,64.6,64.6
231,"ETH","Ethiopia",15.3,20,21.5,19.2,18.6,17.7,19.8,25.4,19.9,21.7,25.3,31,26.3,28.1,31.3,35.4,38.5,40.6,45.6,49.1,51.5,52.1,56.6,64.2,68.3,68.6,68.9,65.3,65.3,65.3
234,"FRO","Faeroe Islands",NA,NA,NA,NA,NA,NA,NA,NA,NA,NA,NA,NA,NA,NA,NA,NA,NA,NA,NA,NA,NA,NA,NA,NA,NA,NA,NA,NA,NA,NA
238,"FLK","Falkland Islands",NA,NA,NA,NA,NA,NA,NA,NA,NA,NA,NA,NA,NA,NA,NA,NA,NA,NA,NA,NA,NA,NA,NA,NA,NA,NA,NA,NA,NA,NA
242,"FJI","Fiji",73,73,73,73,73,73,73,73,73,73,73,73,73,73,73,73,73,73,73,73,73,73,73,73,73,73,73,73,73,73
246,"FIN","Finland",93.3,94.4,95.1,59.4,71.6,96,87.9,88.9,85.1,85.1,95.3,91.5,99.2,97.8,100,79.6,92.4,94.5,100,100,96.9,98.3,100,85.1,100,96,75.2,100,100,100
250,"FRA","France",81.8,90.2,89,94.2,93,91.9,83.3,95.8,79.6,98.2,92.5,87.6,84.7,95.2,99.3,92.5,92.4,95.1,90.7,100,99.2,75.1,99.9,89,97.7,81,95.1,88.6,88.6,88.6
258,"PYF","French Polynesia",NA,NA,NA,NA,NA,NA,NA,NA,NA,NA,NA,NA,NA,NA,NA,NA,NA,NA,NA,NA,NA,NA,NA,NA,NA,NA,NA,NA,NA,NA
266,"GAB","Gabon",26.7,26.5,25.5,27.3,27.1,27.9,26.3,25.3,26.6,27.1,27.3,27.6,28.2,27.8,27.1,27.3,27.6,27.5,27.8,27.9,28.2,28,28,27.5,27.8,27.6,27.6,27.6,27.6,27.6
270,"GMB","Gambia",56,53.4,60.3,59.9,75.2,73.8,71,46.8,64.2,70.9,63,60.8,39.2,50.4,50.4,57,41.2,51.1,47.3,39.1,38.4,36.4,31.9,20.5,19.3,25.7,36.4,37.8,37.8,37.8
268,"GEO","Georgia",13.3,15.6,18.1,7.7,16.1,4.7,19.4,13.1,16.1,15.2,14.8,8.1,15.5,13.5,10.6,4.7,16.8,14.8,15.4,13.1,14.7,22.9,15.4,24.5,23.7,24.4,27.6,24,24,24
276,"DEU","Germany",82.3,81,87.1,86.2,92.2,88.6,96.9,83.2,75.3,100,92.7,89.2,84.9,97.1,100,92.7,84.9,95.2,100,100,100,97.1,98.2,81.1,93.6,98.2,96.7,98.4,98.4,98.4
288,"GHA","Ghana",50.4,51.4,47.9,49.5,49,48.6,45.4,50.7,50.6,48,50.3,48.8,46,56.4,59.2,62.3,57.7,61.4,63.5,66.8,67.6,68.1,71.2,80,84.9,87.5,86.3,89.4,89.4,89.4
300,"GRC","Greece",61.3,57.9,60.1,58.8,57.4,61.8,61.8,59.7,52.8,61.3,61.6,55.8,55.9,66.9,65.5,61.2,63.8,62.7,68.8,68.8,71.5,70.6,74.3,71.3,77.2,75.4,72.3,72,72,72
304,"GRL","Greenland",NA,NA,NA,NA,NA,NA,NA,NA,NA,NA,NA,NA,NA,NA,NA,NA,NA,NA,NA,NA,NA,NA,NA,NA,NA,NA,NA,NA,NA,NA
308,"GRD","Grenada",63.3,63.3,63.3,63.3,63.3,63.3,63.3,63.3,63.3,63.3,63.3,63.3,63.3,63.3,63.3,63.3,63.3,63.3,63.3,63.3,63.3,63.3,63.3,63.3,63.3,63.3,63.3,63.3,63.3,63.3
320,"GTM","Guatemala",44.5,39.8,39.2,39.9,39.9,39.9,47.1,45.8,46,50.9,52.3,54.9,51.5,44.1,44.6,45.7,44.2,47.4,49.3,54.1,56.4,57.7,51.4,51.5,54,53.2,51.9,53.1,53.1,53.1
831,"GGY","Guernsey",NA,NA,NA,NA,NA,NA,NA,NA,NA,NA,NA,NA,NA,NA,NA,NA,NA,NA,NA,NA,NA,NA,NA,NA,NA,NA,NA,NA,NA,NA
324,"GIN","Guinea",25,25.1,25.5,26,26.4,27.4,27.8,28.8,29.9,31.4,32.5,33.4,34.3,32.3,31.2,23.1,22.6,21.1,21.8,19.7,20.6,21.7,23.3,23.9,26.4,28.4,29.9,31.6,31.6,31.6
624,"GNB","Guinea-Bissau",40,40,40,40,40,40,40,40,40,40,40,40,40,40,40,40,40,40,40,40,40,40,40,40,40,40,40,40,40,40
328,"GUY","Guyana",76.3,75.6,74.6,75.1,73.1,70.4,75.1,83.5,81.4,80.5,70.9,83.8,82.1,72.5,76.2,76.7,78,77.9,86.9,93,99.1,95.7,99.2,100,100,100,100,100,100,100
332,"HTI","Haiti",53.7,53.7,53.7,53.7,53.7,53.7,53.7,53.7,53.7,53.7,53.7,53.7,53.7,53.7,53.7,53.7,53.7,53.7,53.7,53.7,53.7,53.7,53.7,53.7,53.7,53.7,53.7,53.7,53.7,53.7
336,"VAT","Holy See",NA,NA,NA,NA,NA,NA,NA,NA,NA,NA,NA,NA,NA,NA,NA,NA,NA,NA,NA,NA,NA,NA,NA,NA,NA,NA,NA,NA,NA,NA
340,"HND","Honduras",32.7,35.2,35.9,25,27.3,32.9,34.6,30.5,38.6,35.7,38.4,42.2,44.1,45,48.7,43,44.5,45.6,44.8,48.3,44.6,45.3,46.9,46.2,45.2,43.5,41,40.9,40.9,40.9
344,"HKG","Hong Kong",NA,NA,NA,NA,NA,NA,NA,NA,NA,NA,NA,NA,NA,NA,NA,NA,NA,NA,NA,NA,NA,NA,NA,NA,NA,NA,NA,NA,NA,NA
348,"HUN","Hungary",57.6,55.7,62.5,64,60.6,47.9,67.3,54.8,44.6,84.6,79,73.6,55.1,88.8,70.3,65.9,75.1,59.8,75.7,91,83.3,100,98.1,100,100,100,95.9,67.1,67.1,67.1
352,"ISL","Iceland",69.4,69.4,69.4,69.4,69.4,69.4,69.4,69.4,69.4,69.4,69.4,69.4,69.4,69.4,69.4,69.4,69.4,69.4,69.4,69.4,69.4,69.4,69.4,69.4,69.4,69.4,69.4,69.4,69.4,69.4
356,"IND","India",51.7,55.7,53.9,54,54,53.6,57,48.9,61.4,58.1,61.2,62.4,69.7,66.8,64.5,74.4,77.3,76.7,78.4,76.4,71.4,77,79.8,82.8,86.7,85.3,87.9,88.8,88.8,88.8
360,"IDN","Indonesia",70.3,73.4,74.8,72,73,76.8,77.9,79.6,82.7,84.2,87.2,87.5,86.3,91.8,93.3,94.2,94.3,97.3,96.5,96.6,99,98.8,99.2,100,96.5,96.1,96.9,99.3,99.3,99.3
364,"IRN","Iran",33.6,31.5,31.3,39.2,34.7,29.8,33.3,41.2,43.6,44.5,41.5,43.9,45.4,26.8,34.9,39.7,28,28.7,31.1,36.6,42.4,52.4,39.4,39.3,36.3,29.8,29.7,35.1,35.1,35.1
368,"IRQ","Iraq",6.7,10.3,7,8.7,1.9,0,4.4,19.9,17.1,15.6,9,18.8,16.7,18.9,28.9,28.8,29.7,41.4,38.5,36.2,51.4,60.2,51.4,49.6,49.9,50.4,49.8,53.2,53.2,53.2
372,"IRL","Ireland",83.3,93.6,80.3,80.1,92.9,100,98.5,81.1,91.3,100,88.8,100,97.5,100,91.4,100,100,89.9,100,100,100,100,100,93.7,100,100,100,100,100,100
833,"IMN","Isle of Man",NA,NA,NA,NA,NA,NA,NA,NA,NA,NA,NA,NA,NA,NA,NA,NA,NA,NA,NA,NA,NA,NA,NA,NA,NA,NA,NA,NA,NA,NA
376,"ISR","Israel",71.6,69.5,53.2,56.4,36.9,51.8,52.8,56.6,64.9,67.4,66.3,54.2,60.5,50.6,66.7,62,75.7,92.5,86,87.9,98.9,100,66,50.8,69.7,71.2,65.6,65.6,65.6,65.6
380,"ITA","Italy",66.5,68.6,64.7,71.3,69.6,68.4,63.6,67.4,54.1,73.6,74,72.7,70.1,75,70.4,73.5,77.2,72.8,73.8,80.5,78.3,83.3,75.4,79.9,79.6,83.6,82.3,70.3,70.3,70.3
388,"JAM","Jamaica",61.4,60.4,60.8,64.3,63.9,52,64,58.7,59.9,67.8,50.1,60.7,67.2,57.4,52.1,50.6,56.4,53.3,48.4,61.5,58.3,56.1,58.7,55.5,49,48.6,52.2,56.6,56.6,56.6
392,"JPN","Japan",85.6,87.3,86.2,82.1,85.2,89.1,87.5,86.8,76.7,83.7,87.7,82.6,86.7,89.9,83.6,82.2,85.3,89.9,89.8,91.1,90.7,88.8,90.3,91.2,94.1,93,98,89.8,89.8,89.8
832,"JEY","Jersey",NA,NA,NA,NA,NA,NA,NA,NA,NA,NA,NA,NA,NA,NA,NA,NA,NA,NA,NA,NA,NA,NA,NA,NA,NA,NA,NA,NA,NA,NA
400,"JOR","Jordan",26.4,33.1,18.3,22.7,26.5,30.2,29.3,29.5,31.2,27.4,27.3,14.7,13.3,11.5,15.8,24.2,41.2,29.1,33.5,33.4,29.6,41.8,43.8,37.3,42.9,62.2,50.8,35.9,35.9,35.9
398,"KAZ","Kazakhstan",6.7,11.7,18,6,34.7,21,32,28.9,26.3,19.2,23.7,30.2,36.5,23.7,33.1,15.4,49.4,18.2,29.9,29.8,33,36.2,37.3,36.7,28.6,34.2,25.6,38.7,38.7,38.7
404,"KEN","Kenya",34.8,26.4,25.6,30.6,28.2,24.8,32,28.8,31.2,36.3,35.1,34.9,38.8,30.8,25.4,36,31.4,38.8,37.3,34.5,38.9,26.1,27.3,34.5,32.9,40.1,29.1,27.8,27.8,27.8
296,"KIR","Kiribati",81.9,81.9,81.9,81.9,81.9,81.9,81.9,81.9,81.9,81.9,81.9,81.9,81.9,81.9,81.9,81.9,81.9,81.9,81.9,81.9,81.9,81.9,81.9,81.9,81.9,81.9,81.9,81.9,81.9,81.9
689,"XKX","Kosovo",NA,NA,NA,NA,NA,NA,NA,NA,NA,NA,NA,NA,NA,NA,NA,NA,NA,NA,NA,NA,NA,NA,NA,NA,NA,NA,NA,NA,NA,NA
414,"KWT","Kuwait",78.4,78.4,78.4,78.4,78.4,78.4,78.4,78.4,78.4,78.4,78.4,78.4,78.4,78.4,78.4,78.4,78.4,78.4,78.4,78.4,78.4,78.4,78.4,78.4,78.4,78.4,78.4,78.4,78.4,78.4
417,"KGZ","Kyrgyzstan",32.9,46.4,53.9,54.9,52.9,55.6,59.2,58.5,57.4,58.9,54.8,50.7,48.9,46.4,62.5,52,52.2,42,57.3,40.6,57.2,60.4,59.3,60.6,62.6,64,38.2,63.6,63.6,63.6
418,"LAO","Laos",84.4,84.4,84.4,84.4,84.4,84.4,84.4,84.4,84.4,84.4,84.4,84.4,84.4,84.4,84.4,84.4,84.4,84.4,84.4,84.4,84.4,84.4,84.4,84.4,84.4,84.4,84.4,84.4,84.4,84.4
428,"LVA","Latvia",24.5,34.8,34,31.7,31,35.4,32.3,41.6,35.1,40.2,47.5,35.9,49.9,54.5,51,44.9,42.4,63.5,55.1,55.1,77,63.7,71.1,46.6,72.8,79.7,66,65.8,65.8,65.8
422,"LBN","Lebanon",62.2,59.2,40.5,42.3,38.1,50.5,57.9,53,50.7,61.2,61.1,55.5,51.1,60.3,57.2,57.5,60.3,62.6,67.6,75.3,74,76.4,70.6,70,68.8,72.4,56.1,61.8,61.8,61.8
426,"LSO","Lesotho",33.5,33.5,33.5,33.5,33.5,33.5,33.5,33.5,33.5,33.5,33.5,33.5,33.5,33.5,33.5,33.5,33.5,33.5,33.5,33.5,33.5,33.5,33.5,33.5,33.5,33.5,33.5,33.5,33.5,33.5
430,"LBR","Liberia",36.2,36.2,36.2,36.2,36.2,36.2,36.2,36.2,36.2,36.2,36.2,36.2,36.2,36.2,36.2,36.2,36.2,36.2,36.2,36.2,36.2,36.2,36.2,36.2,36.2,36.2,36.2,36.2,36.2,36.2
434,"LBY","Libya",9.5,9.8,14.8,11.5,10.1,9.8,9.4,10,9.7,9.6,10.2,11.4,11.3,11.3,11.9,12.3,11,10.9,9.9,9.9,10.8,10.2,11,10,11,11.6,11.4,11.2,11.2,11.2
438,"LIE","Liechtenstein",NA,NA,NA,NA,NA,NA,NA,NA,NA,NA,NA,NA,NA,NA,NA,NA,NA,NA,NA,NA,NA,NA,NA,NA,NA,NA,NA,NA,NA,NA
440,"LTU","Lithuania",26,37.8,39,37.5,30.2,42.7,36.1,44.2,48.7,51.9,46.4,26.3,46.8,54,55.9,40.6,47.2,65.7,57.5,64.3,76.9,61.7,70.9,49.8,63.9,82.4,67,68.3,68.3,68.3
442,"LUX","Luxembourg",66.2,66.2,66.2,66.2,66.2,66.2,64.5,75.5,74.8,87,75.8,73.7,70.1,78.5,83.1,73.2,67.9,72.7,77.3,78.4,77.5,62.4,68.6,76.1,76.2,72.1,67.5,75.9,75.9,75.9
446,"MAC","Macao",NA,NA,NA,NA,NA,NA,NA,NA,NA,NA,NA,NA,NA,NA,NA,NA,NA,NA,NA,NA,NA,NA,NA,NA,NA,NA,NA,NA,NA,NA
450,"MDG","Madagascar",23.6,24.1,24.3,22.6,24,22.7,24.7,23.3,25.5,27.5,32.6,33.1,33.7,36.5,41.2,42.4,41.5,42.7,41.3,39.8,39.9,36.8,35.3,33.7,30.2,31.3,34.4,36,36,36
454,"MWI","Malawi",13.3,16.8,11.5,17,24.3,29.2,24.5,16,19.4,17.8,11,25.3,45.3,31.2,40.4,37.3,41.2,41.2,41.5,42.5,30.8,27,37.5,31.8,37.3,40.1,45,40.8,40.8,40.8
458,"MYS","Malaysia",72.3,71.7,71.7,61.2,72.3,73.5,74.4,72.1,79,81.1,83.6,86.6,83.6,89.7,84.1,78.3,85.8,86.7,84.3,96.9,94.7,80.1,92.5,87.9,87.4,85.7,82.1,83.2,83.2,83.2
462,"MDV","Maldives",54.5,54.5,54.5,54.5,54.5,54.5,54.5,54.5,54.5,54.5,54.5,54.5,54.5,54.5,54.5,54.5,54.5,54.5,54.5,54.5,54.5,54.5,54.5,54.5,54.5,54.5,54.5,54.5,54.5,54.5
466,"MLI","Mali",49.4,63.3,60.6,67.5,62.6,54.5,52.1,41.5,56.7,68.4,59.1,56.2,56.3,70,89.8,72.4,51,73.2,76,75.4,74,69.1,65.4,71.5,72.8,72.8,58.6,69.4,69.4,69.4
470,"MLT","Malta",74,74,74,74,74,74,74,74,74,74,74,74,74,74,74,74,74,74,74,74,74,74,74,74,74,74,74,74,74,74
584,"MHL","Marshall Islands",NA,NA,NA,NA,NA,NA,NA,NA,NA,NA,NA,NA,NA,NA,NA,NA,NA,NA,NA,NA,NA,NA,NA,NA,NA,NA,NA,NA,NA,NA
478,"MRT","Mauritania",38.7,38.7,38.7,38.7,38.7,38.7,38.7,38.7,38.7,38.7,38.7,38.7,38.7,38.7,38.7,38.7,38.7,38.7,38.7,38.7,38.7,38.7,38.7,38.7,38.7,38.7,38.7,38.7,38.7,38.7
480,"MUS","Mauritius",67.9,67.9,67.9,67.9,67.9,67.9,67.9,67.9,67.9,67.9,67.9,67.9,67.9,67.9,67.9,67.9,67.9,67.9,67.9,67.9,67.9,67.9,67.9,67.9,67.9,67.9,67.9,67.9,67.9,67.9
484,"MEX","Mexico",40.1,42.3,44.8,44.4,45.3,46.1,48.2,48.1,50.3,52.8,54,54.6,57.2,59.6,59.3,60.4,57.1,60.8,59.2,64.7,58.9,63.8,65.5,66.2,68.6,64.4,66,68.5,68.5,68.5
583,"FSM","Micronesia",84.4,84.4,84.4,84.4,84.4,84.4,84.4,84.4,84.4,84.4,84.4,84.4,84.4,84.4,84.4,84.4,84.4,84.4,84.4,84.4,84.4,84.4,84.4,84.4,84.4,84.4,84.4,84.4,84.4,84.4
498,"MDA","Moldova",38.3,30,39,29.9,29.9,23.3,30.3,31.6,28.9,35.2,35.9,35.4,18.1,46.5,30.2,39.6,41,17.4,45.3,51.4,35.7,54.2,63.6,63.1,66.7,32.5,82.8,35.8,35.8,35.8
492,"MCO","Monaco",NA,NA,NA,NA,NA,NA,NA,NA,NA,NA,NA,NA,NA,NA,NA,NA,NA,NA,NA,NA,NA,NA,NA,NA,NA,NA,NA,NA,NA,NA
496,"MNG","Mongolia",20.5,16.8,21.6,15.5,14.1,22.1,19,12.8,23,23.3,8,40.1,31.2,50.5,58.8,50.1,55.7,58.3,47.5,57.3,14.4,45.9,26,49.2,42.2,41.3,47.6,33.2,33.2,33.2
499,"MNE","Montenegro",62.4,62.4,62.4,62.4,62.4,62.4,62.4,62.4,62.4,62.4,62.4,62.4,62.4,62.4,62.4,62.4,62.4,62.4,62.4,62.4,62.4,62.4,62.4,62.4,62.4,62.4,62.4,62.4,62.4,62.4
504,"MAR","Morocco",1.3,43.9,13.7,23.1,12,0,15.1,21.9,34.6,36.8,11.7,39.9,3.8,18.8,51.8,38.2,39,18.5,46.4,33.5,57.5,16.2,43.4,60.8,33.5,10.5,62.7,16.6,16.6,16.6
508,"MOZ","Mozambique",9.4,13.8,14.5,15.5,18.4,15.5,18.3,7,15.2,15.1,3.5,11.8,7.9,4.7,13.3,16.4,17.1,23,7.4,11.4,9.8,9.3,10.7,18.3,18.3,15.8,20,20.6,20.6,20.6
104,"MMR","Myanmar",48,49.9,49.4,48.9,50.6,52.3,53.9,54.6,57,59.9,62.8,65.4,67.8,69.8,71.3,71.9,68.6,67.1,69.3,70.5,71.1,70.2,69.7,70.3,69.2,69,69.8,64.8,64.8,64.8
516,"NAM","Namibia",0,0,5.2,4.2,0,3.5,5.8,0,0,5,5.3,12.4,3.5,3,0,0.5,0.9,1,1.2,0,0,0,1.9,6.9,15.7,8.7,3.4,7.5,7.5,7.5
520,"NRU","Nauru",NA,NA,NA,NA,NA,NA,NA,NA,NA,NA,NA,NA,NA,NA,NA,NA,NA,NA,NA,NA,NA,NA,NA,NA,NA,NA,NA,NA,NA,NA
524,"NPL","Nepal",28.9,29.8,30.3,30.5,33.4,34,34.3,35,37.4,37.4,37.9,36.6,38.8,40.8,38.2,41,45.2,46.2,46.6,47.8,46.7,47.7,50,54.5,56.1,58.4,56,59.3,59.3,59.3
528,"NLD","Netherlands",84.1,89,84.8,79.9,89.9,91.2,83.7,85.2,87.6,93.4,90.8,87.6,87.5,97.1,100,97.3,95.4,99.5,97.1,100,99.5,92.1,100,87.6,98.7,95,93.2,100,100,100
540,"NCL","New Caledonia",NA,NA,NA,NA,NA,NA,NA,NA,NA,NA,NA,NA,NA,NA,NA,NA,NA,NA,NA,NA,NA,NA,NA,NA,NA,NA,NA,NA,NA,NA
554,"NZL","New Zealand",77.3,78.7,81.2,85.5,84.3,86,89.9,88,96.9,85.2,100,94.3,100,100,95.3,100,95.9,100,100,100,100,100,100,100,100,100,100,100,100,100
558,"NIC","Nicaragua",37.5,40.1,39.3,36.9,41.4,39.2,40.9,40.4,47.1,47.4,44.9,48.5,47.9,48.5,54,52.8,51.6,52.1,46.4,51.3,52.5,49.8,55.6,59.3,56.3,57.1,62.2,63.6,63.6,63.6
562,"NER","Niger",33.4,30.9,28.2,45.9,44.2,29.3,45.7,50,52,37.2,51.4,53.8,49.2,59.2,43.6,59.1,41,62.4,45.2,50.8,65,63.9,63.1,65.8,57.3,64.8,36.8,65.4,65.4,65.4
566,"NGA","Nigeria",48,50.4,51.3,50.7,53.2,52,53.1,54.4,57.1,60.4,62.8,67.9,62,69.1,57.1,62,45.8,42.7,34.6,46.4,45.4,51,47.1,49.5,42.2,41.5,40.4,41.8,41.8,41.8
570,"NIU","Niue",NA,NA,NA,NA,NA,NA,NA,NA,NA,NA,NA,NA,NA,NA,NA,NA,NA,NA,NA,NA,NA,NA,NA,NA,NA,NA,NA,NA,NA,NA
408,"PRK","North Korea",NA,NA,NA,NA,NA,NA,NA,NA,NA,NA,NA,NA,NA,NA,NA,NA,NA,NA,NA,NA,NA,NA,NA,NA,NA,NA,NA,NA,NA,NA
807,"MKD","North Macedonia",44.1,32.6,36.9,44.1,41.3,34.5,28.8,40.6,30,53.9,46.5,46.6,34.7,53.3,49.7,49.2,51.4,38.2,48.7,60.4,42.2,58.1,38.7,52.5,51.9,54.3,52.3,51.3,51.3,51.3
578,"NOR","Norway",67,79.4,77.3,78.3,71.5,74.1,71.3,67.4,75.9,88.1,78.3,72.2,72.9,89.9,65.9,78.4,66.5,73.9,66.2,89.3,96.4,94.2,94.3,53.9,97.6,95.3,87.9,97,97,97
512,"OMN","Oman",29.6,34.1,39.2,44.4,51.4,54.3,59.8,64.1,65.7,59.3,51.5,47.2,55.5,50.2,66.8,83.4,100,100,100,100,100,100,100,100,100,100,100,100,100,100
586,"PAK","Pakistan",46.9,43.7,44.1,46.7,50.8,53.5,50,50.9,51,59.9,59.7,58.2,60.7,59.9,62.3,59.9,68.9,66.4,68.7,68.8,62.2,67,71.1,69.3,68.2,70.5,75.3,68.2,68.2,68.2
585,"PLW","Palau",NA,NA,NA,NA,NA,NA,NA,NA,NA,NA,NA,NA,NA,NA,NA,NA,NA,NA,NA,NA,NA,NA,NA,NA,NA,NA,NA,NA,NA,NA
591,"PAN","Panama",37.9,39.6,37.4,44.1,45.6,42.9,48.3,47.8,51.3,41.4,47.9,46.4,50.1,52.3,50.3,43.6,52.8,53.8,58.3,62.9,49.5,60.9,59.9,65.3,64.6,66.5,67.3,68,68,68
598,"PNG","Papua New Guinea",71.1,69.4,67.7,71.2,74.8,80,75.8,68.7,66,67.1,67.8,65.8,65.6,66.1,66.4,62.5,64,63.7,64.2,62.9,62.6,61.2,60.1,59.2,59.1,58.7,58.1,57.5,57.5,57.5
600,"PRY","Paraguay",61.9,61,66.1,60.7,60,59.8,59.5,57.1,68.7,52.6,53.3,46.5,68.6,69.3,42.4,80.5,83.3,46.1,84.6,81.1,78.2,85,93.8,93.8,78.6,94.8,85.5,50.7,50.7,50.7
604,"PER","Peru",31.4,34.9,32.2,31,36.4,36.2,38.8,40.5,41.9,40.1,42.7,43.1,43.2,47.3,48.2,47.8,48.1,51.2,51.2,51.6,53.5,54.8,53.1,56.9,55.5,57.6,59.4,59.5,59.5,59.5
608,"PHL","Philippines",42.4,43.1,44.9,42.2,47,49.1,51.1,52.2,54.8,59.4,60.2,63.9,67.2,68.1,65.4,64.7,68.2,71.4,71.9,74.7,72.7,71.9,76.6,75.3,77.1,78.2,79.7,79.2,79.2,79.2
616,"POL","Poland",47.3,46.8,42.6,49.6,44,41.5,46.2,50.6,43,57.4,50.8,41.3,53.8,52.4,57.7,57.2,54.8,59.8,61.9,72.4,59.7,65.6,70.1,54.7,57.7,75.7,73.2,76.3,76.3,76.3
620,"PRT","Portugal",28.8,35.5,29.1,33.6,40.9,41.3,32.9,46.6,33.6,44.5,27.2,55.9,51.5,57,49.8,48.4,53.5,53.8,61.8,67.4,68.7,68.6,72.8,76.3,84.9,81.8,84.8,76.1,76.1,76.1
634,"QAT","Qatar",63.3,63.3,63.3,63.3,63.3,63.3,63.3,63.3,63.3,63.3,63.3,63.3,63.3,63.3,63.3,63.3,63.3,63.3,63.3,63.3,63.3,63.3,63.3,63.3,63.3,63.3,63.3,63.3,63.3,63.3
178,"COG","Republic of Congo",40.1,41.1,39.9,42.6,41.1,40.8,41.2,41.1,41,40.6,41.5,42.6,43,45.4,45.2,43.6,43.7,46,46.6,49.4,49.8,48,47.4,47.9,46.6,46.7,47.1,46.8,46.8,46.8
642,"ROU","Romania",38.7,27,42.5,31.3,39,20.8,37.3,29.6,30.6,53.6,44.3,42.8,16.8,46.1,37.8,47.4,57.7,32,59.9,65.4,55.6,64,89,96.1,88.8,52.8,85.8,61.6,61.6,61.6
643,"RUS","Russia",25.7,28.6,39,25.8,30.8,33.6,42.9,44.3,39.3,42.2,43,43.8,45.7,56.3,53,39.4,53.2,42.1,52.5,55.9,55.4,62.7,70.8,63.5,67.6,70,65.6,84.4,84.4,84.4
646,"RWA","Rwanda",8.8,9.4,7,6,4.4,15.5,14.5,19.2,17.3,13.7,18.6,17.7,14.1,16.6,24.6,33,38.3,39.7,39.3,21.1,19.9,18,17.7,19.8,21.7,22.2,22.6,22.6,22.6,22.6
652,"BLM","Saint Barthelemy",NA,NA,NA,NA,NA,NA,NA,NA,NA,NA,NA,NA,NA,NA,NA,NA,NA,NA,NA,NA,NA,NA,NA,NA,NA,NA,NA,NA,NA,NA
659,"KNA","Saint Kitts and Nevis",NA,NA,NA,NA,NA,NA,NA,NA,NA,NA,NA,NA,NA,NA,NA,NA,NA,NA,NA,NA,NA,NA,NA,NA,NA,NA,NA,NA,NA,NA
662,"LCA","Saint Lucia",58.2,58.2,58.2,58.2,58.2,58.2,58.2,58.2,58.2,58.2,58.2,58.2,58.2,58.2,58.2,58.2,58.2,58.2,58.2,58.2,58.2,58.2,58.2,58.2,58.2,58.2,58.2,58.2,58.2,58.2
670,"VCT","Saint Vincent and the Grenadines",75.5,75.5,75.5,75.5,75.5,75.5,75.5,75.5,75.5,75.5,75.5,75.5,75.5,75.5,75.5,75.5,75.5,75.5,75.5,75.5,75.5,75.5,75.5,75.5,75.5,75.5,75.5,75.5,75.5,75.5
882,"WSM","Samoa",65,65,65,65,65,65,65,65,65,65,65,65,65,65,65,65,65,65,65,65,65,65,65,65,65,65,65,65,65,65
674,"SMR","San Marino",NA,NA,NA,NA,NA,NA,NA,NA,NA,NA,NA,NA,NA,NA,NA,NA,NA,NA,NA,NA,NA,NA,NA,NA,NA,NA,NA,NA,NA,NA
678,"STP","Sao Tome and Principe",35.6,35.6,35.6,35.6,35.6,35.6,35.6,35.6,35.6,35.6,35.6,35.6,35.6,35.6,35.6,35.6,35.6,35.6,35.6,35.6,35.6,35.6,35.6,35.6,35.6,35.6,35.6,35.6,35.6,35.6
682,"SAU","Saudi Arabia",91.3,87.3,88,87.7,88.2,89.6,100,100,100,100,100,100,100,100,100,100,100,100,100,100,100,100,100,100,100,100,100,100,100,100
686,"SEN","Senegal",59.8,45.7,41.7,50.3,60.1,59.8,58.7,26.2,59.4,47.8,64.5,50.4,33.3,60.4,63.7,69.1,42.7,65.8,51.6,48.3,63.9,58.1,74.1,84.4,79.9,95.9,92.6,90.6,90.6,90.6
688,"SRB","Serbia",77.1,77.1,77.1,77.1,77.1,77.1,77.1,77.1,77.1,77.1,77.1,77.1,77.1,77.1,77.1,77.1,77.1,77.1,77.1,77.1,77.1,77.1,77.1,77.1,77.1,77.1,77.1,77.1,77.1,77.1
690,"SYC","Seychelles",57.1,57.1,57.1,57.1,57.1,57.1,57.1,57.1,57.1,57.1,57.1,57.1,57.1,57.1,57.1,57.1,57.1,57.1,57.1,57.1,57.1,57.1,57.1,57.1,57.1,57.1,57.1,57.1,57.1,57.1
694,"SLE","Sierra Leone",40.7,40.7,40.7,40.7,40.7,40.7,40.7,40.7,40.7,40.7,40.7,40.7,40.7,40.7,40.7,40.7,40.7,40.7,40.7,40.7,40.7,40.7,40.7,40.7,40.7,40.7,40.7,40.7,40.7,40.7
702,"SGP","Singapore",100,100,100,100,100,100,100,100,100,100,100,100,100,100,100,100,100,100,100,100,100,100,100,100,100,100,100,100,100,100
534,"SXM","Sint Maarten",NA,NA,NA,NA,NA,NA,NA,NA,NA,NA,NA,NA,NA,NA,NA,NA,NA,NA,NA,NA,NA,NA,NA,NA,NA,NA,NA,NA,NA,NA
703,"SVK","Slovakia",48.6,48.3,52.2,48.6,46.2,30.2,48,48.5,40.4,62.5,57.9,52.3,45.4,68.6,56.6,45.4,62.9,47.7,58.9,81.3,65.2,86.7,67,73.4,69.6,79.5,79.8,64.2,64.2,64.2
705,"SVN","Slovenia",51,49.6,57.9,61.1,52.9,49.2,48.6,66.2,38.9,62.9,65.6,53.4,59.1,60.2,57.5,68.9,73.5,67.4,50.4,77.3,73.1,77,65.4,71.2,77.5,90.1,82.3,65.5,65.5,65.5
90,"SLB","Solomon Islands",66.2,66.2,66.2,66.2,66.2,66.2,66.2,66.2,66.2,66.2,66.2,66.2,66.2,66.2,66.2,66.2,66.2,66.2,66.2,66.2,66.2,66.2,66.2,66.2,66.2,66.2,66.2,66.2,66.2,66.2
706,"SOM","Somalia",NA,NA,NA,NA,NA,NA,NA,NA,NA,NA,NA,NA,NA,NA,NA,NA,NA,NA,NA,NA,NA,NA,NA,NA,NA,NA,NA,NA,NA,NA
710,"ZAF","South Africa",18.5,35.8,30.1,31.6,34.4,39.5,36.3,42,34.3,38.7,47,47.8,39.3,59.4,63.1,56,58.9,57.6,55,67.1,45.7,51.1,72.4,66.2,57,72.2,73.2,62.1,62.1,62.1
410,"KOR","South Korea",75.1,84.7,87.1,78.3,82.6,83.3,86,79,74.8,85,83.4,83.4,79.4,88.8,91,81.5,83,80.4,86.8,88.9,92.3,91.6,90.1,88.7,88.1,81.8,92.6,89,89,89
728,"SSD","South Sudan",NA,NA,NA,NA,NA,NA,NA,NA,NA,NA,NA,NA,NA,NA,NA,NA,NA,NA,NA,NA,NA,NA,NA,NA,NA,NA,NA,NA,NA,NA
724,"ESP","Spain",29.1,70.3,57.8,73,53.3,78.2,53.2,66.2,66.9,80.6,37.9,64.4,90.3,79.7,60.6,71.5,78.9,54.3,87.4,67,66.3,85,56.4,94.7,73.3,100,94,69,69,69
144,"LKA","Sri Lanka",54.3,53.3,55.9,61.6,57.3,60.5,62.3,61.8,59.3,65.8,64,66.5,69.8,68.3,72.6,76.7,66.6,68.5,73.7,73.1,76.1,73.7,56.9,73,94.2,95.1,91.8,56.9,56.9,56.9
275,"PSE","State of Palestine",NA,NA,NA,NA,NA,NA,NA,NA,NA,NA,NA,NA,NA,NA,NA,NA,NA,NA,NA,NA,NA,NA,NA,NA,NA,NA,NA,NA,NA,NA
729,"SDN","Sudan",35.7,35.7,35.7,35.7,35.7,35.7,35.7,35.7,35.7,35.7,35.7,35.7,35.7,35.7,35.7,35.7,35.7,35.7,43.9,50.9,35.7,50,43,55.4,40.6,43,32.1,55.8,55.8,55.8
740,"SUR","Suriname",60.4,65.4,71.1,68.2,67,69.5,67.4,69.8,66.7,63.7,64.4,74.7,77.1,75.7,76.9,77.4,75.4,79.9,83.3,82.3,84.2,82.3,92,91.9,85.7,80.5,87.1,89.4,89.4,89.4
752,"SWE","Sweden",86.7,96.6,93.5,86.8,87.5,91.4,93.1,95,89.1,95.6,96.5,83.7,99.4,97.3,100,87.1,92.6,100,100,100,100,100,100,67.8,100,100,100,100,100,100
756,"CHE","Switzerland",75.7,87,83.6,84.4,70.6,83,74.3,81.3,66.5,87.4,81.8,77.4,82.8,83.2,87.1,78.7,92,84.9,75.8,96.4,83.7,69,91,82.1,84.8,90.2,71.3,82.5,82.5,82.5
760,"SYR","Syria",38.8,45.3,28.6,35.9,21.7,23.5,36.4,47,47.4,37.4,39.7,47.2,36.3,15,39.3,24.2,37.1,35.9,33.8,18.5,48.5,21.4,25.3,8.7,61.5,46.9,8.3,10.9,10.9,10.9
158,"TWN","Taiwan",90.8,90.8,90.8,90.8,90.8,90.8,90.8,90.8,90.8,90.8,90.8,90.8,90.8,90.8,90.8,90.8,90.8,90.8,90.8,90.8,90.8,90.8,90.8,90.8,90.8,90.8,90.8,90.8,90.8,90.8
762,"TJK","Tajikistan",19.7,14.4,21.1,19.6,16.4,18,25.5,33.6,35.6,36.5,31.5,33.7,37.4,31.5,49,50.7,42.3,48.2,52.5,52.4,50.1,51.5,56.4,48.4,57.6,57.8,65.6,56.5,56.5,56.5
834,"TZA","Tanzania",31.7,29,20,18.9,31.2,24,32.3,31.3,9.8,20,16.2,20.9,22,19.6,16.2,25,24.9,22.6,27.1,29.6,28.4,26.6,25.1,33.5,33.3,29.9,29,27.4,27.4,27.4
764,"THA","Thailand",53.3,54.9,53,53.3,54.8,59.7,64.9,65.6,67.5,66.7,65.6,67.7,71.3,71.6,70.5,68.9,74.5,76.6,76.3,75.4,71.3,72.1,74.7,75.5,73.4,67.6,70.3,73.2,73.2,73.2
626,"TLS","Timor-Leste",58.9,58.9,58.9,58.9,58.9,58.9,58.9,58.9,58.9,58.9,58.9,58.9,58.9,58.9,58.9,58.9,58.9,58.9,58.9,58.9,58.9,58.9,58.9,58.9,58.9,58.9,58.9,58.9,58.9,58.9
768,"TGO","Togo",29.7,26.8,31.6,26.6,31.1,30.4,37.6,38,34.9,33,33,31.5,31.8,31.8,34.7,33.7,35.9,26.4,27.2,28.7,30.5,27.9,27.6,28.4,27.5,27.7,28.4,28.8,28.8,28.8
776,"TON","Tonga",66.6,66.6,66.6,66.6,66.6,66.6,66.6,66.6,66.6,66.6,66.6,66.6,66.6,66.6,66.6,66.6,66.6,66.6,66.6,66.6,66.6,66.6,66.6,66.6,66.6,66.6,66.6,66.6,66.6,66.6
780,"TTO","Trinidad and Tobago",58.7,67.6,66.9,49,57.5,57.6,53.5,55,54.2,51.6,47.6,53,52.3,31,24.6,26.6,26.9,27.9,30.2,22.6,18,26.3,28.8,34.7,31,36.2,39.6,36.9,36.9,36.9
788,"TUN","Tunisia",25.6,39,23.4,32,30.2,21.3,48,31.4,38.8,32.6,37.8,31,45.2,38.6,55.8,46.5,48.4,47.5,25.9,52.9,25.9,41.6,33.5,29.2,58.9,34,38,45.9,45.9,45.9
792,"TUR","Turkiye",41.5,42.2,43.9,49.6,42.5,49.1,43.7,46.8,47.4,51.8,54.8,56.8,49.2,52.3,58.4,57.9,64,63.9,70.3,60.4,71,66.1,71.4,69.8,70.9,74.1,64.2,76,76,76
795,"TKM","Turkmenistan",59.6,59.6,59.6,59.6,59.6,59.6,59.6,59.6,59.6,59.6,59.6,59.6,59.6,59.6,59.6,59.6,59.6,59.6,59.6,59.6,59.6,59.6,59.6,59.6,59.6,59.6,59.6,59.6,59.6,59.6
796,"TCA","Turks and Caicos Islands",NA,NA,NA,NA,NA,NA,NA,NA,NA,NA,NA,NA,NA,NA,NA,NA,NA,NA,NA,NA,NA,NA,NA,NA,NA,NA,NA,NA,NA,NA
798,"TUV","Tuvalu",NA,NA,NA,NA,NA,NA,NA,NA,NA,NA,NA,NA,NA,NA,NA,NA,NA,NA,NA,NA,NA,NA,NA,NA,NA,NA,NA,NA,NA,NA
800,"UGA","Uganda",39.6,29,30,39.5,43.9,40.8,44.2,45.1,47.1,44.9,48.3,46.3,45.6,37.5,40.6,39.5,38.3,31.6,31.7,32.8,32.8,29.7,28.9,31.4,34.2,33.9,61.5,32.9,32.9,32.9
804,"UKR","Ukraine",41.4,30.9,37.1,31.6,30.6,34,41.2,43.7,37.6,42.7,44.4,44.7,36.7,60.7,53.8,48.9,66.1,56.6,72.8,76.5,76.7,87.5,79.1,88.8,92.9,77.2,98.7,84.5,84.5,84.5
784,"ARE","United Arab Emirates",62.1,62.1,62.1,62.1,62.1,62.1,62.1,62.1,62.1,62.1,62.1,62.1,62.1,62.1,62.1,62.1,62.1,62.1,62.1,62.1,62.1,62.1,62.1,62.1,62.1,62.1,62.1,62.1,62.1,62.1
826,"GBR","United Kingdom",85.8,94.3,87.2,84.1,90.7,90.1,79.1,91.6,90.9,88.9,92.2,93.3,84.9,95.6,93.2,90.9,94.9,81.6,87.1,100,100,90.5,98.6,90.3,100,82.3,91.9,100,100,100
840,"USA","United States of America",62.1,69.6,71.6,75.7,73.3,75,76.4,70.5,73.7,86.5,83.4,82.1,83.3,83.3,90.7,87.9,84.3,77.6,91,96.4,96.5,100,100,100,99.2,100,100,100,100,100
858,"URY","Uruguay",60,63.4,54.2,62.2,61.4,61.4,50.5,62.8,68.8,74.3,72.9,83.9,79.7,72.2,70.6,78.6,73,82.3,83.3,85.9,81.9,78.1,100,49.3,100,85.8,87.5,53.4,53.4,53.4
860,"UZB","Uzbekistan",72,72,72,72,72,72,72,72,72,72,72,72,72,72,72,72,72,72,72,72,72,72,72,72,72,72,72,72,72,72
548,"VUT","Vanuatu",67.2,67.2,67.2,67.2,67.2,67.2,67.2,67.2,67.2,67.2,67.2,67.2,67.2,67.2,67.2,67.2,67.2,67.2,67.2,67.2,67.2,67.2,67.2,67.2,67.2,67.2,67.2,67.2,67.2,67.2
862,"VEN","Venezuela",72.8,74,75.1,76.8,81.2,84,83.3,81,83.1,85.1,80.6,85.1,86.3,80.9,75.3,84.1,80,83.1,88.2,88.9,74.7,76.9,67.9,62.9,67.2,87.6,75.9,73.9,73.9,73.9
704,"VNM","Viet Nam",56.9,59,61.3,63.2,65.1,68.1,69.9,75.6,77.6,81.4,82.8,83.7,86.1,87.4,90.8,92.7,96.9,98.7,98.5,100,100,99.7,99.7,100,100,100,100,100,100,100
876,"WLF","Wallis and Futuna Islands",NA,NA,NA,NA,NA,NA,NA,NA,NA,NA,NA,NA,NA,NA,NA,NA,NA,NA,NA,NA,NA,NA,NA,NA,NA,NA,NA,NA,NA,NA
732,"ESH","Western Sahara",NA,NA,NA,NA,NA,NA,NA,NA,NA,NA,NA,NA,NA,NA,NA,NA,NA,NA,NA,NA,NA,NA,NA,NA,NA,NA,NA,NA,NA,NA
887,"YEM","Yemen",35,27.4,26.5,35,36.7,35.3,34.3,28.7,21.3,20,20,29.1,31.9,28.1,28.6,34.7,31,32.6,30.3,28.3,20.9,16.9,17.4,16.5,24.9,49.8,55.8,26.2,26.2,26.2
894,"ZMB","Zambia",17.6,26.8,19.9,16.7,19.3,21.9,18.1,24.5,24.6,24.9,28.3,32.2,32.4,31.6,30.4,36.7,43.4,38.1,36.9,42.3,46.8,42.2,45.3,43.6,47.9,46.6,45.6,39.6,39.6,39.6
716,"ZWE","Zimbabwe",0.9,16.4,12,11,12.4,15.1,15.2,0.1,7.8,15.4,2,8.5,6.9,0,0.2,5.2,1.5,4.1,5.4,8.3,1,0,15,16.3,5.1,14.8,22.4,18.7,18.7,18.7
