"code","iso","country","RLI.ind.1995","RLI.ind.1996","RLI.ind.1997","RLI.ind.1998","RLI.ind.1999","RLI.ind.2000","RLI.ind.2001","RLI.ind.2002","RLI.ind.2003","RLI.ind.2004","RLI.ind.2005","RLI.ind.2006","RLI.ind.2007","RLI.ind.2008","RLI.ind.2009","RLI.ind.2010","RLI.ind.2011","RLI.ind.2012","RLI.ind.2013","RLI.ind.2014","RLI.ind.2015","RLI.ind.2016","RLI.ind.2017","RLI.ind.2018","RLI.ind.2019","RLI.ind.2020","RLI.ind.2021","RLI.ind.2022","RLI.ind.2023","RLI.ind.2024"
4,"AFG","Afghanistan",76.2,76.2,76.2,76.2,76.2,76.2,76.2,76.1,76,76,75.9,75.9,75.9,75.9,75.9,75.9,75.9,75.8,75.8,75.8,75.8,75.7,75.7,75.7,75.7,75.6,75.6,75.6,75.6,75.6
8,"ALB","Albania",72.6,72.6,72.6,72.6,72.6,72.6,72.1,71.7,71.4,71.1,70.9,70.9,70.8,70.7,70.7,70.6,70.6,70.6,70.6,70.6,70.5,70.5,70.5,70.4,70.3,70.3,70.2,70.1,70.1,70
12,"DZA","Algeria",75.2,75.2,75.2,75.2,75.2,75.2,75.1,75.1,75,74.9,74.9,74.8,74.8,74.8,74.7,74.6,74.6,74.5,74.4,74.3,74.3,74.2,74.1,74,74,73.9,73.9,73.8,73.8,73.8
20,"AND","Andorra",88.4,88.4,88.4,88.4,88.4,88.4,88.1,87.9,87.6,87.3,87.2,87.2,87.2,87.1,87.1,87,87,87,87,87,87,87,86.8,86.4,86,85.8,85.7,85.6,85.5,85.5
24,"AGO","Angola",78.2,78.2,78.2,78.2,78.2,78.2,78.2,78.2,78.2,78.2,78.1,78.1,78.1,78.1,78.1,78.1,78.1,78,78,77.9,77.8,77.8,77.7,77.7,77.7,77.7,77.7,77.7,77.7,77.7
660,"AIA","Anguilla",77.6,77.6,77.6,77.6,77.6,77.6,77.1,76.6,76,75.5,75,74.5,74,73.5,73.1,72.6,72.1,71.6,71.1,70.5,70,69.6,69,68.5,68.1,67.5,67,66.3,65.9,65.3
28,"ATG","Antigua and Barbuda",72.7,72.7,72.7,72.7,72.7,72.7,72.3,72,71.5,71.2,70.8,70.5,70.1,69.7,69.5,69,68.8,68.5,68,67.6,67.3,66.8,66.5,66.2,65.7,65.3,65,64.7,64.3,64
32,"ARG","Argentina",55.2,55.2,55.2,55.2,55.2,55.2,55,55,54.9,54.8,54.7,54.7,54.6,54.5,54.5,54.4,54.4,54.4,54.4,54.4,54.4,54.3,54.3,54.3,54.3,54.2,54.2,54.2,54.2,54.2
51,"ARM","Armenia",55.1,55.1,55.1,55.1,55.1,55.1,55,55,54.8,54.3,53.6,52.9,51.9,51.4,51,50.6,50.4,50.3,50.1,50,49.9,49.6,49.5,49.2,49,48.7,48.6,48.3,48.2,47.9
533,"ABW","Aruba",91.3,91.3,91.3,91.3,91.3,91.3,91.4,91.3,91.4,91.4,91.4,91.5,91.6,91.7,91.8,91.8,91.9,91.9,91.9,91.9,91.9,91.9,92,92,92,92,92,92,92,92.1
36,"AUS","Australia",62.4,62.4,62.4,62.4,62.4,62.4,61.2,60.3,59.3,58.2,57.3,56.4,55.5,54.4,53.7,52.9,51.9,51.2,50.1,48.9,48,47.2,46.2,45.1,44.2,43.5,42.3,41.4,40.5,39.5
40,"AUT","Austria",66.6,66.6,66.6,66.6,66.6,66.6,66.6,66.6,66.6,66.6,66.2,65.8,65.4,65,64.6,64.1,63.7,63.4,63.1,62.8,62.6,62.2,61.8,61.4,61,60.6,60.2,59.8,59.5,59.1
31,"AZE","Azerbaijan",81.5,81.5,81.5,81.5,81.5,81.5,81.2,81.1,80.9,80.8,80.8,80.7,80.7,80.7,80.7,80.7,80.7,80.7,80.7,80.8,80.8,80.9,80.9,80.9,80.9,80.9,81,80.9,81.1,81.2
44,"BHS","Bahamas",13.9,13.9,13.9,13.9,13.9,13.9,13.6,13.3,12.9,12.6,12.2,11.8,11.5,11.2,10.8,10.6,10.1,9.7,9.2,8.8,8.1,7.5,6.8,6,5.4,4.8,4.3,3.9,3.6,3.1
48,"BHR","Bahrain",35.9,35.9,35.9,35.9,35.9,35.9,34.9,33.9,32.9,31.9,30.9,29.9,29,28.1,27.4,26.6,25.8,24.8,23.6,22.6,21.7,20.9,19.9,18.9,18,17,16.1,15.2,14.4,13.3
50,"BGD","Bangladesh",45.3,45.3,45.3,45.3,45.3,45.3,44,42.7,41.6,40.3,39,37.7,36.3,34.9,33.6,32.2,31,29.6,28.4,26.7,25.4,24.2,22.6,21.3,19.9,18.6,17.1,16.1,14.7,13.2
52,"BRB","Barbados",65.6,65.6,65.6,65.6,65.6,65.6,65.2,64.7,64.2,63.7,63.3,62.9,62.4,61.9,61.5,61,60.7,60.1,59.7,59.3,58.9,58.4,57.8,57.5,57,56.6,56.1,55.7,55.1,54.7
112,"BLR","Belarus",82.9,82.9,82.9,82.9,82.9,82.9,83.3,83.7,84,84.5,84.8,85.2,85.6,86,86.4,86.7,87.1,87.5,88,88.5,88.9,89.4,89.8,90.2,90.6,91,91.3,91.9,92.1,92.4
56,"BEL","Belgium",94.8,94.8,94.8,94.8,94.8,94.8,94.8,94.8,94.8,94.8,94.7,94.5,94.4,94.3,94.1,94,93.9,93.8,93.8,93.8,93.8,93.7,93.7,93.6,93.4,93.3,93.2,93,92.9,92.7
84,"BLZ","Belize",36,36,36,36,36,36,35.5,35,34.5,34.1,33.8,33.6,33.4,33.2,33,32.8,32.7,32.4,32.2,32.1,31.7,31.6,31.4,31.1,30.8,30.7,30.5,30.3,29.9,29.9
204,"BEN","Benin",70.6,70.6,70.6,70.6,70.6,70.6,70.6,70.6,70.6,70.6,70.6,70.7,70.7,70.7,70.7,70.7,70.7,70.7,70.7,70.7,70.7,70.7,70.7,70.7,70.7,70.7,70.7,70.7,70.7,70.7
60,"BMU","Bermuda",0,0,0,0,0,0,0,0,0,0,0,0,0,0,0,0,0,0,0,0,0,0,0,0,0,0,0,0,0,0
64,"BTN","Bhutan",42.2,42.2,42.2,42.2,42.2,42.2,42.2,42.1,42.1,42.1,42.1,42.1,42.1,42.1,42.1,42.2,42.2,42.2,42.2,42.2,42.3,42.3,42.3,42.3,42.3,42.3,42.3,42.3,42.3,42.3
68,"BOL","Bolivia",56,56,56,56,56,56,55.8,55.5,55.3,55.1,54.9,54.7,54.5,54.3,54.2,54,53.8,53.6,53.5,53.4,53.2,53,52.9,52.7,52.6,52.4,52.3,52.1,52,51.9
70,"BIH","Bosnia and Herzegovina",65.7,65.7,65.7,65.7,65.7,65.7,65.7,65.7,65.7,65.6,65.5,65.4,65.3,65.1,65,64.9,64.8,64.7,64.6,64.6,64.6,64.5,64.4,64.3,64.1,64,63.9,63.8,63.6,63.5
72,"BWA","Botswana",92.7,92.7,92.7,92.7,92.7,92.7,92.6,92.6,92.6,92.6,92.5,92.5,92.5,92.4,92.4,92.3,92.3,92.3,92.3,92.3,92.3,92.3,92.3,92.3,92.2,92.2,92.2,92.2,92.2,92.2
76,"BRA","Brazil",67.1,67.1,67.1,67.1,67.1,67.1,66.8,66.6,66.3,66.1,65.9,65.7,65.5,65.3,65,64.8,64.6,64.4,64.2,64,63.8,63.6,63.4,63.2,63,62.9,62.6,62.5,62.4,62.2
92,"VGB","British Virgin Islands",31.2,31.2,31.2,31.2,31.2,31.2,30.7,30.2,29.8,29.4,29.2,29,28.9,28.7,28.5,28.3,28.2,28,27.8,27.4,27.3,27,27,26.7,26.5,26.3,26.1,25.9,25.8,25.5
96,"BRN","Brunei Darussalam",56.5,56.5,56.5,56.5,56.5,56.5,56,55.7,55.5,55.3,55.1,55,54.8,54.5,54.3,54,53.7,53.5,53.2,52.9,52.8,52.7,52.5,52.4,52.2,52.1,52,51.9,51.8,51.7
100,"BGR","Bulgaria",81.1,81.1,81.1,81.1,81.1,81.1,81,80.9,80.8,80.8,80.7,80.7,80.6,80.6,80.5,80.5,80.5,80.4,80.5,80.5,80.5,80.5,80.5,80.5,80.4,80.4,80.3,80.2,80.2,80.1
854,"BFA","Burkina Faso",96.3,96.3,96.3,96.3,96.3,96.3,96.2,96.2,96.1,96.1,96,95.9,95.9,95.8,95.7,95.6,95.6,95.5,95.5,95.5,95.5,95.5,95.4,95.4,95.4,95.4,95.4,95.4,95.4,95.4
108,"BDI","Burundi",67.7,67.7,67.7,67.7,67.7,67.7,67.7,67.7,67.7,67.7,67.7,67.7,67.7,67.6,67.6,67.6,67.6,67.6,67.6,67.6,67.6,67.6,67.6,67.6,67.6,67.6,67.6,67.6,67.6,67.6
132,"CPV","Cabo Verde",66.7,66.7,66.7,66.7,66.7,66.7,66.7,66.8,67.1,67.4,67.5,67.8,68.1,68.2,68.6,68.7,68.8,69,69.1,69.1,69.3,69.3,69.3,69.4,69.4,69.5,69.6,69.6,69.7,69.7
116,"KHM","Cambodia",52.3,52.3,52.3,52.3,52.3,52.3,51.5,50.5,49.6,49,48.1,47.4,46.6,45.9,45.1,44.3,43.5,42.5,41.6,40.7,39.7,38.8,37.9,37,36.2,35.5,34.6,33.9,33.2,32.3
120,"CMR","Cameroon",50.9,50.9,50.9,50.9,50.9,50.9,50.9,50.8,50.8,50.8,50.7,50.6,50.5,50.4,50.3,50.2,50.1,50,50,49.9,49.8,49.7,49.6,49.5,49.4,49.3,49.2,49.1,49,49
124,"CAN","Canada",90.8,90.8,90.8,90.8,90.8,90.8,90.8,90.7,90.6,90.6,90.5,90.4,90.3,90.2,90.2,90.1,90.1,90,90,89.9,89.8,89.8,89.7,89.6,89.6,89.6,89.5,89.4,89.4,89.3
136,"CYM","Cayman Islands",48.5,48.5,48.5,48.5,48.5,48.5,48.1,47.8,47.4,47.1,46.7,46.4,46.2,45.9,45.6,45.3,45,44.6,44.2,44,43.5,43.1,42.8,42.5,42.2,41.8,41.5,41.2,40.8,40.4
140,"CAF","Central African Republic",79.8,79.8,79.8,79.8,79.8,79.8,79.7,79.7,79.7,79.7,79.7,79.7,79.6,79.6,79.6,79.6,79.6,79.5,79.5,79.5,79.5,79.5,79.5,79.5,79.5,79.5,79.5,79.5,79.5,79.5
148,"TCD","Chad",74.2,74.2,74.2,74.2,74.2,74.2,74.1,74,73.8,73.7,73.6,73.5,73.3,73.1,73,72.9,72.7,72.6,72.5,72.4,72.3,72.3,72.2,72.1,72,71.9,71.9,71.8,71.7,71.6
152,"CHL","Chile",45.2,45.2,45.2,45.2,45.2,45.2,44.2,43.2,42.1,41.1,40,39,38,37,36.1,35.2,34.2,33.2,32.2,31,30,28.9,27.8,27.1,25.8,24.9,24.1,22.7,21.7,20.6
156,"CHN","China",35.8,35.8,35.8,35.8,35.8,35.8,34.7,33.7,32.7,31.4,30.5,29.4,28.2,27.3,26.2,25.3,24.4,23.2,22.2,21.1,20,19.1,18,17,15.9,14.8,13.6,12.8,11.8,10.4
170,"COL","Colombia",23.4,23.4,23.4,23.4,23.4,23.4,23,22.5,22.1,21.7,21.3,20.9,20.6,20.2,19.8,19.5,19.1,18.8,18.4,18,17.6,17.3,16.9,16.5,16.2,15.8,15.3,15,14.5,14.3
174,"COM","Comoros",43.2,43.2,43.2,43.2,43.2,43.2,41.7,40.4,39,37.7,36.3,35.4,34.1,32.9,31.5,30.5,28.9,27.8,26.6,24.6,23.4,21.4,20.3,18.5,17.4,16.1,14.5,12.5,11.8,10.2
184,"COK","Cook Islands",43,43,43,43,43,43,42.8,42.6,42.4,42.4,42.2,42.2,42.3,41.8,41.4,40.8,40,39.3,38.7,37.9,37.2,36.4,35.6,34.7,34.1,33.5,32.8,32.3,31.1,30.3
188,"CRI","Costa Rica",56.2,56.2,56.2,56.2,56.2,56.2,55.6,55.2,54.7,54.4,54,53.7,53.5,53.3,53.1,53,52.7,52.4,52.2,51.9,51.7,51.3,51,50.8,50.4,50.3,50,49.6,49.3,49.1
384,"CIV","Cote d'Ivoire",71.1,71.1,71.1,71.1,71.1,71.1,71.1,71.1,71,71,71,71,71,70.9,70.9,70.9,70.8,70.8,70.8,70.8,70.8,70.8,70.8,70.8,70.8,70.7,70.7,70.7,70.7,70.7
191,"HRV","Croatia",67.1,67.1,67.1,67.1,67.1,67.1,67,66.9,66.8,66.7,66.5,66.4,66.2,66.1,65.9,65.8,65.6,65.5,65.3,65.2,65.1,64.9,64.7,64.5,64.3,64.2,64,63.8,63.7,63.6
192,"CUB","Cuba",4.4,4.4,4.4,4.4,4.4,4.4,4,3.6,3.2,2.8,2.5,2.1,1.6,1.2,0.8,0.3,0,0,0,0,0,0,0,0,0,0,0,0,0,0
531,"CUW","Curacao",73.2,73.2,73.2,73.2,73.2,73.2,72.8,72.4,71.9,71.5,71.1,70.8,70.4,70.3,69.9,69.6,69.1,68.8,68.3,67.9,67.5,67.1,66.6,66.2,65.7,65.3,65,64.5,64.1,63.7
196,"CYP","Cyprus",72.2,72.2,72.2,72.2,72.2,72.2,72.2,72.2,72.2,72.3,72.3,72.3,72.3,72.3,72.3,72.3,72.3,72.3,72.6,72.9,73.3,73.5,73.5,73.5,73.5,73.4,73.4,73.4,73.4,73.4
203,"CZE","Czech Republic",92.8,92.8,92.8,92.8,92.8,92.8,92.8,92.7,92.7,92.7,92.6,92.4,92.2,92,91.8,91.6,91.5,91.4,91.2,91.2,91.1,91.1,90.9,90.8,90.6,90.3,90.1,89.9,89.8,89.6
180,"COD","Dem. Rep. Congo",62.3,62.3,62.3,62.3,62.3,62.3,62.3,62.3,62.3,62.2,62.2,62.2,62.2,62.2,62.2,62.1,62.1,62.1,62.1,62.1,62.1,62.1,62.1,62.1,62.1,62.1,62.1,62.1,62,62.1
208,"DNK","Denmark",93.6,93.6,93.6,93.6,93.6,93.6,93.5,93.4,93.3,93.3,93.3,93.4,93.4,93.4,93.4,93.4,93.4,93.4,93.5,93.6,93.6,93.7,93.7,93.8,93.8,93.8,93.8,93.8,93.8,93.8
262,"DJI","Djibouti",59,59,59,59,59,59,58.1,57.2,56.4,55.5,54.8,53.9,53.2,52.5,51.8,51.2,50.3,49.3,48.5,47.7,46.7,45.7,45,44.1,43.5,42.5,41.3,40.8,39.9,39
212,"DMA","Dominica",10.9,10.9,10.9,10.9,10.9,10.9,10.3,9.7,9.1,8.6,8.2,7.8,7.5,7.2,6.9,6.6,6.3,5.9,5.6,5.3,4.8,4.3,3.6,2.9,2.1,1.5,0.8,0.5,0.1,0
214,"DOM","Dominican Republic",21.1,21.1,21.1,21.1,21.1,21.1,20.7,20.3,19.8,19.4,19.1,18.7,18.2,18,17.6,17.2,16.9,16.5,16.1,15.7,15.5,15,14.7,14.3,13.9,13.6,13.1,12.8,12.5,12
218,"ECU","Ecuador",22.8,22.8,22.8,22.8,22.8,22.8,21.2,19.6,17.9,16.4,14.8,13.2,11.7,10.3,8.8,7.3,6,4.4,2.9,1.2,0,0,0,0,0,0,0,0,0,0
818,"EGY","Egypt",87.4,87.4,87.4,87.4,87.4,87.4,86.5,85.6,84.8,84,83.1,82.3,81.5,80.9,80,79.3,78.5,77.7,76.9,76.4,75.4,74.7,73.9,73.3,72.5,71.7,71.1,70,69.2,68.7
222,"SLV","El Salvador",47.9,47.9,47.9,47.9,47.9,47.9,47.4,46.9,46.4,46,45.4,45,44.5,44.1,43.7,43.3,42.9,42.4,42,41.6,41,40.7,40.2,39.7,39.3,38.8,38.4,38,37.6,37
226,"GNQ","Equatorial Guinea",40.3,40.3,40.3,40.3,40.3,40.3,40.2,40.2,40.2,40.2,40.1,40.1,40.1,40.1,40.1,40.1,40.1,40.1,40.1,40.1,40,40,40,40,40,40,40,40,40,40
232,"ERI","Eritrea",80.8,80.8,80.8,80.8,80.8,80.8,79.9,79.2,78.3,77.5,76.5,75.8,74.9,74.2,73.4,72.8,71.9,71,70.2,69.5,68.7,68,67.1,66,65.6,64.6,64,63,62.6,61.4
233,"EST","Estonia",95.5,95.5,95.5,95.5,95.5,95.5,95.5,95.5,95.4,95.4,95.3,95.3,95.2,95.2,95.1,95.1,95,95,95,95.1,95.2,95.2,95.2,95.2,95.2,95.2,95.2,95.2,95.2,95.2
748,"SWZ","Eswatini",39.8,39.8,39.8,39.8,39.8,39.8,39.8,39.7,39.7,39.7,39.7,39.7,39.7,39.7,39.7,39.6,39.6,39.6,39.6,39.6,39.6,39.6,39.6,39.6,39.6,39.6,39.6,39.6,39.6,39.6
231,"ETH","Ethiopia",51.7,51.7,51.7,51.7,51.7,51.7,51.7,51.5,51.4,51.3,51.2,51.1,51,50.9,50.8,50.7,50.6,50.5,50.5,50.5,50.4,50.4,50.3,50.2,50.3,50.2,50.1,50.1,50.1,50
234,"FRO","Faeroe Islands",56.8,56.8,56.8,56.8,56.8,56.8,56.4,56.3,56.6,56.5,56.6,56.7,56.9,57.1,57.1,57.2,57.8,58.4,58.6,58.8,59,58.8,58.9,59.4,59.4,59.8,59.8,60,60,60
238,"FLK","Falkland Islands",10.4,10.4,10.4,10.4,10.4,10.4,10.4,10.5,10.7,11.2,11.8,12.9,13.7,14.6,15.2,15.5,15.5,15.6,15.6,15.6,15.7,15.7,15.7,15.8,15.8,15.8,15.8,15.8,15.8,15.8
242,"FJI","Fiji",14.7,14.7,14.7,14.7,14.7,14.7,14.1,13.5,12.8,12.2,11.7,11.1,10.4,9.9,9.5,8.9,8.3,7.8,6.8,6.2,5.7,5.1,4.4,3.8,3.1,2.4,1.8,1.3,0.4,0.1
246,"FIN","Finland",97.2,97.2,97.2,97.2,97.2,97.2,97.2,97.2,97.2,97.2,97.1,97.1,97.1,97,97,97,96.9,96.9,96.9,97,97,97,97,97,97,97,97,97,97,97
250,"FRA","France",82.9,82.9,82.9,82.9,82.9,82.9,81.6,80.4,79,77.4,75.4,73.4,71.2,69.5,68,66.5,65,63.6,62.4,60.9,59.6,57.9,56.5,54.9,53,51.7,50.3,49.1,47.4,46.2
258,"PYF","French Polynesia",19.3,19.3,19.3,19.3,19.3,19.3,18.6,17.9,17.3,16.6,16,15.2,14.5,14,13.3,12.6,11.9,11,10.5,9.7,8.9,8.2,7.2,6.6,5.9,5.3,4.5,3.9,2.6,2.4
266,"GAB","Gabon",85.3,85.3,85.3,85.3,85.3,85.3,85.2,85.2,85.1,85.1,85.1,85.1,85.1,85.1,85,85,85,85,84.9,84.9,84.9,85,84.9,84.9,84.9,84.9,84.9,84.9,84.9,84.9
270,"GMB","Gambia",87.6,87.6,87.6,87.6,87.6,87.6,87.6,87.6,87.6,87.6,87.5,87.5,87.5,87.5,87.5,87.4,87.4,87.4,87.4,87.4,87.4,87.4,87.4,87.4,87.4,87.4,87.3,87.3,87.3,87.3
268,"GEO","Georgia",86.8,86.8,86.8,86.8,86.8,86.8,86.7,86.6,86.5,86,85.1,83.7,82.2,81.4,81,80.5,80.2,79.9,79.6,79.3,79.1,78.8,78.5,78.2,77.9,77.6,77.4,77.1,76.8,76.6
276,"DEU","Germany",94.2,94.2,94.2,94.2,94.2,94.2,94.2,94.1,94.1,94,93.9,93.7,93.6,93.4,93.3,93.1,93,92.9,92.8,92.8,92.8,92.7,92.6,92.5,92.3,92.2,92,91.9,91.7,91.6
288,"GHA","Ghana",47.7,47.7,47.7,47.7,47.7,47.7,47.7,47.7,47.7,47.6,47.5,47.4,47.3,47.1,47,46.9,46.8,46.7,46.6,46.5,46.4,46.3,46.2,46.1,46,45.9,45.8,45.7,45.6,45.5
300,"GRC","Greece",58.1,58.1,58.1,58.1,58.1,58.1,58.1,58.1,58.2,58.3,58.3,58.4,58.4,58.4,58.4,58.5,58.4,58.3,58.1,57.9,57.7,57.5,57.3,57.1,56.9,56.8,56.7,56.6,56.6,56.6
304,"GRL","Greenland",79.6,79.6,79.6,79.6,79.6,79.6,79.2,78.7,78.3,77.9,77.5,77.1,76.8,76.6,76.3,76.1,75.6,74.9,74,73.1,72.3,71.6,71,70.6,70.4,70.2,69.9,69.7,69.5,69.2
308,"GRD","Grenada",0,0,0,0,0,0,0,0,0,0,0,0,0,0,0,0,0,0,0,0,0,0,0,0,0,0,0,0,0,0
320,"GTM","Guatemala",17.6,17.6,17.6,17.6,17.6,17.6,17.1,16.5,16,15.6,15.2,14.8,14.5,14.1,13.8,13.6,13,12.6,12.3,11.8,11.3,11,10.5,10.2,9.7,9.3,8.8,8.5,8.1,7.7
831,"GGY","Guernsey",82,82,82,82,82,82,81.7,81.4,81.1,81,80.9,81.1,81.3,81.4,81.6,81.7,81.8,81.9,81.9,82,81.9,82.1,82.1,82.2,82.3,82.4,82.5,82.5,82.6,82.7
324,"GIN","Guinea",66.6,66.6,66.6,66.6,66.6,66.6,66.6,66.5,66.5,66.4,66.3,66.2,66.1,66.1,66,66,65.9,65.9,65.9,65.9,65.9,65.8,65.8,65.8,65.7,65.7,65.7,65.7,65.6,65.6
624,"GNB","Guinea-Bissau",70.9,70.9,70.9,70.9,70.9,70.9,70.8,70.8,70.8,70.8,70.7,70.7,70.7,70.6,70.6,70.6,70.6,70.6,70.5,70.5,70.5,70.5,70.5,70.5,70.5,70.5,70.5,70.4,70.4,70.4
328,"GUY","Guyana",67,67,67,67,67,67,66.9,66.8,66.6,66.4,66.1,65.7,65.4,65.1,64.8,64.3,63.9,63.5,63.2,62.9,62.5,62.1,61.8,61.4,61.1,60.8,60.4,60.1,59.7,59.4
332,"HTI","Haiti",19.3,19.3,19.3,19.3,19.3,19.3,18.8,18.4,18,17.5,17.2,16.8,16.5,16.2,15.8,15.5,15.1,14.7,14.4,14,13.7,13.3,12.9,12.6,12.2,11.9,11.5,11.2,10.9,10.5
336,"VAT","Holy See",72.8,72.8,72.8,72.8,72.8,72.8,72.8,72.8,72.8,72.8,71.4,70,68.6,67.1,65.7,64.3,62.9,61.1,58.6,56.8,54.3,52.2,50,48.6,47.2,45.7,44.3,42.9,42,40.6
340,"HND","Honduras",26.9,26.9,26.9,26.9,26.9,26.9,26.3,25.8,25.2,24.8,24.3,23.9,23.5,23.1,22.7,22.3,21.9,21.6,21.2,20.8,20.4,20,19.6,19.1,18.7,18.2,17.9,17.4,17,16.7
344,"HKG","Hong Kong",66.3,66.3,66.3,66.3,66.3,66.3,66.1,66,65.9,65.7,65.6,65.5,65.4,65.3,65.2,65.2,65,64.9,64.7,64.6,64.5,64.3,64.2,64,64,63.8,63.7,63.5,63.4,63.2
348,"HUN","Hungary",71.5,71.5,71.5,71.5,71.5,71.5,71.5,71.5,71.5,71.5,71.5,71.5,71.5,71.4,71.4,71.4,71.4,71.5,71.5,71.6,71.7,71.8,71.8,71.8,71.8,71.7,71.7,71.6,71.6,71.6
352,"ISL","Iceland",64.1,64.1,64.1,64.1,64.1,64.1,63.8,63.6,63.5,63.5,63.5,64,64.5,64.6,64.9,64.9,64.7,64.2,63.5,62.8,62.6,62.5,62.3,62.2,62.3,62.3,62.3,62.4,62.4,62.5
356,"IND","India",21,21,21,21,21,21,19.8,18.5,17.3,16,14.9,13.7,12.4,11.2,10.2,9,7.7,6.6,5.3,4.1,3,1.7,0.5,0,0,0,0,0,0,0
360,"IDN","Indonesia",50.5,50.5,50.5,50.5,50.5,50.5,49.1,47.9,46.5,45.1,43.9,42.6,41.2,40.1,39.1,37.9,36.5,35.2,34,32.6,31.2,29.6,28.6,27,25.8,24.6,23.3,21.9,20.7,19.6
364,"IRN","Iran",75.8,75.8,75.8,75.8,75.8,75.8,74.8,73.8,72.9,71.7,70.9,70,69.1,68,67.1,66.2,65.5,64.5,63.8,62.9,61.9,61,60.6,59.5,58.5,57.7,56.8,56,55,54.2
368,"IRQ","Iraq",50.5,50.5,50.5,50.5,50.5,50.5,49.7,48.6,47.7,47,46.2,45.5,44.6,43.8,43.2,42.3,41.3,40.7,40,39.2,38.4,37.9,37,36.4,35.5,34.7,33.8,33.2,32.4,31.6
372,"IRL","Ireland",60,60,60,60,60,60,59.9,59.8,59.5,59.5,59.6,59.6,59.8,59.9,59.9,60.1,60.1,60.2,60.2,60.2,60.2,60.2,60.2,60.2,60.3,60.3,60.4,60.4,60.5,60.5
833,"IMN","Isle of Man",91.2,91.2,91.2,91.2,91.2,91.2,90.7,90.2,89.7,89.2,89.1,89,88.8,88.7,88.7,88.7,88.7,88.7,88.6,88.5,88.3,88.2,88.2,88.2,88.2,88.2,88.2,88.2,88.2,88.2
376,"ISR","Israel",10.1,10.1,10.1,10.1,10.1,10.1,10,10,10,9.9,9.9,9.9,9.9,9.9,9.9,9.9,10,10,10,10.2,10.4,10.5,10.6,10.7,10.7,10.7,10.7,10.7,10.7,10.7
380,"ITA","Italy",70.9,70.9,70.9,70.9,70.9,70.9,70.8,70.6,70.5,70.3,69.7,69.1,68.5,67.9,67.2,66.6,66,65.4,64.8,64.1,63.4,62.8,62.1,61.3,60.6,59.9,59.3,58.7,58.3,57.8
388,"JAM","Jamaica",0,0,0,0,0,0,0,0,0,0,0,0,0,0,0,0,0,0,0,0,0,0,0,0,0,0,0,0,0,0
392,"JPN","Japan",42.5,42.5,42.5,42.5,42.5,42.5,41.5,40.6,39.6,38.6,37.5,36.6,35.9,34.9,33.8,32.9,31.8,30.7,29.6,28.6,27.3,26.4,25.2,24.2,23,21.8,21,19.9,18.4,17.7
832,"JEY","Jersey",84.4,84.4,84.4,84.4,84.4,84.4,84.3,84,83.9,83.9,83.9,84,84.3,84.5,84.7,84.8,84.9,85,85,85,85,85,85,85.1,85.3,85.4,85.4,85.6,85.7,85.7
400,"JOR","Jordan",87.9,87.9,87.9,87.9,87.9,87.9,87.7,87.5,87.5,87.5,87.5,87.6,87.6,87.6,87.6,87.6,87.6,87.6,87.6,87.6,87.6,87.5,87.5,87.5,87.5,87.5,87.5,87.5,87.4,87.4
398,"KAZ","Kazakhstan",68.5,68.5,68.5,68.5,68.5,68.5,67.7,67,66.3,65.7,65.4,65.1,65,64.8,64.7,64.5,64.4,64.3,64.1,63.9,63.7,63.5,63.3,63.2,63,62.9,62.7,62.6,62.3,62.3
404,"KEN","Kenya",48.8,48.8,48.8,48.8,48.8,48.8,47.8,46.8,45.7,44.6,43.7,42.7,41.8,40.8,39.8,38.9,38,37.1,36,34.9,34,32.6,31.9,30.7,29.9,28.8,27.9,26.9,25.9,24.9
296,"KIR","Kiribati",40.9,40.9,40.9,40.9,40.9,40.9,40.1,38.8,37.7,37.1,36.4,35.5,35.1,34.2,33.5,32.7,31.6,30.8,29.9,28.6,27.9,26.6,25.3,24.6,23.7,22.6,21.4,20.4,19.6,18.9
689,"XKX","Kosovo",NA,NA,NA,NA,NA,NA,NA,NA,NA,NA,NA,NA,NA,NA,NA,NA,NA,NA,NA,NA,NA,NA,NA,NA,NA,NA,NA,NA,NA,NA
414,"KWT","Kuwait",72.7,72.7,72.7,72.7,72.7,72.7,71.8,70.8,70,69.3,68.3,67.4,67,66.3,65.5,64.8,63.8,63.3,62.8,62.3,61.8,61.2,60.4,59.9,59.1,58.2,57.6,56.7,56,55.3
417,"KGZ","Kyrgyzstan",70.6,70.6,70.6,70.6,70.6,70.6,69,67.7,66.4,65.2,65,64.9,64.8,64.8,64.7,64.7,64.6,64.5,64.4,64.3,64.2,64.2,64.1,64,63.9,63.9,63.8,63.7,63.7,63.6
418,"LAO","Laos",45.8,45.8,45.8,45.8,45.8,45.8,45.7,45.6,45.5,45.3,45.2,45.1,45,44.9,44.8,44.7,44.6,44.5,44.4,44.3,44.2,44,43.9,43.8,43.8,43.7,43.6,43.5,43.5,43.4
428,"LVA","Latvia",96.5,96.5,96.5,96.5,96.5,96.5,96.4,96.4,96.4,96.4,96.3,96.3,96.3,96.2,96.2,96.1,96.1,96.1,96.1,96.2,96.3,96.3,96.3,96.3,96.3,96.3,96.3,96.3,96.3,96.3
422,"LBN","Lebanon",85.7,85.7,85.7,85.7,85.7,85.7,85.6,85.5,85.5,85.5,85.5,85.5,85.4,85.4,85.4,85.4,85.4,85.4,85.9,86.5,87.1,87.6,87.6,87.6,87.6,87.6,87.6,87.6,87.6,87.6
426,"LSO","Lesotho",82.2,82.2,82.2,82.2,82.2,82.2,81.9,81.6,81.3,81.1,81.1,81,81,81,81,81,81,81,81,81,81,80.9,80.9,80.9,80.9,80.9,80.9,80.9,80.9,80.9
430,"LBR","Liberia",72.7,72.7,72.7,72.7,72.7,72.7,72.7,72.6,72.7,72.6,72.6,72.6,72.5,72.5,72.5,72.5,72.5,72.4,72.4,72.4,72.4,72.4,72.4,72.4,72.4,72.3,72.4,72.4,72.4,72.4
434,"LBY","Libya",93.6,93.6,93.6,93.6,93.6,93.6,93.5,93.2,93.1,93.1,93,93,93,93,92.8,92.7,92.5,92.5,92.3,92.3,92.3,92.3,92.3,92.3,92.3,92.2,92.2,92.3,92.2,92.2
438,"LIE","Liechtenstein",95,95,95,95,95,95,95,95,95,95,94.9,94.8,94.7,94.6,94.5,94.4,94.4,94.3,94.3,94.3,94.3,94.3,94.2,94.2,94,94,93.9,93.8,93.7,93.6
440,"LTU","Lithuania",96.3,96.3,96.3,96.3,96.3,96.3,96.3,96.3,96.3,96.3,96.3,96.3,96.3,96.3,96.3,96.3,96.3,96.3,96.4,96.5,96.7,96.8,96.8,96.8,96.8,96.8,96.8,96.8,96.8,96.8
442,"LUX","Luxembourg",95.3,95.3,95.3,95.3,95.3,95.3,95.3,95.3,95.3,95.3,95.2,95,94.9,94.7,94.6,94.4,94.3,94.2,94.3,94.3,94.3,94.3,94.2,94.1,93.9,93.8,93.7,93.5,93.3,93.2
446,"MAC","Macao",48.3,48.3,48.3,48.3,48.3,48.3,48,47.8,47.6,47.4,47.1,46.9,46.7,46.7,46.4,46.3,46,45.8,45.6,45.3,45.1,44.8,44.5,44.3,44,43.8,43.6,43.4,43.1,43
450,"MDG","Madagascar",42.6,42.6,42.6,42.6,42.6,42.6,41.5,40.4,39,37.9,36.6,35.4,34.3,33.3,32.3,31.3,30.3,29,27.7,26.6,25.2,24.2,23,22,20.5,19.5,18.3,17,16,14.9
454,"MWI","Malawi",37.3,37.3,37.3,37.3,37.3,37.3,37.3,37.3,37.3,37.3,37.3,37.3,37.4,37.4,37.4,37.5,37.5,37.5,37.5,37.5,37.5,37.5,37.5,37.5,37.6,37.6,37.6,37.6,37.6,37.6
458,"MYS","Malaysia",29,29,29,29,29,29,27.7,26.4,25.2,24.1,22.8,21.8,20.6,19.4,18.3,17.1,16,14.7,13.6,12.2,11,9.4,8.4,7.1,6,4.8,3.7,2.5,1.2,0.1
462,"MDV","Maldives",77.7,77.7,77.7,77.7,77.7,77.7,76.2,74.9,73.3,72.2,70.8,70,68.9,68.2,67.2,66.2,65,64.1,62.5,60.8,59.6,58,56.8,55.3,53.8,52.4,51,49.6,48.9,47.3
466,"MLI","Mali",94.9,94.9,94.9,94.9,94.9,94.9,94.8,94.7,94.6,94.5,94.3,94.1,94,93.8,93.7,93.6,93.5,93.5,93.4,93.3,93.3,93.2,93.2,93.1,93.1,93,93,93,92.9,92.9
470,"MLT","Malta",77.4,77.4,77.4,77.4,77.4,77.4,76.8,76.2,75.6,75.2,75.2,75.2,75.2,75.2,75.2,75.1,75.1,75.1,75.1,75.1,75.1,75.1,75.1,75.1,75.1,75.1,75.1,75.1,75.1,75.1
584,"MHL","Marshall Islands",65.4,65.4,65.4,65.4,65.4,65.4,64.5,63.6,62.6,61.3,60.3,59.4,58.6,57.5,56.4,55.1,53.9,53,51.5,50.6,49.3,48.3,47.1,46,45.4,44.3,43,41.8,40.6,39.6
478,"MRT","Mauritania",92.6,92.6,92.6,92.6,92.6,92.6,92.6,92.5,92.3,92.2,92,91.9,91.7,91.6,91.5,91.4,91.3,91.2,91.1,91,91,90.9,90.8,90.8,90.7,90.6,90.5,90.5,90.4,90.4
480,"MUS","Mauritius",0,0,0,0,0,0,0,0,0,0,0,0,0,0,0,0,0,0,0,0,0,0,0,0,0,0,0,0,0,0
484,"MEX","Mexico",12.8,12.8,12.8,12.8,12.8,12.8,12,11.4,10.6,10,9.2,8.7,8,7.4,6.7,6.1,5.5,4.8,4.2,3.5,2.9,2.2,1.5,0.8,0.2,0,0,0,0,0
583,"FSM","Micronesia",18.4,18.4,18.4,18.4,18.4,18.4,17.2,15.8,14.6,13.3,11.9,10.6,9.2,8,6.8,5.6,4.5,3,1.6,0.3,0,0,0,0,0,0,0,0,0,0
498,"MDA","Moldova",88.9,88.9,88.9,88.9,88.9,88.9,88.9,89,89,89,89.1,89.1,89.2,89.4,89.4,89.5,89.6,89.8,89.9,90,90.2,90.4,90.5,90.5,90.6,90.7,90.8,90.8,90.9,91
492,"MCO","Monaco",69.5,69.5,69.5,69.5,69.5,69.5,69.4,69.4,69.4,69.5,69.5,69.5,69.5,69.5,69.5,69.5,69.5,68.8,68.5,67.5,66.5,65.5,64.6,63.8,63,62.1,62.1,62.1,62.1,62.1
496,"MNG","Mongolia",87.6,87.6,87.6,87.6,87.6,87.6,87.4,87.3,87.2,87,86.9,86.7,86.6,86.4,86.4,86.3,86.2,86.1,85.9,85.8,85.7,85.6,85.5,85.4,85.3,85.2,85.1,85.1,85,84.9
499,"MNE","Montenegro",52.9,52.9,52.9,52.9,52.9,52.9,52.3,51.7,51.2,50.7,50.5,50.3,50.1,50,50,49.9,49.7,49.6,49.5,49.5,49.4,49.3,49.2,49.1,48.9,48.8,48.6,48.5,48.4,48.2
504,"MAR","Morocco",71.4,71.4,71.4,71.4,71.4,71.4,71.1,70.9,70.5,70.2,69.8,69.4,69,68.6,68.1,67.7,67.2,66.8,66.4,66,65.7,65.3,64.9,64.5,64.1,63.7,63.4,63,62.7,62.2
508,"MOZ","Mozambique",52.2,52.2,52.2,52.2,52.2,52.2,51.3,50.3,49.4,48.3,47.2,46.4,45.5,44.6,43.8,43,41.9,41.1,40,39.1,38,37.1,36.2,35.2,34.2,33.1,32.3,31.3,30.2,29.2
104,"MMR","Myanmar",53.3,53.3,53.3,53.3,53.3,53.3,52.3,51.4,50.5,49.5,48.7,47.8,47,46.1,45.3,44.5,43.5,42.6,41.6,40.5,39.8,38.6,37.8,36.9,35.9,34.9,33.9,33.1,32.3,31.5
516,"NAM","Namibia",91.6,91.6,91.6,91.6,91.6,91.6,91.6,91.5,91.5,91.5,91.4,91.4,91.4,91.3,91.3,91.3,91.3,91.3,91.2,91.2,91.2,91.2,91.1,91.1,91.1,91.1,91.1,91.1,91.1,91.1
520,"NRU","Nauru",62.5,62.5,62.5,62.5,62.5,62.5,61.3,60,59.2,58,57.1,56,55,53.9,52.8,51.6,50.6,49.4,48.3,47.2,45.9,44.9,44,42.9,41.6,40.3,39.1,38.2,36.9,36.1
524,"NPL","Nepal",50.9,50.9,50.9,50.9,50.9,50.9,50.9,50.8,50.7,50.7,50.7,50.7,50.7,50.7,50.7,50.7,50.7,50.7,50.7,50.7,50.6,50.6,50.5,50.5,50.4,50.4,50.4,50.3,50.3,50.3
528,"NLD","Netherlands",82.6,82.6,82.6,82.6,82.6,82.6,81.5,80.6,79.7,79,78.4,77.9,77.4,76.9,76.5,76.1,75.7,75.2,74.7,74.3,73.8,73.3,72.8,72.3,71.7,71.4,71,70.5,70.1,69.6
540,"NCL","New Caledonia",3.7,3.7,3.7,3.7,3.7,3.7,2.6,1.7,0.7,0,0,0,0,0,0,0,0,0,0,0,0,0,0,0,0,0,0,0,0,0
554,"NZL","New Zealand",3.8,3.8,3.8,3.8,3.8,3.8,2.4,1,0,0,0,0,0,0,0,0,0,0,0,0,0,0,0,0,0,0,0,0,0,0
558,"NIC","Nicaragua",58,58,58,58,58,58,57.5,57.1,56.5,56.1,55.4,54.7,54,53.2,52.5,51.8,51.1,50.3,49.6,48.8,48.2,47.3,46.5,45.8,44.8,44.1,43.2,42.6,41.7,40.9
562,"NER","Niger",84.6,84.6,84.6,84.6,84.6,84.6,84.3,83.9,83.6,83.2,82.8,82.5,82.1,81.8,81.5,81.1,80.8,80.4,80,79.7,79.4,79,78.8,78.5,78.2,77.9,77.6,77.3,77,76.9
566,"NGA","Nigeria",54.4,54.4,54.4,54.4,54.4,54.4,54.4,54.4,54.3,54.2,54.2,54.1,54,53.9,53.7,53.6,53.6,53.5,53.4,53.3,53.2,53.2,53.1,53,53,52.9,52.9,52.8,52.7,52.7
570,"NIU","Niue",26.9,26.9,26.9,26.9,26.9,26.9,30.2,37.1,43.7,47.3,48.4,48.6,47.9,47.3,46.6,45.8,45.3,44.5,44,43.2,42.5,41.7,41.1,40.4,39.8,39.2,38.5,37.7,36.9,36.5
408,"PRK","North Korea",73.4,73.4,73.4,73.4,73.4,73.4,73,72.6,72.3,72.1,72,71.7,71.6,71.4,71.2,71.1,70.9,70.8,70.5,70.5,70.2,69.9,69.8,69.6,69.4,69.1,68.9,68.7,68.6,68.2
807,"MKD","North Macedonia",80,80,80,80,80,80,80,79.9,79.7,79.6,79.4,79.1,78.9,78.6,78.6,78.2,78.1,77.8,77.6,77.5,77.3,77.2,77,76.7,76.4,76.2,75.9,75.7,75.4,75.2
578,"NOR","Norway",85.8,85.8,85.8,85.8,85.8,85.8,85.6,85.4,85.3,85.2,85.1,85.1,85,85,85,84.9,84.8,84.7,84.5,84.3,84.2,84.1,84,84,83.9,83.9,83.9,83.8,83.8,83.8
512,"OMN","Oman",80.1,80.1,80.1,80.1,80.1,80.1,79.3,78.5,77.5,76.7,76,74.9,74.3,73.4,72.4,71.9,71.2,70.4,69.6,68.8,68.2,67.4,66.9,65.9,65.1,64.1,63.7,62.8,62.4,61.6
586,"PAK","Pakistan",74.5,74.5,74.5,74.5,74.5,74.5,72.7,71.2,70.1,68.8,67.1,65.9,64.4,63.5,62.3,60.9,59.8,58.4,57,55.4,54,52.7,51.1,49.8,48.6,46.9,45.5,44.4,43,41.6
585,"PLW","Palau",62.8,62.8,62.8,62.8,62.8,62.8,60,56.5,54.2,51.3,48.5,45.2,42.1,38.8,35.4,32.1,29.2,26.1,23.1,20.1,17,14.2,11.2,7.5,4.7,1,0,0,0,0
591,"PAN","Panama",17.4,17.4,17.4,17.4,17.4,17.4,16.9,16.5,16.1,15.8,15.4,15,14.8,14.4,14.1,13.8,13.4,13,12.6,12.3,11.8,11.4,11.1,10.7,10.2,9.9,9.6,9.2,8.9,8.4
598,"PNG","Papua New Guinea",67.6,67.6,67.6,67.6,67.6,67.6,66.5,65.5,64.3,63.4,62.2,61.1,60.1,59.1,58.2,57.2,56.1,54.8,53.9,52.6,51.6,50.3,49,47.9,46.9,45.8,44.4,43.5,42.4,41.2
600,"PRY","Paraguay",84.4,84.4,84.4,84.4,84.4,84.4,84.3,84.3,84.3,84.3,84.3,84.3,84.3,84.3,84.4,84.4,84.3,84.3,84.3,84.3,84.3,84.3,84.3,84.3,84.3,84.2,84.3,84.3,84.2,84.2
604,"PER","Peru",16.1,16.1,16.1,16.1,16.1,16.1,16,15.9,15.8,15.8,15.7,15.7,15.7,15.6,15.6,15.5,15.4,15.4,15.4,15.3,15.3,15.3,15.3,15.3,15.2,15.2,15.2,15.2,15.2,15.2
608,"PHL","Philippines",20.4,20.4,20.4,20.4,20.4,20.4,19.3,17.9,16.7,15.7,14.3,13,11.9,11,9.8,8.9,7.7,6.6,5.4,4.3,3,1.6,0.5,0,0,0,0,0,0,0
616,"POL","Poland",84.4,84.4,84.4,84.4,84.4,84.4,84.8,85.1,85.4,85.7,86.1,86.4,86.7,86.9,87,87.3,87.7,88.1,88.5,89,89.5,89.9,90.2,90.6,90.9,91.3,91.5,91.9,92.1,92.3
620,"PRT","Portugal",68.5,68.5,68.5,68.5,68.5,68.5,68.3,68.1,67.9,67.7,67.5,67.4,67.3,67.4,67.5,67.8,68.1,68.3,68.4,68.3,68.1,67.9,67.8,67.6,67.4,67.2,67.1,67,66.9,66.7
634,"QAT","Qatar",70.4,70.4,70.4,70.4,70.4,70.4,68.7,67.2,66.1,64.4,63.2,62,60.6,59.5,58.4,57.1,55.8,54.6,53.2,52,50.4,49.5,48.2,46.7,45.6,44.6,43.5,41.9,40.6,39.4
178,"COG","Republic of Congo",89.5,89.5,89.5,89.5,89.5,89.5,89.5,89.5,89.4,89.4,89.4,89.5,89.5,89.4,89.4,89.4,89.4,89.4,89.3,89.3,89.3,89.3,89.3,89.3,89.3,89.3,89.3,89.3,89.2,89.2
642,"ROU","Romania",63.7,63.7,63.7,63.7,63.7,63.7,63.7,63.6,63.6,63.5,63.5,63.4,63.4,63.3,63.3,63.2,63.2,63.2,63.2,63.3,63.4,63.4,63.4,63.4,63.3,63.2,63.2,63.1,63,63
643,"RUS","Russia",84.9,84.9,84.9,84.9,84.9,84.9,84.7,84.6,84.4,84.3,84.1,83.9,83.8,83.6,83.5,83.3,83.2,83.2,83.1,83,82.9,82.9,82.8,82.8,82.7,82.7,82.6,82.5,82.5,82.4
646,"RWA","Rwanda",63.1,63.1,63.1,63.1,63.1,63.1,63.1,63.1,63.1,63.1,63.1,63.1,63.1,63.1,63.1,63.1,63.1,63.1,63.1,63.1,63.1,63.1,63.1,63.1,63.1,63.1,63.1,63.1,63.1,63.1
652,"BLM","Saint Barthelemy",88.1,88.1,88.1,88.1,88.1,88.1,87.9,87.9,87.9,87.9,88.4,89.2,90,90.8,91.5,91.6,91.7,91.7,91.8,91.8,91.9,91.9,92,92.1,92.1,92.2,92.3,92.4,92.5,92.6
659,"KNA","Saint Kitts and Nevis",0,0,0,0,0,0,0,0,0,0,0,0,0,0,0,0,0,0,0,0,0,0,0,0,0,0,0,0,0,0
662,"LCA","Saint Lucia",38.6,38.6,38.6,38.6,38.6,38.6,38.1,37.7,37.2,36.7,36.4,35.9,35.4,35.1,34.6,34.2,33.7,33.2,32.7,32.2,31.8,31.3,30.9,30.4,29.9,29.3,28.9,28.3,27.9,27.4
670,"VCT","Saint Vincent and the Grenadines",24.2,24.2,24.2,24.2,24.2,24.2,23.7,23.4,23.1,22.7,22.4,22.1,21.9,21.6,21.3,21.1,20.8,20.4,20,19.6,19.3,18.9,18.6,18.3,17.8,17.5,17.1,16.9,16.4,16.2
882,"WSM","Samoa",32.1,32.1,32.1,32.1,32.1,32.1,31.7,31.4,31.2,30.7,30.4,30.2,29.9,29.7,29.1,29.1,28,27.7,27.1,26.9,26.3,26,25.3,25,24.3,24.2,23.6,22.9,23,22.1
674,"SMR","San Marino",73,73,73,73,73,73,73,73,73,73,71.7,70.3,69,67.7,66.3,65,63.7,62.4,61.2,60,58.9,57.6,56.2,54.9,53.5,52.2,50.9,49.5,48.6,47.4
678,"STP","Sao Tome and Principe",30.1,30.1,30.1,30.1,30.1,30.1,30.1,30,30.1,30.2,30.7,31.4,32.1,32.5,33.4,33.4,33.4,33.4,33.4,33.4,33.4,33.4,33.4,33.4,33.4,33.4,33.4,33.4,33.4,33.4
682,"SAU","Saudi Arabia",84.6,84.6,84.6,84.6,84.6,84.6,83.7,82.9,82.1,81.3,80.5,79.6,78.9,77.9,77,76.4,75.6,74.9,74,73.2,72.6,71.9,70.8,70,69.3,68.3,67.6,66.8,66,65.2
686,"SEN","Senegal",83.2,83.2,83.2,83.2,83.2,83.2,83,82.8,82.6,82.4,82.1,81.9,81.7,81.5,81.3,81,80.8,80.6,80.4,80.2,80,79.8,79.6,79.4,79.2,79,78.7,78.6,78.4,78.2
688,"SRB","Serbia",76.4,76.4,76.4,76.4,76.4,76.4,76.3,76.2,76.2,76.3,76.3,76.4,76.2,76,76,75.8,75.7,75.5,75.5,75.4,75.2,75.2,75,74.9,74.6,74.5,74.3,74.1,73.9,73.8
690,"SYC","Seychelles",22.9,22.9,22.9,22.9,22.9,22.9,21.9,20.9,19.9,19,17.9,17,15.7,14.8,13.6,12.7,11.5,9.9,8.9,7.9,6.6,5.2,3.8,2,1,0,0,0,0,0
694,"SLE","Sierra Leone",79.4,79.4,79.4,79.4,79.4,79.4,79.4,79.4,79.4,79.4,79.4,79.4,79.4,79.3,79.3,79.3,79.3,79.3,79.3,79.3,79.3,79.3,79.2,79.2,79.2,79.1,79.1,79.1,79.1,79.1
702,"SGP","Singapore",72.1,72.1,72.1,72.1,72.1,72.1,70.9,69.9,68.9,68,67,66.2,65.6,64.7,64.1,63.2,62,61.1,60.2,58.9,57.7,56.6,55.7,54.3,53.8,52.4,51.3,50,49.2,48.1
534,"SXM","Sint Maarten",91.1,91.1,91.1,91.1,91.1,91.1,91,91.1,91.1,91,91.1,91.9,93,93.2,94.4,94.5,94.6,94.6,94.7,94.7,94.8,94.8,94.9,95,95,95.1,95.2,95.2,95.4,95.5
703,"SVK","Slovakia",90.6,90.6,90.6,90.6,90.6,90.6,90.6,90.6,90.6,90.6,90.5,90.4,90.3,90.2,90.2,90.1,90,90,90,90,90.1,90.1,90,90,89.9,89.8,89.7,89.6,89.5,89.4
705,"SVN","Slovenia",75,75,75,75,75,75,74.9,74.8,74.8,74.7,74.5,74.3,74.1,73.9,73.7,73.5,73.3,73.1,73,73,72.8,72.7,72.5,72.3,72.1,72,71.7,71.6,71.4,71.2
90,"SLB","Solomon Islands",44.9,44.9,44.9,44.9,44.9,44.9,44,43.1,42.2,41.1,40,39.1,37.9,37.1,36,35.2,34.1,33.2,32.1,31,30,28.5,27.7,26.6,25.6,24.6,23.2,22.3,21.4,20.4
706,"SOM","Somalia",87.9,87.9,87.9,87.9,87.9,87.9,86.9,86.1,85.1,84.3,83.2,82.3,81.5,80.6,79.7,78.9,78.1,77.1,76.2,75.3,74.3,73.6,72.6,71.7,70.8,69.9,69,68.2,67.3,66.3
710,"ZAF","South Africa",42.9,42.9,42.9,42.9,42.9,42.9,42.1,41.2,40.4,39.6,38.7,37.9,37.3,36.4,35.7,35,34.2,33.5,32.8,32.1,31.3,30.4,29.6,28.9,28,27.4,26.7,25.7,25,24.4
410,"KOR","South Korea",31.2,31.2,31.2,31.2,31.2,31.2,29.9,28.8,27.5,26.3,24.5,22.9,21.3,19.5,18,16.6,14.9,13.8,12,10.4,9,7.6,6.1,4.8,3,1.7,0.1,0,0,0
728,"SSD","South Sudan",78.8,78.8,78.8,78.8,78.8,78.8,78.7,78.6,78.5,78.4,78.3,78.2,78.1,78,77.9,77.8,77.7,77.5,77.5,77.3,77.2,77.2,77.1,77,76.9,76.8,76.7,76.6,76.5,76.4
724,"ESP","Spain",60.6,60.6,60.6,60.6,60.6,60.6,60.4,60.3,60.1,59.9,59.7,59.5,59.3,59.1,58.8,58.6,58.4,58.1,58,57.7,57.5,57.2,56.9,56.7,56.3,56.1,55.8,55.6,55.5,55.3
144,"LKA","Sri Lanka",0,0,0,0,0,0,0,0,0,0,0,0,0,0,0,0,0,0,0,0,0,0,0,0,0,0,0,0,0,0
275,"PSE","State of Palestine",67.7,67.7,67.7,67.7,67.7,67.7,67.6,67.5,67.5,67.5,67.4,67.4,67.4,67.4,67.4,67.4,67.4,67.4,67.5,67.5,67.6,67.7,67.7,67.8,67.7,67.7,67.7,67.7,67.7,67.7
729,"SDN","Sudan",90.1,90.1,90.1,90.1,90.1,90.1,89.3,88.6,87.7,87,86.2,85.3,84.5,83.6,82.9,82.2,81.5,80.6,79.9,79.1,78.4,77.6,76.9,76.2,75.5,74.8,74,73.2,72.5,71.7
740,"SUR","Suriname",97.7,97.7,97.7,97.7,97.7,97.7,97.7,97.7,97.7,97.7,97.7,97.8,97.8,97.8,97.8,97.8,97.8,97.7,97.7,97.7,97.7,97.7,97.7,97.7,97.7,97.7,97.7,97.7,97.7,97.7
752,"SWE","Sweden",97.5,97.5,97.5,97.5,97.5,97.5,97.5,97.5,97.5,97.4,97.4,97.4,97.4,97.3,97.3,97.3,97.3,97.3,97.3,97.4,97.5,97.6,97.6,97.6,97.6,97.5,97.5,97.5,97.5,97.5
756,"CHE","Switzerland",91.4,91.4,91.4,91.4,91.4,91.4,91.4,91.4,91.4,91.3,91.2,91,90.8,90.7,90.5,90.3,90.1,90,89.9,89.8,89.7,89.6,89.5,89.3,89.1,88.9,88.7,88.6,88.4,88.3
760,"SYR","Syria",84,84,84,84,84,84,83.9,83.8,83.7,83.7,83.8,83.9,84.2,84.3,84.4,84.4,84.3,84.3,84.4,84.4,84.6,84.7,84.8,84.8,84.8,84.8,84.8,84.8,84.7,84.7
158,"TWN","Taiwan",NA,NA,NA,NA,NA,NA,NA,NA,NA,NA,NA,NA,NA,NA,NA,NA,NA,NA,NA,NA,NA,NA,NA,NA,NA,NA,NA,NA,NA,NA
762,"TJK","Tajikistan",96.6,96.6,96.6,96.6,96.6,96.6,96.5,96.5,96.4,96.4,96.4,96.4,96.4,96.4,96.4,96.4,96.4,96.4,96.4,96.4,96.4,96.4,96.4,96.4,96.4,96.4,96.4,96.4,96.4,96.4
834,"TZA","Tanzania",24.5,24.5,24.5,24.5,24.5,24.5,23.3,22,20.6,19.5,18.1,16.9,15.7,14.5,13.5,12.4,11.1,9.9,8.6,7.4,5.9,4.9,3.6,2.3,0.9,0,0,0,0,0
764,"THA","Thailand",44,44,44,44,44,44,43.1,42.1,41.1,40.3,39.5,38.4,37.5,36.8,36,35.1,34.3,33.1,32.3,31.4,30.5,29.3,28.5,27.5,26.6,25.9,25,23.9,22.8,22
626,"TLS","Timor-Leste",74.6,74.6,74.6,74.6,74.6,74.6,73.6,72.5,71.3,70.1,68.9,67.9,67.1,66,64.8,63.7,62.9,61.6,60.4,59.1,58.1,56.8,55.8,54.3,53.4,52.2,51.1,49.8,49,47.6
768,"TGO","Togo",60.2,60.2,60.2,60.2,60.2,60.2,60.2,60.1,60.1,60.1,60,60,59.9,59.8,59.7,59.6,59.4,59.3,59.2,59.1,58.9,58.7,58.6,58.5,58.3,58.2,58,57.9,57.8,57.7
776,"TON","Tonga",21.9,21.9,21.9,21.9,21.9,21.9,21.6,21.5,21.2,21,20.7,20.2,19.7,19.3,18.4,18,17.5,16.7,16.3,15.5,15,14.5,13.7,13.1,12.6,12,11.3,10.8,10.2,9.9
780,"TTO","Trinidad and Tobago",66.5,66.5,66.5,66.5,66.5,66.5,66.1,65.7,65.3,64.9,64.4,64.1,63.8,63.5,63.1,62.7,62.3,61.8,61.5,61.1,60.6,60.4,60,59.6,59.1,58.7,58.4,57.8,57.7,57.3
788,"TUN","Tunisia",83.9,83.9,83.9,83.9,83.9,83.9,83.7,83.6,83.5,83.5,83.5,83.6,83.6,83.6,83.6,83.5,83.5,83.5,83.5,83.5,83.6,83.6,83.5,83.5,83.5,83.5,83.4,83.4,83.5,83.5
792,"TUR","Turkiye",70.3,70.3,70.3,70.3,70.3,70.3,70.2,70,69.9,69.8,69.7,69.5,69.3,69.2,69.1,69,68.9,68.9,68.8,68.8,68.7,68.6,68.5,68.4,68.2,68.1,68,67.9,67.8,67.7
795,"TKM","Turkmenistan",93.3,93.3,93.3,93.3,93.3,93.3,93.2,93,92.8,92.7,92.6,92.6,92.5,92.5,92.5,92.4,92.4,92.4,92.3,92.3,92.2,92.2,92.1,92.1,92.1,92,92,92,91.9,91.9
796,"TCA","Turks and Caicos Islands",62,62,62,62,62,62,61.5,61,60.7,60.4,60,59.6,59.3,59,58.6,58.2,57.8,57.4,57,56.7,56.3,55.9,55.4,55.1,54.7,54.3,54,53.6,53.2,52.8
798,"TUV","Tuvalu",67.7,67.7,67.7,67.7,67.7,67.7,66.8,65.7,64.4,63.4,62.5,61.5,60.5,59.4,58.3,57.4,56,54.7,53.5,52.6,51.2,50.5,49.1,48.2,46.8,46.2,45.2,43.9,42.6,41.6
800,"UGA","Uganda",39,39,39,39,39,39,38.1,37.4,36.4,35.4,34.5,33.5,32.4,31.5,30.5,29.6,28.5,27.7,26.6,25.9,24.9,24,22.9,21.8,20.9,20,18.9,17.8,16.9,15.7
804,"UKR","Ukraine",78.6,78.6,78.6,78.6,78.6,78.6,78.5,78.4,78.4,78.4,78.4,78.5,78.6,78.6,78.7,78.8,78.9,79,79.1,79.2,79.3,79.3,79.4,79.5,79.5,79.6,79.6,79.7,79.7,79.8
784,"ARE","United Arab Emirates",68.7,68.7,68.7,68.7,68.7,68.7,67.7,66.9,65.9,65.1,64.3,63.3,62.3,61.5,60.6,60,59.1,58.3,57.6,56.7,55.8,55,54.2,53.3,52.5,51.7,50.9,49.9,49.1,48.4
826,"GBR","United Kingdom",91.8,91.8,91.8,91.8,91.8,91.8,91.6,91.5,91.3,91.2,91.2,91.2,91.2,91.2,91.3,91.3,91.3,91.3,91.3,91.3,91.3,91.3,91.4,91.4,91.4,91.4,91.4,91.4,91.4,91.4
840,"USA","United States of America",52.1,52.1,52.1,52.1,52.1,52.1,51.8,51.5,51.1,50.8,50.6,50.2,49.9,49.6,49.3,49.1,48.9,48.6,48.3,48,47.7,47.5,47.2,46.9,46.7,46.4,46.2,46,45.6,45.5
858,"URY","Uruguay",68.6,68.6,68.6,68.6,68.6,68.6,68.7,68.8,69,69.1,69.3,69.4,69.6,69.7,69.8,69.9,70,70.1,70.2,70.3,70.4,70.5,70.6,70.7,70.8,70.9,71,71.1,71.2,71.3
860,"UZB","Uzbekistan",93.4,93.4,93.4,93.4,93.4,93.4,93.1,92.8,92.6,92.4,92.2,92.1,92.1,92,91.9,91.8,91.7,91.6,91.5,91.3,91.1,91,90.9,90.7,90.6,90.5,90.4,90.2,90.1,90
548,"VUT","Vanuatu",14.8,14.8,14.8,14.8,14.8,14.8,13.8,12.8,11.8,10.8,9.8,8.9,7.9,7,6.3,5.4,4.4,3.3,2.4,1.5,0.3,0,0,0,0,0,0,0,0,0
862,"VEN","Venezuela",51.7,51.7,51.7,51.7,51.7,51.7,51.2,50.8,50.3,49.9,49.3,48.8,48.2,47.5,46.9,46.3,45.8,45.2,44.5,43.8,43.1,42.5,42,41.3,40.7,40.1,39.4,38.7,38.2,37.5
704,"VNM","Viet Nam",33.1,33.1,33.1,33.1,33.1,33.1,31.8,30.6,29.4,28.1,27,25.6,24.3,23.2,21.9,20.9,19.6,18.3,16.9,15.6,14.5,13.3,12,10.5,9.3,8.1,6.9,5.5,4.6,3.2
876,"WLF","Wallis and Futuna Islands",67.5,67.5,67.5,67.5,67.5,67.5,66.2,65.6,64.9,63.9,63,62.3,61.4,60.6,59.8,59,57.8,56.9,56.1,55.1,54.1,53.2,52.5,51.3,50.8,49.8,48.7,48,47.1,46.1
732,"ESH","Western Sahara",89.7,89.7,89.7,89.7,89.7,89.7,89.3,89.2,89.5,89.6,90.2,90.5,90.7,90.7,90.7,90.7,90.7,90.6,90.6,90.5,90.5,90.4,90.4,90.3,90.3,90.2,90.2,90.2,90.2,90.2
887,"YEM","Yemen",77.1,77.1,77.1,77.1,77.1,77.1,76.3,75.3,74.4,73.5,72.7,71.8,71,70.2,69.4,68.5,67.7,66.8,65.9,64.9,64.2,63.3,62.3,61.6,60.7,59.8,58.8,57.9,57.4,56.5
894,"ZMB","Zambia",59.7,59.7,59.7,59.7,59.7,59.7,59.6,59.6,59.6,59.6,59.6,59.6,59.6,59.6,59.6,59.6,59.6,59.6,59.6,59.6,59.6,59.6,59.6,59.6,59.6,59.6,59.6,59.6,59.6,59.6
716,"ZWE","Zimbabwe",33.8,33.8,33.8,33.8,33.8,33.8,33.6,33.4,33.2,33.2,33.1,33.1,33,33,33,33,33,32.9,32.9,32.8,32.7,32.7,32.7,32.7,32.7,32.7,32.7,32.7,32.7,32.7
