"code","iso","country","TBN.ind.1995","TBN.ind.1996","TBN.ind.1997","TBN.ind.1998","TBN.ind.1999","TBN.ind.2000","TBN.ind.2001","TBN.ind.2002","TBN.ind.2003","TBN.ind.2004","TBN.ind.2005","TBN.ind.2006","TBN.ind.2007","TBN.ind.2008","TBN.ind.2009","TBN.ind.2010","TBN.ind.2011","TBN.ind.2012","TBN.ind.2013","TBN.ind.2014","TBN.ind.2015","TBN.ind.2016","TBN.ind.2017","TBN.ind.2018","TBN.ind.2019","TBN.ind.2020","TBN.ind.2021","TBN.ind.2022","TBN.ind.2023","TBN.ind.2024"
4,"AFG","Afghanistan",0,0,0,0,0,0,0,0,0,0,0,0,0,0,0.3,0.3,0.3,0.3,0.3,0.3,0.3,5.5,5.5,5.5,7.9,11.7,11.7,11.7,11.7,11.7
8,"ALB","Albania",4.4,11.4,11.9,11.9,17.9,17.9,17.9,17.9,18.7,21,26.6,32.7,37.2,45.1,45.1,46,51.2,54.2,55.5,55.5,55.5,55.5,55.5,60.7,60.7,60.7,60.7,60.7,60.7,60.7
12,"DZA","Algeria",0.2,0.2,0.2,0.2,0.2,0.2,3,3,4,4.2,4.2,4.2,4.2,4.2,4.2,4.2,4.2,4.2,4.2,4.2,4.2,4.2,4.2,4.2,4.3,4.3,4.3,4.3,4.3,4.3
20,"AND","Andorra",17.9,17.9,17.9,17.9,17.9,59.7,59.7,59.7,59.9,59.9,59.9,59.9,59.9,59.9,59.9,59.9,59.9,59.9,89.7,89.7,89.7,89.7,89.7,89.7,89.7,89.7,89.7,89.7,89.7,89.7
24,"AGO","Angola",17.1,17.1,17.1,17.1,17.1,17.1,17.1,17.1,17.1,17.1,17.1,17.1,17.1,17.1,17.1,17.1,34.1,34.1,34.1,34.1,34.1,34.1,34.1,34.1,34.1,34.1,34.1,34.1,34.1,34.1
660,"AIA","Anguilla",0,0,0,0,0,0,0,0,0,0,0,0,0,0,0,0,0,0,0,0,0,0,0,0,0,0,0,0,0,0
28,"ATG","Antigua and Barbuda",18.1,18.1,18.1,18.1,18.1,18.1,18.1,18.1,18.1,18.1,50.7,50.7,50.7,51.5,51.5,51.5,51.5,51.5,51.5,51.5,51.5,51.5,51.5,51.5,51.5,51.5,51.5,51.5,51.5,51.5
32,"ARG","Argentina",16.9,17.2,17.9,18,19.2,20.6,21.3,21.6,22.5,23.4,23.8,24.1,24.1,24.3,25.6,25.6,25.9,26,26,26.2,26.8,26.8,26.9,27.1,27.1,27.1,27.8,27.9,27.9,27.9
51,"ARM","Armenia",62.2,62.2,62.2,62.2,62.2,62.2,62.3,66.6,66.6,66.6,66.6,66.6,66.7,66.7,76.4,76.4,76.4,76.4,77.2,77.2,77.2,77.2,77.2,77.2,77.2,77.2,77.2,77.2,77.2,77.2
533,"ABW","Aruba",1.2,1.2,1.2,1.2,1.2,39.2,39.2,39.2,39.2,39.2,39.2,39.2,39.2,39.2,39.2,39.2,39.2,39.2,39.2,39.2,39.2,39.2,39.2,39.2,39.2,39.2,39.2,39.2,39.2,39.2
36,"AUS","Australia",18.5,18.8,19,19.2,19.9,21.3,21.5,26.6,27,27.4,27.9,28.7,31.6,32.2,34.6,35.8,38.5,44.2,50.2,54.7,59.3,61.6,62.3,62.9,63.5,67.1,67.1,67.1,67.1,67.1
40,"AUT","Austria",57.8,62.7,66.7,69.6,70.5,70.9,72.9,77,77.2,78.4,80,83.6,83.7,83.8,84,84.5,85.7,85.7,85.8,85.9,86,86,86,86,86,86.6,86.9,86.9,86.9,86.9
31,"AZE","Azerbaijan",16.5,16.5,16.5,16.5,16.5,16.5,18.3,18.3,23,25.2,25.2,28.8,28.8,29.7,31.3,31.3,31.3,31.3,31.3,31.3,31.3,31.3,31.3,31.4,31.4,31.4,31.4,31.4,31.4,31.4
44,"BHS","Bahamas",2.5,2.5,21.2,21.2,21.2,21.2,21.2,28.3,28.3,28.3,28.3,28.3,28.3,28.3,28.3,28.3,28.3,79.3,79.3,79.3,82.6,82.6,82.6,82.6,82.6,82.6,82.6,82.6,82.6,82.6
48,"BHR","Bahrain",2.7,2.7,2.7,2.7,2.7,2.7,2.7,2.7,2.9,2.9,2.9,8.7,8.7,8.7,8.7,8.7,8.7,8.7,8.7,8.7,8.7,8.7,8.7,8.7,8.7,8.7,8.7,8.7,8.7,8.7
50,"BGD","Bangladesh",11.6,11.6,11.6,11.6,11.8,12,12.2,12.2,12.2,12.2,12.2,12.2,12.2,12.2,12.5,13,13.1,13.1,13.1,13.1,13.1,13.1,13.5,13.5,13.7,13.9,14,14,14,14
52,"BRB","Barbados",1.6,1.6,1.6,1.6,1.6,1.6,1.6,1.6,1.6,1.6,1.6,1.6,1.6,1.6,1.6,1.6,1.6,1.6,1.6,1.6,1.6,1.6,1.6,1.6,1.6,1.6,1.6,1.6,1.6,1.6
112,"BLR","Belarus",43.9,44,44,44,44,44,44.1,44.1,44.1,44.1,44.1,44.1,44.1,44.1,44.1,44.8,44.8,44.8,45.4,45.4,45.5,45.5,45.5,45.5,45.5,45.5,45.5,45.5,45.5,45.5
56,"BEL","Belgium",11.4,11.5,11.7,11.8,12.2,13,13.2,13.4,23.2,23.3,23.4,23.4,23.5,23.6,24,24,24,24,24.1,28.8,30.3,48.9,49,49.2,51.2,51.4,51.6,51.6,51.6,51.6
84,"BLZ","Belize",92,92.9,92.9,93.6,93.6,93.6,94.1,94.2,94.2,94.2,94.2,94.2,94.3,94.3,94.3,94.3,94.3,94.6,94.6,94.6,94.6,94.6,94.6,94.6,94.6,94.6,94.6,94.6,94.6,94.6
204,"BEN","Benin",79.1,79.1,79.1,79.1,79.1,83.1,83.1,83.1,83.1,83.1,83.1,83.1,86.1,86.1,86.1,86.1,86.1,86.1,86.1,86.1,86.1,86.1,86.1,86.1,86.1,86.1,86.1,86.1,86.1,86.1
60,"BMU","Bermuda",7.5,7.5,7.5,7.5,7.6,7.6,7.6,7.6,7.6,7.6,7.6,7.6,7.6,7.7,7.7,7.7,7.7,7.7,7.7,7.7,7.7,7.7,7.7,7.7,7.7,7.7,7.7,7.7,7.7,7.7
64,"BTN","Bhutan",75.8,75.8,75.8,75.8,76.4,76.4,76.4,76.4,76.4,76.4,76.4,76.4,76.4,80.1,80.1,80.1,80.1,80.2,80.2,80.2,80.2,80.2,80.2,80.2,80.2,80.2,80.2,80.2,80.2,80.2
68,"BOL","Bolivia",54.9,56.3,66.1,67.4,67.4,68.6,71.5,74.6,74.7,75.9,76.4,76.5,80.9,80.9,80.9,81.5,81.5,81.5,85,85,85,85,85,85,85,85,85,85,85,85
70,"BIH","Bosnia and Herzegovina",4.4,4.4,4.4,4.4,4.4,4.4,4.4,4.5,4.6,4.6,4.7,4.8,5,10.5,11,11,11.2,11.2,11.2,11.2,11.2,11.2,11.6,11.7,11.8,12.9,13.2,13.2,13.2,13.2
72,"BWA","Botswana",63,87.4,87.4,87.4,87.4,87.4,87.4,87.4,87.4,87.4,87.4,87.4,87.4,87.4,87.4,87.4,87.4,87.4,87.4,87.4,87.4,87.4,87.4,87.4,87.4,87.4,87.4,87.4,87.4,87.4
76,"BRA","Brazil",29,30.5,34.1,38.3,41,46.1,50.4,58.8,61,64.7,68.8,74.9,74.9,75.1,75.2,75.6,75.6,75.6,75.7,75.7,76,76,76.1,76.5,76.5,76.6,76.6,76.7,76.7,76.7
92,"VGB","British Virgin Islands",7.1,7.1,7.1,7.6,31.7,31.7,31.7,31.7,32,32,32,32,32,32,32,32,32,32,32,32,32,32,32,32,32,32,32,32,32,32
96,"BRN","Brunei Darussalam",100,100,100,100,100,100,100,100,100,100,100,100,100,100,100,100,100,100,100,100,100,100,100,100,100,100,100,100,100,100
100,"BGR","Bulgaria",15.4,15.4,15.4,15.4,15.4,16.1,16.4,49.5,49.6,49.6,49.6,49.7,96.9,99.9,99.9,99.9,99.9,99.9,99.9,99.9,99.9,99.9,99.9,99.9,99.9,99.9,99.9,99.9,99.9,99.9
854,"BFA","Burkina Faso",42.6,42.6,42.6,42.6,42.6,43.8,45.2,45.3,45.3,45.3,45.3,45.3,45.6,45.7,54.1,54.1,54.1,54.1,54.1,54.1,54.1,54.3,54.4,54.4,54.4,54.4,54.4,54.4,54.4,54.4
108,"BDI","Burundi",18.9,18.9,18.9,18.9,18.9,19.9,19.9,20.3,20.3,20.3,20.3,20.3,20.3,20.3,20.3,20.3,20.4,20.4,26.4,26.4,26.4,26.4,26.4,26.4,26.4,26.4,26.4,26.4,26.4,26.4
132,"CPV","Cabo Verde",8.3,8.3,8.3,8.3,8.3,8.3,8.3,8.3,8.3,8.3,9.4,9.4,9.4,9.4,9.4,9.4,9.4,9.4,9.6,9.6,9.6,9.6,9.6,9.6,9.6,9.6,9.6,9.6,9.6,9.6
116,"KHM","Cambodia",45.8,46.1,46.1,46.1,46.3,46.3,46.5,46.5,46.5,46.5,46.5,46.5,46.5,46.5,46.5,46.5,46.5,46.5,46.5,46.5,46.9,86.6,100,100,100,100,100,100,100,100
120,"CMR","Cameroon",7.4,7.9,7.9,7.9,7.9,12.9,14.4,14.4,14.4,15.7,19.6,19.6,23.7,24.5,25,26.2,26.2,30.3,30.3,31.5,32.2,32.2,32.2,33.1,33.1,33.1,33.1,33.1,33.1,33.1
124,"CAN","Canada",17.4,18,18.3,19.2,20,20.3,21.1,21.2,23,23.4,24.2,24.4,24.9,25.8,26.7,27,27.8,29.2,30.4,30.5,31.7,32,32.2,34.4,35.6,35.8,36.1,36.2,36.2,36.2
136,"CYM","Cayman Islands",25.7,25.7,29.1,29.1,29.1,29.1,29.1,29.1,29.1,29.2,29.2,29.2,29.2,29.2,29.2,30.2,30.2,30.2,30.6,30.7,30.7,30.7,30.7,30.7,30.7,30.7,30.7,30.7,30.7,30.7
140,"CAF","Central African Republic",59.2,59.2,59.2,59.2,59.2,59.2,59.2,59.2,59.2,59.2,59.5,59.5,59.5,59.5,59.5,59.5,59.5,59.5,59.5,59.5,59.5,59.5,59.5,59.5,59.5,59.5,59.5,59.5,59.5,59.5
148,"TCD","Chad",39.1,39.1,39.1,39.1,39.1,39.1,41,41,41,43.1,50.7,57.6,57.6,61.3,61.3,61.5,61.5,61.5,61.5,61.5,61.5,61.5,61.5,61.5,61.5,61.5,61.5,61.5,61.5,61.5
152,"CHL","Chile",43.5,44.1,44.1,44.2,44.2,44.4,44.4,44.4,44.4,44.5,47.6,47.6,47.6,47.7,47.9,48.2,48.2,48.2,48.2,48.7,48.9,48.9,48.9,51.3,54.7,54.7,54.7,54.9,54.9,54.9
156,"CHN","China",0.5,0.5,0.5,0.5,0.6,0.6,0.6,1.1,1.1,1.2,1.2,1.2,1.2,1.3,1.3,1.3,1.5,1.5,1.6,1.6,1.6,1.6,1.6,2.6,2.6,2.6,2.6,2.6,2.6,2.6
170,"COL","Colombia",36.4,36.5,36.5,36.5,36.5,36.5,36.5,39.7,39.7,39.7,41.2,41.7,43.2,44,48.1,48.1,48.5,48.7,48.9,49.2,49.9,50.2,50.9,52.9,53.5,53.5,53.5,53.5,53.5,53.5
174,"COM","Comoros",2.3,2.3,2.3,2.3,2.3,2.3,2.3,2.3,2.3,2.3,2.3,34,34,34,34,100,100,100,100,100,100,100,100,100,100,100,100,100,100,100
184,"COK","Cook Islands",3,3,3,3,3,3,3,3,3,3,3,3,3,3,3,3,3,3,3,3,3,3,3,3,3,3,3,3,3,3
188,"CRI","Costa Rica",72.6,73.2,73.2,73.7,73.8,79.9,80.1,80.2,80.5,80.9,80.9,80.9,80.9,80.9,81,84.4,84.4,84.4,84.4,84.5,84.5,84.5,84.5,84.5,84.8,84.8,84.8,84.8,84.8,84.8
384,"CIV","Cote d'Ivoire",75.5,75.6,75.6,75.6,75.6,75.6,75.6,75.6,75.6,75.6,76.2,76.2,76.2,76.2,76.2,76.2,76.2,76.2,76.2,76.2,76.2,76.2,76.2,76.3,76.3,76.3,76.3,76.3,76.3,76.3
191,"HRV","Croatia",27.9,27.9,27.9,28.1,33.2,33.3,34.2,34.2,34.4,34.4,34.4,35.3,35.3,35.3,35.3,35.3,40.4,40.4,99,100,100,100,100,100,100,100,100,100,100,100
192,"CUB","Cuba",0,0,0,0,0,0,24.3,29.8,29.8,29.8,29.8,29.8,29.8,30.4,30.4,39.5,39.5,41.7,41.7,41.7,41.7,41.7,41.7,41.7,41.7,41.7,41.7,41.7,41.7,41.7
531,"CUW","Curacao",26.8,26.8,26.8,26.8,26.8,26.8,26.8,26.8,26.8,26.8,26.8,26.8,26.8,26.8,26.8,26.8,26.8,26.8,54.9,54.9,54.9,54.9,54.9,55.9,55.9,55.9,55.9,55.9,55.9,55.9
196,"CYP","Cyprus",23.8,23.9,23.9,23.9,23.9,24.3,24.8,24.8,25.6,27.2,33.8,33.8,49.3,55.6,55.8,55.8,57.2,57.2,58.3,100,100,100,100,100,100,100,100,100,100,100
203,"CZE","Czech Republic",48.8,48.9,48.9,49,49.3,49.4,49.4,49.4,49.4,56.9,61.1,61.3,61.3,62.7,63,63,63.6,63.8,64.1,64.3,65.9,66.5,68.4,69.7,69.8,69.9,69.9,69.9,69.9,69.9
180,"COD","Dem. Rep. Congo",27.8,27.9,27.9,27.9,27.9,27.9,27.9,27.9,27.9,27.9,27.9,29.8,33.8,41.5,41.5,41.5,41.5,41.6,41.6,41.6,41.6,42.9,45.7,45.7,45.8,45.8,45.8,45.8,45.8,45.8
208,"DNK","Denmark",44.7,44.8,44.8,44.8,44.8,44.8,44.9,44.9,45,45,45.1,45.1,45.1,45.2,45.5,45.5,48,48,48,48,48,48,48,48,48,48,48,48,48,48
262,"DJI","Djibouti",0,0,0,0,0,0,0,0.3,0.3,0.3,0.3,0.3,0.3,0.3,0.3,0.3,0.3,0.3,4.4,4.4,4.4,4.4,4.4,4.4,4.4,4.4,4.4,4.4,4.4,4.4
212,"DMA","Dominica",55.6,55.6,55.6,55.6,55.6,70.4,70.4,70.4,70.4,70.4,70.4,70.4,70.4,70.4,70.4,70.4,70.4,70.4,70.4,70.4,70.4,70.4,70.4,70.4,70.4,70.4,70.4,70.4,70.4,70.4
214,"DOM","Dominican Republic",17.1,17.1,17.1,17.1,17.1,17.1,17.1,18.2,18.2,55.6,55.6,55.6,55.6,55.6,65.9,65.9,67,67,68.9,68.9,68.9,68.9,68.9,68.9,68.9,68.9,69.9,69.9,69.9,69.9
218,"ECU","Ecuador",21.5,31.2,31.2,31.2,38.9,39.3,39.5,39.8,40.2,46.8,46.8,47,47,47,47,52.9,52.9,53.7,53.7,54.8,54.8,54.8,62.5,62.9,63.2,63.3,63.6,63.8,63.9,63.9
818,"EGY","Egypt",9.4,19.1,19.1,20.2,20.2,20.2,20.2,23.8,25.4,25.4,25.4,25.4,42.7,42.7,42.7,42.7,42.7,42.7,42.7,42.7,42.7,42.7,42.7,42.7,42.7,42.7,42.7,42.7,42.7,42.7
222,"SLV","El Salvador",0,0,0.3,0.3,0.3,0.3,0.3,0.3,0.3,0.3,13.7,13.7,14.5,15.2,15.6,18.4,22.8,22.8,22.8,23.5,23.8,23.9,24,24,24.1,24.1,24.1,24.1,24.1,24.1
226,"GNQ","Equatorial Guinea",23.9,23.9,23.9,23.9,23.9,58.9,58.9,58.9,59.2,59.2,59.2,59.2,59.2,59.2,59.2,59.2,59.2,59.2,59.2,59.2,59.2,59.2,59.2,59.2,59.2,59.2,59.2,59.2,59.2,59.2
232,"ERI","Eritrea",0,0,0,0,0,0,0,0,0,0,0,0,0,0,0,0,0,0,0,0,0,0,0,0,0,0,0,0,0,0
233,"EST","Estonia",2,2,12.7,12.7,12.8,12.8,12.9,12.9,14,44.7,50,55.2,58.7,58.7,59.2,59.9,60.7,60.7,60.9,61.3,61.5,61.8,62.4,62.9,65.3,65.7,66.2,66.2,66.2,66.2
748,"SWZ","Eswatini",13.3,13.3,13.3,13.3,13.3,13.3,13.3,13.3,13.3,13.3,13.3,13.3,13.3,13.3,13.3,13.3,13.3,13.3,13.5,13.5,14,14,14,14,14,14,14,14,14,14
231,"ETH","Ethiopia",34.3,34.3,34.3,34.5,34.5,34.8,34.8,34.8,34.8,34.8,35,36.2,36.8,36.8,36.8,37.8,41,41.2,41.5,41.5,42.1,42.7,56.5,56.5,56.5,56.5,56.5,56.5,56.5,56.5
234,"FRO","Faeroe Islands",0,0,0,0,0,0,0,0,0,0,0,0,0,0,0,0,0,7.3,7.3,7.3,7.3,7.3,7.3,7.3,7.3,7.3,7.3,7.3,7.3,7.3
238,"FLK","Falkland Islands",1.5,1.5,1.5,1.5,1.5,1.5,1.8,1.8,1.8,1.8,1.8,1.8,1.8,1.8,1.8,1.8,1.8,1.8,1.8,1.8,1.8,1.8,1.8,1.8,1.8,1.8,1.8,1.8,1.8,1.8
242,"FJI","Fiji",4.1,4.1,4.3,4.3,4.3,4.3,4.3,4.3,4.3,4.5,4.5,8.1,8.1,8.1,8.1,8.1,8.1,8.1,8.1,8.1,8.1,8.1,8.1,8.1,8.1,8.1,8.1,8.1,8.1,8.1
246,"FIN","Finland",27,27.1,27.1,31.6,31.6,31.7,31.7,31.8,31.8,33.2,33.5,33.6,33.6,33.7,33.7,33.8,33.8,33.9,34,34.6,41.5,41.6,42,42.1,42.1,42.2,42.4,42.4,42.4,42.4
250,"FRA","France",41,43,43.8,47.2,48.8,48.8,50.3,50.3,50.7,53.8,54.1,56.2,57.3,58.1,62.6,63,64.2,64.4,64.5,68.8,70.5,71.8,72.7,77.6,81.2,82.4,83,83,83,83
258,"PYF","French Polynesia",3,3,3,3,3,3,3,3,3,3,3,3,3,5.7,5.7,5.7,5.7,5.7,5.7,5.7,5.7,5.7,5.7,5.7,5.7,5.7,5.7,5.7,5.7,5.7
266,"GAB","Gabon",17,17,17,20,20,20,20,49.2,49.2,49.2,49.2,49.2,54.3,54.3,72.9,72.9,72.9,72.9,72.9,72.9,72.9,72.9,73.2,73.2,73.2,73.2,73.2,73.2,73.2,73.2
270,"GMB","Gambia",7.8,15.9,15.9,15.9,15.9,15.9,15.9,15.9,17.6,17.6,17.6,17.6,17.7,17.9,17.9,17.9,17.9,17.9,17.9,25.3,25.3,25.3,25.3,25.3,25.3,25.3,25.3,25.3,25.3,25.3
268,"GEO","Georgia",10,10.6,10.6,11.9,11.9,11.9,11.9,11.9,19.1,19.1,19.1,19.9,25.6,25.6,25.6,25.6,26.4,26.7,26.8,30.6,30.6,30.6,30.6,30.6,30.6,30.6,36.5,36.5,36.5,36.5
276,"DEU","Germany",51.5,53.8,58.2,62.5,64.5,68,74.9,76.1,78.1,86.9,91,95.9,100,100,100,100,100,100,100,100,100,100,100,100,100,100,100,100,100,100
288,"GHA","Ghana",48.5,48.5,48.5,48.5,48.5,48.5,48.5,48.5,49,49,49,49,49,49,49,49,49,49,49,49,49,49,49,49,49,49,49,49,49,49
300,"GRC","Greece",31.9,32.4,38.4,38.7,38.9,39.2,46.7,56.3,57.2,58.5,62.9,64,65.1,75.2,79.5,93.6,100,100,100,100,100,100,100,100,100,100,100,100,100,100
304,"GRL","Greenland",100,100,100,100,100,100,100,100,100,100,100,100,100,100,100,100,100,100,100,100,100,100,100,100,100,100,100,100,100,100
308,"GRD","Grenada",25.5,26.6,26.6,26.6,26.6,26.6,26.6,26.6,26.6,26.6,26.6,26.6,26.6,26.6,26.6,26.6,26.6,27.3,27.3,27.3,27.3,27.3,27.3,27.3,27.3,27.3,27.3,27.3,27.3,27.3
320,"GTM","Guatemala",44,46.6,48.2,48.4,48.6,49.9,50.1,50.2,51.4,51.7,53.3,64.8,65,65.2,65.3,65.5,65.5,65.5,65.7,66.2,66.2,66.3,66.4,66.4,66.6,66.6,66.6,66.6,66.6,66.6
831,"GGY","Guernsey",0,0,0,0,0,0,0,0,0,0,0,0,0.1,0.1,0.1,0.1,0.1,0.1,0.1,0.1,0.1,0.1,0.1,0.1,0.1,0.1,0.1,0.1,0.1,0.1
324,"GIN","Guinea",34.7,34.7,34.7,34.7,34.7,34.7,34.7,88.6,88.6,88.6,93.6,93.6,95.6,95.6,95.6,95.6,95.6,95.6,95.6,95.6,95.6,95.6,95.6,95.6,95.6,95.6,95.6,95.6,95.6,95.6
624,"GNB","Guinea-Bissau",46.5,46.5,46.5,46.5,46.5,59.3,59.3,59.3,59.3,59.3,61.5,61.5,71.9,71.9,71.9,71.9,71.9,71.9,71.9,79.2,87.9,87.9,87.9,87.9,87.9,87.9,87.9,87.9,87.9,87.9
328,"GUY","Guyana",1,6.9,6.9,6.9,6.9,6.9,6.9,6.9,6.9,6.9,6.9,6.9,16.6,16.6,16.6,16.6,27.8,27.8,27.8,27.8,27.8,27.8,27.8,27.8,27.8,27.8,27.8,27.8,27.8,27.8
332,"HTI","Haiti",6.9,6.9,6.9,6.9,6.9,6.9,6.9,6.9,6.9,6.9,6.9,6.9,6.9,6.9,6.9,6.9,6.9,6.9,7.3,12.7,15.5,15.5,21.7,21.7,21.7,21.7,25,25,25,25
336,"VAT","Holy See",0,0,0,0,0,0,0,0,0,0,0,0,0,0,0,0,0,0,0,0,0,0,0,0,0,0,0,0,0,0
340,"HND","Honduras",51.9,51.9,51.9,51.9,55.2,55.2,55.2,55.2,55.2,55.2,55.8,57,57,57,57,57.2,57.2,59.3,59.5,59.5,59.5,60.2,60.2,60.2,60.2,60.2,60.2,60.2,60.2,60.2
344,"HKG","Hong Kong",100,100,100,100,100,100,100,100,100,100,100,100,100,100,100,100,100,100,100,100,100,100,100,100,100,100,100,100,100,100
348,"HUN","Hungary",22.7,24.4,30,30.8,31.1,31.1,31.1,32.6,32.6,57.3,57.4,57.7,57.8,57.8,57.8,74.6,74.8,75,75,75,75,75,75,75,75,75,75,75,75,75
352,"ISL","Iceland",13.7,13.7,13.7,13.7,13.7,13.7,14.4,14.4,14.7,14.7,16.1,16.1,16.2,16.2,44.4,44.4,44.5,44.6,45.1,45.1,45.1,45.3,45.3,45.3,45.3,46.8,47.6,47.6,47.6,47.6
356,"IND","India",0.2,0.2,0.2,0.2,0.2,0.2,0.2,0.6,0.6,0.6,0.6,0.6,0.6,0.6,0.6,0.6,0.6,0.7,0.7,0.7,0.7,0.7,0.7,0.7,0.7,0.7,0.7,0.7,0.7,0.7
360,"IDN","Indonesia",35.9,35.9,37.3,37.3,37.3,37.4,37.4,37.4,37.6,37.6,37.6,38.1,38.1,38.1,38.1,38.1,38.2,38.2,38.2,38.2,38.2,38.2,38.2,38.2,38.2,38.2,38.2,38.2,38.2,38.2
364,"IRN","Iran",18,18.7,18.7,18.7,18.7,19.1,22.5,23.1,23.2,23.2,23.2,23.2,23.2,23.2,23.2,23.2,23.2,23.2,23.2,23.2,23.2,23.2,23.2,23.2,23.2,23.2,23.2,23.2,23.2,23.2
368,"IRQ","Iraq",0,0,0,0,0,0,0,0,0.9,0.9,0.9,0.9,1.9,1.9,1.9,1.9,1.9,1.9,2.9,4.9,4.9,4.9,4.9,4.9,4.9,4.9,4.9,4.9,4.9,4.9
372,"IRL","Ireland",32.4,33.2,33.2,33.2,33.2,33.2,33.2,33.2,33.7,33.7,35.6,36.3,43.7,43.7,43.7,43.8,43.9,43.9,43.9,43.9,43.9,44.1,44.5,45.1,46.4,47,47,47,47,47
833,"IMN","Isle of Man",1.9,3.9,3.9,3.9,3.9,4,4.3,4.3,4.3,4.6,5.7,6,6.2,12.4,12.8,12.8,13.1,13.2,13.2,13.2,13.2,13.2,13.2,13.2,13.2,13.2,13.4,14.3,14.3,14.3
376,"ISR","Israel",47.1,47.1,47.1,47.1,47.1,47.2,47.4,47.9,56.5,56.8,57.5,57.5,58.7,66.8,67.8,68.1,68.3,68.3,68.4,68.5,68.5,68.6,68.8,69.2,69.5,69.5,69.5,69.5,69.5,69.5
380,"ITA","Italy",26.8,29.4,31.9,35.1,37,38,38.1,38.5,41.7,44,49.3,51.7,55.2,55.3,57.3,57.3,57.3,57.4,57.9,59.5,61,63.7,67.5,69.4,72.1,72.1,72.1,72.1,72.1,72.1
388,"JAM","Jamaica",36,36,50.4,50.7,60.5,60.5,60.5,60.5,60.5,62,62.1,62.1,62.1,62.1,62.1,62.1,62.1,62.1,62.1,62.5,62.5,63.1,63.1,63.1,63.1,63.1,63.4,63.4,63.4,63.4
392,"JPN","Japan",79.5,79.6,79.6,79.6,79.7,80,80.6,81.1,81.5,82.4,82.8,83.5,85.2,85.3,85.9,86.6,87.4,88.5,89.7,91.2,91.9,93.2,93.9,94.8,94.9,95.1,95.1,95.1,95.1,95.1
832,"JEY","Jersey",51.7,51.8,51.8,51.8,51.8,51.8,51.8,51.8,51.8,51.8,51.8,51.8,51.9,51.9,52.7,52.7,52.7,52.7,52.7,52.7,52.7,52.7,52.7,52.7,52.7,52.7,52.7,52.7,52.7,52.7
400,"JOR","Jordan",2.3,2.3,2.3,2.3,2.3,2.3,2.3,2.3,2.3,2.3,2.3,2.3,2.3,2.3,2.3,2.4,2.9,3,3.1,3.1,3.1,3.2,3.2,12.2,12.2,12.2,12.2,12.2,12.2,12.2
398,"KAZ","Kazakhstan",2,3.6,3.6,3.9,3.9,4,16.2,16.2,17.4,17.5,27.3,27.5,29,29,30.3,30.3,30.5,32.3,32.3,32.3,32.3,32.3,32.3,32.6,32.6,32.6,32.6,32.6,32.6,32.6
404,"KEN","Kenya",37.4,37.4,37.4,37.4,37.4,38,38.2,38.4,38.4,38.6,38.6,38.7,38.7,38.7,38.9,39.2,39.2,40.1,40.1,40.1,40.1,40.1,40.1,40.1,40.1,40.2,40.2,40.2,40.2,40.2
296,"KIR","Kiribati",20.1,20.1,20.1,20.1,57.7,57.7,57.7,57.7,57.7,57.7,57.7,57.7,57.7,57.7,57.7,57.7,57.7,57.7,58.3,58.3,58.3,58.3,58.3,58.3,58.3,58.3,58.3,58.3,58.3,58.3
689,"XKX","Kosovo",2.9,2.9,2.9,2.9,2.9,2.9,2.9,2.9,2.9,2.9,2.9,2.9,2.9,2.9,2.9,2.9,2.9,34,34,34.1,35.9,35.9,35.9,35.9,35.9,35.9,36,36,36,36
414,"KWT","Kuwait",6.6,6.6,9.3,9.3,9.3,9.3,9.3,9.3,9.3,9.3,9.3,9.3,9.3,9.3,9.3,17,54.8,54.8,54.8,55.2,55.2,55.2,55.2,55.2,55.2,55.2,55.2,55.3,55.3,55.3
417,"KGZ","Kyrgyzstan",11,11.5,11.5,11.5,11.5,11.5,11.5,11.5,11.5,11.5,11.6,11.6,11.6,11.6,11.6,11.6,11.7,11.7,11.7,11.7,11.7,11.7,11.7,11.7,11.7,11.7,11.7,11.7,11.7,11.7
418,"LAO","Laos",27.1,29.3,29.3,29.3,29.3,29.3,29.3,29.3,29.3,29.3,29.6,29.6,29.6,31.7,32.5,32.7,34.8,37.3,37.3,37.3,37.3,37.3,37.3,37.3,50.3,53.6,62.3,63,63,63
428,"LVA","Latvia",22,22,46.1,46.1,49.2,49.2,49.3,51.8,51.8,60.1,60.1,60.1,60.1,60.1,60.3,60.3,60.3,60.3,60.3,60.3,60.3,60.3,60.3,60.3,60.4,60.4,60.4,60.4,60.4,60.4
422,"LBN","Lebanon",0.7,3.8,3.8,3.8,5,5,5,5,5,5,5,5,5,5,5,5.8,5.8,5.8,5.8,5.8,5.8,5.8,5.8,5.8,5.8,6.2,6.2,6.2,6.2,6.2
426,"LSO","Lesotho",69.8,69.8,69.8,69.8,69.8,69.8,69.8,69.8,69.8,69.9,69.9,69.9,69.9,69.9,69.9,69.9,69.9,69.9,69.9,69.9,69.9,69.9,69.9,69.9,69.9,69.9,69.9,69.9,69.9,69.9
430,"LBR","Liberia",5.4,5.4,5.4,5.4,5.4,5.4,5.4,5.4,12.2,12.2,12.2,12.7,12.7,12.7,12.7,12.7,12.7,12.7,12.7,12.7,12.7,12.7,12.7,12.7,12.7,12.7,12.7,12.7,12.7,12.7
434,"LBY","Libya",0.4,0.4,0.4,0.4,0.4,0.4,0.4,0.4,0.4,0.4,0.4,0.4,0.4,0.4,0.4,0.4,0.4,0.4,0.4,0.4,0.4,0.4,0.4,0.4,0.4,0.4,0.4,0.4,0.4,0.4
438,"LIE","Liechtenstein",72.4,72.4,72.4,72.4,72.4,74.3,74.3,74.3,74.3,74.3,74.3,74.3,74.3,74.3,74.3,74.3,74.3,74.3,74.3,74.5,74.5,74.5,74.5,74.5,74.5,74.5,74.5,74.5,74.5,74.5
440,"LTU","Lithuania",44.3,44.3,44.3,44.6,44.6,44.6,44.6,45.2,45.2,53.6,54.8,54.8,54.8,54.8,55.9,56,56,56,56,56.1,56.1,56.1,56.1,56.2,56.4,56.5,56.5,56.5,56.5,56.5
442,"LUX","Luxembourg",83,83,83,83.5,100,100,100,100,100,100,100,100,100,100,100,100,100,100,100,100,100,100,100,100,100,100,100,100,100,100
446,"MAC","Macao",0,0,0,0,0,0,0,0,0,0,0,0,0,0,0,0,0,0,0,0,0,0,0,0,0,0,0,0,0,0
450,"MDG","Madagascar",11.8,11.8,16.8,17.2,17.2,17.2,17.2,17.2,21.3,21.3,21.3,21.3,21.4,21.4,21.4,23.5,23.5,23.5,23.5,23.5,23.5,23.5,24.3,24.3,24.3,24.3,24.3,24.3,24.3,24.3
454,"MWI","Malawi",63.3,67.3,67.3,67.3,67.3,67.3,67.3,67.3,67.3,67.3,67.3,67.3,67.3,67.3,67.3,67.3,67.3,67.3,67.3,67.3,75.9,75.9,77.6,77.6,77.6,77.6,77.6,77.6,77.6,77.6
458,"MYS","Malaysia",14.8,14.8,15.4,15.4,15.8,16.2,16.5,19.6,19.7,19.7,20.6,21.5,26.1,28,28.4,29.5,30.4,31.3,35.7,39.8,42.6,42.8,42.8,42.8,42.8,42.8,42.8,42.8,42.8,42.8
462,"MDV","Maldives",0,0,0,0,0,0,0,0,0,0,0,0.1,0.1,0.1,0.1,0.1,0.1,1.3,1.3,1.3,1.3,1.3,1.3,4,4.5,5.9,5.9,5.9,5.9,5.9
466,"MLI","Mali",10.1,10.1,10.1,10.1,10.1,10.1,10.2,10.7,10.7,17.6,17.6,18,18.1,18.1,18.1,18.3,18.4,18.6,18.9,18.9,18.9,19,19,19,19,19,19,19,19,19
470,"MLT","Malta",18.4,49.5,49.5,49.5,50.3,52.8,65.5,65.9,70.1,70.1,70.1,75,76.7,80.8,81.1,82.1,84.3,94.1,94.1,94.1,94.1,94.1,94.2,94.2,95.2,95.2,95.2,95.2,95.2,95.2
584,"MHL","Marshall Islands",2.9,2.9,2.9,2.9,2.9,2.9,2.9,2.9,2.9,2.9,2.9,2.9,2.9,2.9,2.9,2.9,2.9,2.9,2.9,2.9,2.9,2.9,2.9,2.9,2.9,2.9,2.9,2.9,2.9,2.9
478,"MRT","Mauritania",2,2,2,2,2,2,2,2,2,2,2,2,2,2,2,2,2,2,2,2,2,2,2,2,2,2,2,2,2,2
480,"MUS","Mauritius",10.5,10.5,10.5,10.5,10.5,14.3,14.4,14.4,14.4,14.6,14.6,14.6,15.1,15.1,15.1,15.1,15.7,15.7,15.7,15.7,15.7,15.7,15.7,15.7,15.7,15.7,15.7,15.7,15.7,15.7
484,"MEX","Mexico",12.8,13.1,14,15.2,15.7,23.3,24.3,31.3,32.9,34.3,34.8,35.7,36.7,40.6,43.2,43.6,44.2,44.5,45,45,45.1,45.6,46,46.1,46.2,46.2,46.5,46.5,46.5,46.5
583,"FSM","Micronesia",0,0,0,0,0,0,0,0,0,0,0,0,0,0,0,0,0,0,0,0,0,0,0,0,0,0,0,0,0,0
498,"MDA","Moldova",28.7,28.8,28.8,28.8,28.8,29.8,29.8,29.8,34.8,34.8,35.3,35.3,35.3,35.3,35.3,35.3,35.3,35.3,35.3,35.3,35.3,35.3,35.3,35.3,35.3,35.3,35.3,35.3,35.3,35.3
492,"MCO","Monaco",0,0,0,0,0,0,0,0,0,0,0,0,0,0,0,0,0,0,0,0,0,0,0,0,0,0,0,0,0,0
496,"MNG","Mongolia",31.2,39.3,41.6,43.6,43.6,46.4,46.4,46.9,48,48.7,48.7,49,49,49.5,49.5,50.9,53.8,55.3,55.3,55.3,55.3,57.2,57.3,57.3,59.2,59.2,59.2,59.2,59.2,59.2
499,"MNE","Montenegro",21.7,21.7,21.7,21.7,21.7,21.7,21.7,21.7,21.7,21.7,21.7,21.7,21.7,21.7,27.2,27.2,27.2,27.2,27.2,27.2,38.1,38.1,39.3,39.3,42.5,42.5,42.5,42.5,42.5,42.5
504,"MAR","Morocco",2,2,2,2,2,2,2,2,2,4.2,5.3,6.3,6.3,7,7,7,7,7,7,7,7,7,7,7,7.1,7.1,7.1,7.1,7.1,7.1
508,"MOZ","Mozambique",65.1,65.1,65.1,67.8,67.8,67.9,72.6,74.5,75.4,81.1,81.1,81.1,81.1,81.4,81.4,85.1,85.7,86.7,88.5,88.5,88.5,88.5,88.5,88.5,89,89,89,89,89,89
104,"MMR","Myanmar",3.1,3.2,3.2,4.3,4.3,4.3,4.4,5.4,6.1,11.1,11.9,11.9,11.9,11.9,11.9,17.6,17.6,17.6,17.7,18.2,18.2,18.3,18.6,18.7,18.9,19.6,19.6,19.6,19.6,19.6
516,"NAM","Namibia",37.6,37.6,37.6,44.4,46.4,47.8,54,55.8,67.9,71.1,81.5,87.8,89.6,100,100,100,100,100,100,100,100,100,100,100,100,100,100,100,100,100
520,"NRU","Nauru",0,0,0,0,0,0,0,0,0,0,0,0,0,0,0,0,0,0,0,0,0,0,0,0,0,0,0,0,0,0
524,"NPL","Nepal",37.8,40.8,40.8,44.1,45.8,45.8,45.8,46,46.1,47.1,47.8,48.9,48.9,48.9,49,55.9,55.9,55.9,55.9,55.9,55.9,56.5,56.5,56.5,56.5,56.5,56.5,56.5,56.5,56.5
528,"NLD","Netherlands",9.7,11.8,12,12.2,12.7,45.9,46,47.6,47.7,50.7,50.8,51,51,51,51.1,53.4,53.5,53.5,58.1,67.3,80.2,81.8,87.7,90.1,90.1,90.1,90.1,90.1,90.1,90.1
540,"NCL","New Caledonia",19.8,19.8,19.8,19.8,19.8,22.2,22.2,22.2,22.2,22.2,22.2,22.2,22.2,100,100,100,100,100,100,100,100,100,100,100,100,100,100,100,100,100
554,"NZL","New Zealand",70.9,77.8,78.8,79.7,79.8,79.9,80.3,82.6,83.1,83.5,83.7,84.2,84.4,85,85.9,86,86.1,86.2,86.3,86.3,86.6,86.6,86.7,86.8,86.8,86.8,86.8,86.8,86.8,86.8
558,"NIC","Nicaragua",25,25.1,26.2,26.2,44.4,44.4,69.3,69.3,69.3,69.3,69.3,69.3,69.3,69.3,69.3,69.3,69.3,69.3,69.5,69.5,69.5,69.5,69.5,69.5,69.5,69.5,69.5,69.5,69.5,69.5
562,"NER","Niger",24.5,24.5,24.5,24.5,24.5,24.5,25.2,25.2,25.2,28,29.2,29.2,29.2,29.2,29.2,29.2,29.2,29.2,29.2,29.2,29.2,29.2,32.4,32.4,59.7,59.7,59.7,59.7,59.7,59.7
566,"NGA","Nigeria",42.7,42.7,42.7,42.7,42.9,43.1,43.1,43.1,43.1,43.1,43.1,43.1,43.1,44.5,44.5,44.5,44.5,44.5,44.5,44.5,44.5,44.5,44.5,44.5,44.5,44.5,44.5,44.5,44.5,44.5
570,"NIU","Niue",0,0,0,0,0,0,0,0,0,0,0,0,0,0,0,0,0,0,0,0,0,0,0,0,0,0,0,0,0,0
408,"PRK","North Korea",7.7,7.7,7.7,7.7,7.7,7.7,7.7,7.7,7.7,7.7,7.7,7.7,7.7,7.7,7.7,7.7,7.7,7.7,7.7,7.7,7.7,7.7,7.7,7.7,7.7,7.7,7.7,7.7,7.7,7.7
807,"MKD","North Macedonia",22.7,22.8,23.9,23.9,24.1,24.1,24.1,24.6,24.9,24.9,27.9,28.5,28.5,28.5,28.5,28.5,28.6,28.6,28.6,28.6,28.6,28.6,28.6,28.6,28.6,35.1,44.4,44.4,44.4,44.4
578,"NOR","Norway",45.5,45.5,45.5,45.5,45.6,46.1,46.2,46.2,46.2,47.3,47.6,50.3,50.4,50.9,53.7,53.8,55.4,55.6,55.8,56,56.3,56.5,56.9,57.6,58,58.2,58.4,58.5,58.5,58.5
512,"OMN","Oman",4,4.2,9.2,9.2,9.2,9.2,9.2,9.2,9.2,9.2,9.2,9.2,9.2,9.2,9.2,9.2,9.3,9.3,9.3,11.2,11.2,11.2,11.2,11.2,11.9,11.9,12.1,12.9,72.9,72.9
586,"PAK","Pakistan",34.1,34.2,34.2,34.2,34.2,34.2,34.5,35.5,35.5,35.5,35.5,35.5,35.5,35.5,35.5,35.5,35.5,35.5,35.5,35.5,35.5,35.5,35.5,35.5,35.5,35.5,35.5,35.5,35.5,35.5
585,"PLW","Palau",2.4,2.4,4,4.6,4.6,4.6,4.6,9.5,9.5,9.5,13.7,13.7,13.7,26.4,29,29,29,29,29,29,30.1,30.1,30.1,30.1,30.1,30.1,30.1,30.1,30.1,30.1
591,"PAN","Panama",75.8,76.7,77.3,77.3,77.3,77.4,80.9,80.9,82.8,83.3,83.3,83.8,83.8,83.8,92,93.1,93.1,93.1,93.1,93.1,93.1,93.2,93.4,93.4,93.4,93.4,93.4,93.4,93.4,93.4
598,"PNG","Papua New Guinea",7.3,7.5,9.2,9.2,9.2,9.2,9.2,9.2,9.2,9.2,9.2,9.2,9.7,9.8,10.3,10.3,10.3,10.3,10.3,10.3,10.3,10.3,11.8,11.8,11.8,11.8,11.8,11.8,11.8,11.8
600,"PRY","Paraguay",11,11,11,11.9,11.9,11.9,45,45,45.2,45.5,45.5,45.7,45.9,46.4,46.5,46.6,46.8,46.8,46.9,47.2,47.2,47.3,47.3,47.3,47.3,47.3,47.3,47.3,47.3,47.3
604,"PER","Peru",15.6,18.4,21.3,21.3,22.4,23.1,28.9,39.7,41.6,49.2,50.9,51.2,51.7,51.7,54.4,57.8,60.9,62.5,62.5,62.6,67.1,67.2,67.4,70.3,70.8,70.8,71.8,71.8,71.8,71.8
608,"PHL","Philippines",26.2,26.2,26.2,26.6,27.2,29.2,32.7,32.7,33.9,33.9,36,36,36.3,36.3,38.8,38.8,39.4,39.4,39.4,39.5,39.5,39.5,39.5,51.4,51.4,51.4,51.4,51.4,51.4,51.4
616,"POL","Poland",72.4,76,78.9,91.1,91.7,91.9,93.6,93.8,99.1,100,100,100,100,100,100,100,100,100,100,100,100,100,100,100,100,100,100,100,100,100
620,"PRT","Portugal",27.6,27.8,27.8,31,41.7,41.9,41.9,41.9,46.4,47.2,47.2,47.2,47.3,73.6,73.9,73.9,74.2,75.3,76.2,76.3,76.4,76.4,76.6,76.6,76.6,76.6,76.6,76.6,76.6,76.6
634,"QAT","Qatar",8.3,8.3,8.3,8.3,8.3,8.3,8.3,8.3,8.3,8.3,10.1,15.2,44.9,44.9,44.9,44.9,44.9,44.9,44.9,44.9,44.9,44.9,44.9,44.9,44.9,44.9,44.9,44.9,44.9,44.9
178,"COG","Republic of Congo",22.6,22.6,22.6,27,30.5,30.5,30.8,30.8,30.8,30.8,30.8,30.8,74.6,74.6,76.4,76.4,76.4,77,77,77,81.2,81.2,81.7,85,85,85,85,85,85,85
642,"ROU","Romania",13.1,13.1,13.1,13.1,13.2,16.5,16.7,16.7,16.7,23,23.2,23.4,47.8,48,58.7,58.7,62.9,63.5,68.2,68.2,68.2,68.4,68.4,68.9,68.9,68.9,68.9,68.9,68.9,68.9
643,"RUS","Russia",13.9,16.9,18.3,18.6,21,25.9,27.9,29.1,29.8,29.9,30.1,30.3,30.5,30.6,31.1,31.7,31.9,31.9,32.4,32.7,33.1,33.2,33.5,33.8,34,34,34,34,34,34
646,"RWA","Rwanda",28.5,28.5,28.5,28.5,28.5,28.5,28.5,28.5,28.5,28.5,29.4,29.4,29.4,29.4,29.4,29.4,29.4,29.4,29.4,29.4,29.8,29.8,29.8,29.8,29.8,29.8,29.8,29.8,29.8,29.8
652,"BLM","Saint Barthelemy",3.2,3.2,3.2,3.2,3.2,3.2,3.2,3.2,3.2,3.2,3.2,3.2,3.4,3.4,3.4,3.4,3.4,3.4,3.4,3.4,3.4,3.4,3.4,3.4,3.4,3.4,3.4,3.4,3.4,3.4
659,"KNA","Saint Kitts and Nevis",0.6,0.6,0.6,0.6,0.6,0.6,0.6,0.6,0.6,0.6,0.6,29.1,29.1,29.1,29.1,29.1,31.6,31.6,31.6,31.8,31.8,31.8,31.8,31.8,31.8,31.8,31.8,31.8,31.8,31.8
662,"LCA","Saint Lucia",50.5,50.5,50.5,50.5,50.5,50.5,50.5,50.5,50.5,50.5,50.5,50.5,52,52,52,52,52,52,52,52,52,52,52,52,52,52,52,52,52,52
670,"VCT","Saint Vincent and the Grenadines",58.1,58.1,58.1,58.1,58.1,58.1,58.1,58.1,58.1,58.1,58.1,58.1,58.1,58.1,58.1,58.1,58.1,58.1,58.1,58.1,58.1,58.1,58.1,58.1,58.1,58.1,58.1,58.1,58.1,58.1
882,"WSM","Samoa",8.3,8.3,8.5,8.6,9.5,9.6,9.6,9.6,10.1,17.1,17.1,17.1,17.1,25.8,25.8,25.8,25.8,25.8,25.8,25.8,25.9,25.9,25.9,25.9,25.9,25.9,25.9,25.9,25.9,25.9
674,"SMR","San Marino",0,0,0,0,0,0,0,0,0,0,0,0,0,0,0,0,0,0,0,0,0,0,0,0,0,0,0,0,0,0
678,"STP","Sao Tome and Principe",0,0,0,0,0,0,0,0,0,0,0,100,100,100,100,100,100,100,100,100,100,100,100,100,100,100,100,100,100,100
682,"SAU","Saudi Arabia",7.1,7.1,7.1,7.1,7.1,7.1,7.2,7.2,7.2,7.2,7.2,7.2,7.2,7.2,7.2,7.2,7.2,7.2,7.2,7.2,7.2,7.2,7.2,29.7,29.7,29.7,29.7,29.7,29.7,29.7
686,"SEN","Senegal",83.6,83.6,83.6,83.6,83.6,83.6,83.6,83.6,83.6,83.6,83.6,83.6,83.6,83.6,83.6,83.6,83.6,83.6,83.6,83.6,84.6,84.9,85.4,85.4,85.4,86.8,86.8,86.8,86.8,86.8
688,"SRB","Serbia",19.8,19.8,19.8,19.8,19.8,19.8,19.8,19.8,19.8,19.8,19.8,19.8,19.8,19.8,21.3,21.3,21.3,21.5,21.9,23.3,24.3,24.3,27.9,28.6,29,29,29.7,29.7,29.7,29.7
690,"SYC","Seychelles",39.2,39.6,39.6,39.6,39.6,39.6,39.6,39.6,39.6,40.1,40.1,40.1,40.1,40.1,40.1,73.4,73.4,73.4,73.4,73.4,73.4,73.4,73.4,73.4,73.4,73.4,73.4,73.4,73.4,73.4
694,"SLE","Sierra Leone",28.7,28.7,28.7,28.7,30.1,30.1,30.1,30.1,30.1,30.1,30.1,30.1,30.1,30.1,30.1,33.3,33.3,42.8,42.8,42.8,42.8,42.8,42.8,42.8,42.8,42.8,42.8,42.8,42.8,42.8
702,"SGP","Singapore",15.9,15.9,15.9,15.9,15.9,15.9,15.9,16.5,16.5,16.5,16.5,16.5,16.5,16.5,16.5,16.5,16.5,16.5,16.5,16.5,16.5,16.5,16.5,16.5,16.5,16.5,16.5,16.5,16.5,16.5
534,"SXM","Sint Maarten",0,0,0,0,0,0,0,0,0,0,0,0,0,0,0,0,0,0,0,2.3,2.3,2.3,2.3,2.3,2.3,2.3,2.3,2.3,2.3,2.3
703,"SVK","Slovakia",30.5,30.6,50.2,51.1,51.5,51.5,60.3,64,66.9,87.9,88.8,88.8,88.8,88.8,88.9,88.9,89.9,90.1,90.1,90.1,90.1,90.1,90.1,90.1,90.1,90.1,90.1,90.1,90.1,90.1
705,"SVN","Slovenia",26.7,27.1,27.1,28.2,28.2,28.2,28.2,31.9,39.4,100,100,100,100,100,100,100,100,100,100,100,100,100,100,100,100,100,100,100,100,100
90,"SLB","Solomon Islands",0.3,0.3,0.3,0.3,0.3,0.3,0.3,0.3,0.3,0.3,0.3,0.3,0.3,0.9,0.9,0.9,0.9,0.9,0.9,0.9,0.9,0.9,0.9,0.9,1.1,1.1,1.6,1.7,1.7,1.7
706,"SOM","Somalia",0,0,0,0,0,0,0,0,0,0,0,0,0,0,0,0,0,0,0,0,0,0,0,0,0,0,0,0,0,0
710,"ZAF","South Africa",20.9,21.2,21.4,21.6,21.6,21.9,22.5,22.6,22.6,22.6,22.6,22.6,22.7,22.8,22.8,22.9,22.9,23,23.2,23.9,24.2,26.8,27,27.8,28.1,28.7,28.8,28.9,29,29
410,"KOR","South Korea",19.2,19.3,19.6,20.2,21.1,27.3,27.3,31,31.2,34.8,39.7,41.1,41.6,46.4,47,47.2,47.5,47.6,48.1,48.1,48.3,48.3,48.3,48.7,54.4,55.8,55.8,55.8,55.8,55.8
728,"SSD","South Sudan",52.1,52.1,52.1,52.1,52.1,52.1,52.1,52.1,52.1,52.1,52.1,52.1,52.1,52.1,52.1,52.1,52.1,52.1,52.1,52.1,52.1,52.1,52.1,52.1,52.1,52.1,52.1,52.1,52.1,52.1
724,"ESP","Spain",35,35.8,37,37.1,38.4,52.9,57.4,57.7,59.9,63.3,72.3,76.7,77.3,77.9,78.9,79.5,79.7,79.8,80,80.7,91.9,92.1,93,93.1,93.1,93.5,93.5,93.5,93.5,93.5
144,"LKA","Sri Lanka",60.8,60.8,60.9,60.9,60.9,62.4,62.5,64.3,64.4,64.4,64.4,64.4,65.2,65.9,71.2,73.8,73.9,82.8,82.8,82.8,82.8,82.8,82.8,82.8,82.8,82.8,82.8,82.8,82.8,82.8
275,"PSE","State of Palestine",0,0,0,0,0,0,0,0,0,0,0,0,0,0,0,0,0,0,0,0,0,0,0,0,0,0,0,0,32.6,32.6
729,"SDN","Sudan",15,15,15,15,15,15,15,15,15,15,16,18,18,18,18.7,18.7,18.7,6.6,6.6,6.6,6.6,6.6,6.6,6.6,6.6,6.6,6.6,6.6,6.6,6.6
740,"SUR","Suriname",7.7,7.7,7.7,34.1,34.1,34.1,34.1,34.1,34.1,34.1,34.1,34.1,34.1,34.1,34.1,34.1,34.1,34.1,34.1,34.1,34.1,34.1,34.1,34.1,34.1,34.1,34.1,34.1,34.1,34.1
752,"SWE","Sweden",26.7,27.2,28.8,30.9,31,33.3,34.1,35.9,36.1,37,37.2,37.4,37.6,38.4,38.7,39.4,39.5,39.7,39.9,40.3,40.4,40.7,41.1,41.8,42.1,42.3,42.8,42.8,42.8,42.8
756,"CHE","Switzerland",20.1,20.7,20.7,20.8,20.8,20.8,22.5,22.5,22.7,22.7,22.7,22.7,22.8,22.8,23,24.7,24.7,24.7,24.7,24.8,24.8,24.8,25.5,32.4,32.7,32.7,32.8,32.8,32.8,32.8
760,"SYR","Syria",0.8,0.8,0.8,1,1.2,1.2,1.2,2.3,2.3,2.3,2.3,2.3,2.3,2.3,2.3,2.3,2.3,2.3,2.3,2.3,2.3,2.3,2.3,2.3,2.3,2.3,2.3,2.3,2.3,2.3
158,"TWN","Taiwan",34.7,34.7,34.7,34.8,34.8,64,64.1,64.2,64.2,64.2,64.2,64.8,64.8,64.9,65.2,65.2,65.2,65.3,65.4,65.4,65.4,65.4,65.4,65.4,65.4,65.4,65.4,65.4,65.4,65.4
762,"TJK","Tajikistan",9.8,9.8,9.8,9.8,51,51,52.9,52.9,52.9,52.9,53,53,53,53,53,53,53,53,53,53,53,53,53,53,53,53,53,53,53,53
834,"TZA","Tanzania",95.1,95.1,95.1,95.1,95.1,95.3,95.3,95.3,95.3,95.4,95.4,95.7,96,96,96,96.4,96.4,96.4,96.4,96.4,96.4,96.4,96.4,96.4,98,98,98.1,98.1,98.1,98.1
764,"THA","Thailand",45.5,47.1,47.8,49.1,52.5,54.9,55.5,55.5,55.8,55.8,55.8,55.8,56.9,57.2,60.5,60.5,60.5,60.5,60.6,60.6,60.6,60.6,60.6,60.6,60.6,60.6,60.6,60.6,60.6,60.6
626,"TLS","Timor-Leste",13.2,13.2,13.2,13.2,13.2,13.2,13.2,13.2,13.2,13.2,13.2,13.2,26.7,42.8,42.8,42.8,42.8,42.8,42.8,42.8,44.8,53.5,53.5,53.5,53.5,53.5,53.5,53.5,53.5,53.5
768,"TGO","Togo",39.8,39.8,39.8,39.8,39.8,39.8,39.8,39.8,39.8,39.8,42.8,42.8,42.8,82.6,82.6,82.6,82.6,82.6,82.6,82.6,82.6,82.6,82.6,83,83.1,83.1,83.1,83.1,83.1,83.1
776,"TON","Tonga",4.5,4.5,4.5,4.5,4.5,4.5,33.1,33.1,33.1,33.1,33.1,33.1,33.1,33.1,33.1,33.1,33.1,33.1,33.1,33.1,33.1,33.1,33.1,33.1,33.1,33.1,33.1,33.1,33.1,33.1
780,"TTO","Trinidad and Tobago",95.6,95.6,95.6,95.6,95.6,95.6,95.6,95.6,95.6,95.6,97.3,97.3,97.3,97.3,97.3,97.3,97.3,97.3,97.3,97.3,97.3,97.3,97.3,97.3,97.3,97.3,97.3,97.3,97.3,97.3
788,"TUN","Tunisia",12.3,12.3,12.3,12.3,12.3,12.3,12.3,12.3,12.3,12.3,12.3,12.3,12.9,12.9,13.1,20.5,20.6,21,21.1,21.1,21.1,21.1,21.1,21.1,21.1,21.1,21.1,21.1,21.1,21.1
792,"TUR","Turkiye",0.4,0.4,0.4,0.6,0.6,0.6,0.6,0.6,0.6,0.6,0.6,0.6,0.6,0.6,0.6,0.6,0.6,0.6,0.6,0.6,0.6,0.6,0.6,0.6,0.6,0.6,0.6,0.6,0.6,0.6
795,"TKM","Turkmenistan",10.1,10.1,10.1,10.1,10.1,10.1,10.1,10.1,10.1,10.1,10.1,10.1,10.1,10.7,10.7,10.7,10.7,10.7,10.7,10.7,10.7,10.7,10.7,10.7,10.7,10.7,10.7,10.7,10.7,10.7
796,"TCA","Turks and Caicos Islands",84.2,84.2,84.2,84.2,84.2,84.2,84.2,84.2,84.2,84.2,84.2,84.2,84.2,84.2,84.2,84.2,84.2,84.2,84.2,84.2,84.2,84.2,84.2,84.2,84.2,84.2,84.2,84.2,84.2,84.2
798,"TUV","Tuvalu",0,0,0,0,0,0,0,0,0,0,0,0,0,0,0,0,0,0,0,0,0,0,0,0,0,0,0,0,0,0
800,"UGA","Uganda",47.9,47.9,47.9,48.1,48.1,48.1,48.1,54.7,54.7,54.9,54.9,58.7,58.7,59,59,59,59,59,59,59,59,59,59,59,59,59,59,59,59,59
804,"UKR","Ukraine",43.5,43.6,43.7,43.8,43.8,43.8,43.8,43.8,43.8,43.8,43.8,43.8,43.8,43.8,43.8,43.8,43.8,43.8,43.8,43.8,43.8,43.8,43.8,43.8,43.8,43.8,43.8,43.8,43.8,43.8
784,"ARE","United Arab Emirates",0,0.1,0.1,0.3,0.4,0.4,1.3,1.3,1.3,1.3,1.3,1.3,1.6,1.6,2.5,2.5,2.5,2.6,2.6,21.8,21.8,22.1,55,55.1,55.1,55.1,55.1,55.1,55.1,55.1
826,"GBR","United Kingdom",76.1,76.4,76.6,76.7,76.8,78.5,79.3,81.3,82.1,82.1,82.5,82.9,83,84.5,84.6,87.2,87.6,87.6,87.7,87.7,87.7,87.7,87.7,87.9,87.9,87.9,87.9,87.9,87.9,87.9
840,"USA","United States of America",35.2,35.3,35.4,35.6,35.7,36.1,36.2,36.3,36.4,36.5,36.5,36.7,36.8,36.8,37.1,37.1,37.2,37.2,37.3,37.5,37.6,37.7,37.7,37.7,37.8,37.8,37.8,37.8,37.8,37.8
858,"URY","Uruguay",7.9,7.9,7.9,7.9,7.9,7.9,7.9,7.9,7.9,8.2,8.2,8.2,8.2,8.5,9.1,9.7,9.7,9.7,9.7,10.1,11.2,11.2,11.2,11.2,11.6,11.6,11.6,11.6,11.6,11.6
860,"UZB","Uzbekistan",7.4,7.4,7.5,9.7,9.7,9.7,9.8,9.8,9.8,9.8,9.8,9.8,9.8,12.8,12.8,12.9,13.4,13.4,13.4,13.4,13.4,18.2,18.2,18.5,18.7,30.1,32.3,32.3,32.3,32.3
548,"VUT","Vanuatu",13.7,13.7,13.7,13.7,13.7,13.7,13.7,13.7,13.7,13.7,13.7,13.7,13.7,13.7,13.7,13.7,13.7,13.7,13.7,13.7,13.7,13.7,13.7,13.7,13.7,13.7,13.7,13.7,13.7,13.7
862,"VEN","Venezuela",96.4,96.4,96.4,96.4,96.4,96.5,96.7,96.7,96.7,96.7,96.7,96.7,96.7,96.7,96.7,96.7,96.7,96.7,96.7,96.7,96.7,96.7,96.7,96.7,96.7,96.7,96.7,96.7,96.7,96.7
704,"VNM","Viet Nam",4.3,4.7,4.8,5.7,6.1,6.2,10.5,14.1,14.9,16.4,17,18.1,18.3,18.3,18.6,18.6,19.2,19.7,22.7,24.8,24.9,24.9,24.9,24.9,24.9,24.9,24.9,24.9,24.9,24.9
876,"WLF","Wallis and Futuna Islands",0.6,0.6,0.6,0.6,0.6,0.6,0.6,0.6,0.6,0.6,0.6,0.6,0.6,0.6,0.6,0.6,0.6,0.6,0.6,0.6,0.6,0.6,0.6,0.6,0.6,0.6,0.6,0.6,0.6,0.6
732,"ESH","Western Sahara",0,0,0,0,0,0,0,0,0,0,0,0,0,0,0,0,0,0,0,0,0,0,0,0,0,0,0,0,0,0
887,"YEM","Yemen",0,1.7,1.7,1.7,1.7,1.7,1.7,1.7,1.7,1.7,1.7,1.7,1.7,1.7,1.7,1.7,1.7,1.7,1.7,1.7,1.7,1.7,1.7,1.7,1.7,1.7,1.7,1.7,1.7,1.7
894,"ZMB","Zambia",98.7,98.7,98.7,98.7,98.7,98.7,98.7,98.7,98.7,98.7,98.7,98.8,99.2,99.2,99.2,99.2,99.2,99.2,99.2,99.2,99.2,99.2,99.2,99.2,99.2,99.2,99.2,99.2,99.2,99.2
716,"ZWE","Zimbabwe",59.9,59.9,59.9,59.9,59.9,59.9,59.9,92.3,92.3,92.3,92.3,92.3,92.3,92.3,92.3,92.3,92.3,92.3,94,94,94,94,94,94,94,94,94,94,94,94
