"code","iso","country","UWD.ind.1995","UWD.ind.1996","UWD.ind.1997","UWD.ind.1998","UWD.ind.1999","UWD.ind.2000","UWD.ind.2001","UWD.ind.2002","UWD.ind.2003","UWD.ind.2004","UWD.ind.2005","UWD.ind.2006","UWD.ind.2007","UWD.ind.2008","UWD.ind.2009","UWD.ind.2010","UWD.ind.2011","UWD.ind.2012","UWD.ind.2013","UWD.ind.2014","UWD.ind.2015","UWD.ind.2016","UWD.ind.2017","UWD.ind.2018","UWD.ind.2019","UWD.ind.2020","UWD.ind.2021","UWD.ind.2022","UWD.ind.2023","UWD.ind.2024"
4,"AFG","Afghanistan",12.5,12.7,12.3,12.4,12.8,13.1,13.1,13.9,14,14.4,15.2,16.5,17.8,19.3,21,22.1,23.3,24.4,24.7,25.4,26.1,26.7,27.5,29.5,30.4,31.7,33.1,33.1,33.1,33.1
8,"ALB","Albania",49.8,50.9,51.6,52.6,54.4,56,57.2,58.5,59.7,61,62,62.7,63.4,63.9,64.4,64.8,64.8,65.1,65.4,65.8,66,66.2,66.5,66.9,67.9,68.7,69.6,69.6,69.6,69.6
12,"DZA","Algeria",50,50.6,50.9,51.3,51.7,52.1,52.5,53,53.4,53.9,54.5,55,55.6,56,56.5,56.9,57.3,57.7,58,58.3,58.7,59.2,59.8,60.2,60.6,61.1,61.3,61.3,61.3,61.3
20,"AND","Andorra",96.9,97,97.2,97.4,97.7,97.9,98.2,98.2,98.1,98.1,98.1,98.1,98.2,98.2,98.3,98.5,98.7,98.8,98.9,99,99.2,99.8,100,100,100,100,100,100,100,100
24,"AGO","Angola",0,0.6,1.1,1.4,1.8,2.2,2.8,3.4,4.2,4.6,5.6,5.5,7,8,9,9.9,10.9,12.3,13.7,15.5,16.7,17.9,18.9,20,20.8,21.7,22.5,22.5,22.5,22.5
660,"AIA","Anguilla",NA,NA,NA,NA,NA,NA,NA,NA,NA,NA,NA,NA,NA,NA,NA,NA,NA,NA,NA,NA,NA,NA,NA,NA,NA,NA,NA,NA,NA,NA
28,"ATG","Antigua and Barbuda",48.5,48.8,49.6,50.5,51.7,52.9,54.3,54.9,55,55,54.5,54.4,54.4,54.7,55.1,55.2,55.4,55.5,55.4,54.9,55.3,55.5,55.5,55.6,55.7,56,56.2,56.2,56.2,56.2
32,"ARG","Argentina",50.7,51.2,51.1,51.9,53.1,54.4,54.8,54.6,55.5,56.7,57.4,57.9,58.5,58.9,59.4,59.8,60.5,61.4,61.9,62.5,63.7,65.2,67,69.5,70.6,71.5,72.2,72.2,72.2,72.2
51,"ARM","Armenia",34.9,36.8,38,40.1,42.1,44.2,45.9,48.6,50.7,52.1,53.6,54.9,58.2,60,62.4,64.9,66.2,69.8,72.2,74,75.7,75.2,77.3,77.6,78,78.7,79.4,79.4,79.4,79.4
533,"ABW","Aruba",NA,NA,NA,NA,NA,NA,NA,NA,NA,NA,NA,NA,NA,NA,NA,NA,NA,NA,NA,NA,NA,NA,NA,NA,NA,NA,NA,NA,NA,NA
36,"AUS","Australia",83.9,84.5,85.7,86.6,86.7,87.1,87.3,86.8,86,85.4,85.3,85.2,86.1,88.1,89.6,91.3,91.4,91.8,93.4,93.8,94.7,95.7,96.5,97.4,97.8,98.5,99.2,99.2,99.2,99.2
40,"AUT","Austria",78.5,79.5,80.6,81.5,82.5,83.3,83.9,83.4,82.9,82.5,82.4,82.9,84,85.6,87.4,89,90.5,91.8,93,94.2,95.1,96,96.8,97.7,98.6,98.8,99.2,99.2,99.2,99.2
31,"AZE","Azerbaijan",28.4,28.7,29.2,29.7,30.4,31.4,33,34.5,35.7,36.9,38.3,39.8,41.2,42.4,43.4,44.2,45,45.7,46.3,46.9,47.4,47.7,47.9,48.1,48.4,49.5,49.8,49.8,49.8,49.8
44,"BHS","Bahamas",50.5,51.2,52,53.1,54.3,55.7,57.2,57.8,57.8,57.8,57.6,57.6,57.7,57.9,58.1,58.4,58.3,58.7,58.6,58.2,58.9,59.3,59.9,60.5,61,61.6,61.9,61.9,61.9,61.9
48,"BHR","Bahrain",57.4,58.3,58.9,59.1,59.4,59.5,59.6,59.6,59.7,59.8,60.1,60.5,61,62.2,62.8,62.9,63.7,64.2,64.7,65.3,65.6,65.8,66,66.2,66.4,66.8,67,67,67,67
50,"BGD","Bangladesh",14.8,15.8,16.8,17.8,18.7,19.5,20.3,21.1,21.9,22.7,23.3,23.9,24.5,25.3,26.1,26.8,27.7,28.6,29.2,29.7,29.9,30.1,30.4,30.9,31.5,32.2,32.6,32.6,32.6,32.6
52,"BRB","Barbados",53.9,54,54.9,56.9,57.6,57.8,58.9,58.6,57.7,58.2,57.6,57.6,57.8,57.9,58,58,57.6,58.2,58,57.9,58,58,58.1,58.2,58.2,58.2,58.1,58.1,58.1,58.1
112,"BLR","Belarus",61.4,63.1,63.9,63.6,63.8,65.3,66.5,69.1,70.4,71.5,72.9,74.2,75,75.9,76.4,76.8,76.9,77.2,77.5,77.7,77.9,77.8,77.7,78.1,78.4,79,79.2,79.2,79.2,79.2
56,"BEL","Belgium",88.3,88.8,89,89.1,89.2,88.7,88.6,88.1,87.4,86.9,86.5,86.3,86.3,86.8,87.1,87.8,89.2,89.8,90,90.6,90.8,91.4,91.5,92,92.7,93.5,93.9,93.9,93.9,93.9
84,"BLZ","Belize",33.7,34.2,34.7,35.5,37.2,39.2,41.5,43.1,43,43.1,42.5,43.1,43.8,44.4,44.9,46,46.3,47.2,47.3,46.8,47.2,47.5,47.9,48.1,48.5,49,49.3,49.3,49.3,49.3
204,"BEN","Benin",5.6,5.8,6.6,7.1,7.6,8.1,8.8,9.2,10,10.4,11.1,11.6,12.2,12.7,13.1,13.5,14,14.3,14.8,15.6,16,16.7,17.4,18.5,19.8,20,20.8,20.8,20.8,20.8
60,"BMU","Bermuda",57.7,58.1,58.5,59.1,59.7,60.2,60.6,60.6,60.5,60.3,60.1,60,60,60,60,60,59.9,59.8,59.8,59.7,59.7,59.6,59.6,59.5,59.4,59.3,59.1,59.1,59.1,59.1
64,"BTN","Bhutan",7.4,8.7,9.5,11.3,14,14,15.5,16.8,17.9,19.1,20.5,21.9,23.5,25.1,27,28.6,29.8,31.1,32.4,33.6,34.7,36,37.2,37.9,38.5,39.2,39.8,39.8,39.8,39.8
68,"BOL","Bolivia",25.2,25.8,27,27.9,28.8,29.7,30.5,31.3,32.2,33.1,33.9,34.9,35.8,37.2,38.5,39.4,40.3,41.1,41.8,42.5,43.3,44.2,45,45.8,46.5,47.1,47.7,47.7,47.7,47.7
70,"BIH","Bosnia and Herzegovina",66.5,67.8,68.9,69.9,71.5,72.4,73.4,72.9,72.8,73.1,73.4,73.2,73.3,73.6,74,74,74.5,74.7,74.6,75.2,75,75.3,75.8,76.4,76.8,77.8,78.7,78.7,78.7,78.7
72,"BWA","Botswana",11.7,12.1,12.6,12.6,12.9,13.1,13.4,13.8,14.4,15.2,15.7,10.5,16.1,16.3,16.6,16.7,17.1,18,18.5,18.8,19.3,19.7,20.1,20.5,20.8,21,21.2,21.2,21.2,21.2
76,"BRA","Brazil",27.5,29.2,30.9,31.8,33.4,35.3,36.5,37.4,38.2,39.2,40,41.1,42.7,44.3,46,47.8,49.8,50.8,51.6,53.2,54.4,54.9,55.9,57.1,58.2,59.3,60.1,60.1,60.1,60.1
92,"VGB","British Virgin Islands",NA,NA,NA,NA,NA,NA,NA,NA,NA,NA,NA,NA,NA,NA,NA,NA,NA,NA,NA,NA,NA,NA,NA,NA,NA,NA,NA,NA,NA,NA
96,"BRN","Brunei Darussalam",80.6,81.1,81.6,82,82.5,82.9,83.5,83.5,83.3,83.2,83.2,83.2,83.2,83.3,83.5,83.7,83.8,83.8,83.8,83.9,84,84.2,84.5,85,85.5,86.4,87,87,87,87
100,"BGR","Bulgaria",71.2,72.1,71.2,73.5,75.9,75.4,77.2,77,78.3,79.2,80.4,80.9,81.3,80.2,79.9,77.9,75.4,73.1,71.8,70.6,71.3,71.8,71.1,71.3,72.1,73.2,73.2,73.2,73.2,73.2
854,"BFA","Burkina Faso",2.8,3.1,3.6,4,4.3,4.3,4.9,5.2,5.9,6.4,6.9,7.4,8.3,8.9,9.6,10,10.5,10.8,12.1,12.8,13,13.1,13.6,14.4,15.1,15.8,16.3,16.3,16.3,16.3
108,"BDI","Burundi",8,8.5,8.6,9,9.5,9.9,10.1,10,10.1,10,10.1,10.4,10.5,10.9,11.3,11.8,12.2,12.7,13.7,14.1,14.7,15.3,15.9,16.4,16.9,17.2,17.5,17.5,17.5,17.5
132,"CPV","Cabo Verde",8.3,17.9,19.4,20.7,21.7,22.9,23.8,24.7,25.9,27,28,28.4,29.3,30.1,31,31.3,32.1,32.7,33.3,33.6,34.3,34.8,35.5,36,36.7,37.2,37.6,37.6,37.6,37.6
116,"KHM","Cambodia",14.6,15.3,15.8,16.3,17,18.1,19.2,20.5,21.8,23.1,24.5,25.9,27.2,28.6,29.9,31,32.1,33.3,34.8,35.8,36.6,37.4,38.2,38.9,39.7,40.2,40.7,40.7,40.7,40.7
120,"CMR","Cameroon",9.8,9.6,10,10.3,10.6,10.6,10.9,10.5,10.8,11.2,11.6,11.8,12.5,12.9,13.2,13.3,13.9,15.3,16,17.4,18.6,19.2,20.1,20.9,22,22.8,23.7,23.7,23.7,23.7
124,"CAN","Canada",86.5,86.6,86.4,86.1,85.5,84.4,84.8,85.1,85.2,85,85.4,85.9,86.5,87.5,88.3,89,89.5,90.3,91.5,92.5,93.4,94.4,95.5,96.5,97.7,98.6,99.7,99.7,99.7,99.7
136,"CYM","Cayman Islands",NA,NA,NA,NA,NA,NA,NA,NA,NA,NA,NA,NA,NA,NA,NA,NA,NA,NA,NA,NA,NA,NA,NA,NA,NA,NA,NA,NA,NA,NA
140,"CAF","Central African Republic",2.8,2.8,2.9,3.3,3.5,3.7,3.7,3.9,4.1,4.2,4.5,4.4,4.3,4.4,4.5,4.8,5.2,5.8,6,6.2,6.3,6.6,7,7.4,7.9,8.7,9.2,9.2,9.2,9.2
148,"TCD","Chad",0,0,0,0,0,0,0,0,0,0,0,0,0,0,0,0,0.4,1.1,1.3,1.8,2.1,2.4,2.7,3.2,3.6,4.1,4.6,4.6,4.6,4.6
152,"CHL","Chile",60.6,61.2,61.9,63,64.2,65.4,66.5,67.5,68.1,68.9,69.8,70.7,71.8,72.4,73.2,74.3,75.2,75.9,76.2,76,77.2,78.7,79.2,79.9,80.5,81.9,82.3,82.3,82.3,82.3
156,"CHN","China",38.8,40.1,41.4,42.6,43.9,45.3,47.2,49.3,50.9,52.5,54.4,56.5,58.9,61.4,63.6,65.6,67.2,68.5,69.8,71,71.7,72.3,73.4,74.4,75.3,74.9,75.7,75.7,75.7,75.7
170,"COL","Colombia",37.5,38.5,39.6,40.6,42.6,43.9,45.2,44.6,44.7,46,47.4,48.5,49.5,51.1,52.3,54.4,56.5,57.5,58.1,58.6,58.6,59,59.3,58.6,57,58.3,58.9,58.9,58.9,58.9
174,"COM","Comoros",15.9,16.5,16.8,15.5,17,14.3,18.2,16.5,18.9,19.5,19.6,20.2,18.2,19.9,20.9,22.2,22.6,23.6,24.3,23.6,24.2,24.8,25.3,26,26.4,26.4,26.8,26.8,26.8,26.8
184,"COK","Cook Islands",53.5,53.6,53.8,53.8,53.8,53.9,53.9,54,54,54.1,54.1,54,53.9,54,53.8,53.6,53.4,53.2,53,52.8,52.6,52.3,52.2,52.1,52,51.2,50.9,50.9,50.9,50.9
188,"CRI","Costa Rica",51.2,52,52.3,53.3,54.8,56.2,56.5,57.2,57.5,58.4,59.3,59.9,59.8,59.8,59.5,59.2,59.7,60,60.5,60.5,61,61.2,61.4,61.7,61.6,62.5,62.7,62.7,62.7,62.7
384,"CIV","Cote d'Ivoire",11,11.6,12.1,12.5,13,13.5,13.9,14.6,15.1,15.1,15.1,14.9,15.2,15.8,16.2,16.8,17.6,17.6,17.6,18.1,18.6,19.4,21,22.3,23.4,24.3,25.1,25.1,25.1,25.1
191,"HRV","Croatia",84.4,85.4,85.6,86.9,89,89.2,90.1,90.9,92.5,93.2,93.6,94.1,93.8,92.8,91,88.6,85.3,83.3,81.4,80,78.7,78.4,77.7,78.2,79.5,80.3,80.8,80.8,80.8,80.8
192,"CUB","Cuba",45.7,47.3,48.4,49.4,50.8,52.4,53.8,54.6,54.6,54.8,54,54.8,55.2,55.2,55.5,55.7,55.8,55.5,55.6,55.5,56.3,56.7,56.6,56.5,56.2,56.8,57,57,57,57
531,"CUW","Curacao",NA,NA,NA,NA,NA,NA,NA,NA,NA,NA,NA,NA,NA,NA,NA,NA,NA,NA,NA,NA,NA,NA,NA,NA,NA,NA,NA,NA,NA,NA
196,"CYP","Cyprus",77.7,78.6,79.4,80.2,81,81.8,82.4,82.7,82.9,83.1,83.2,83.3,83.4,83.5,83.7,83.8,84.1,84.2,84.3,84.4,84.6,85.1,86,86.9,87.6,88.3,88.8,88.8,88.8,88.8
203,"CZE","Czech Republic",79.6,81.9,82.1,83.8,86.5,86.8,87.8,87.9,88.7,89.3,89.9,90,89.3,88.3,86,82.7,79.2,77,76,75,73.7,73,72.6,72,71.1,72.5,72.8,72.8,72.8,72.8
180,"COD","Dem. Rep. Congo",8.2,8,7.8,7.4,7.3,6.9,6.9,7,7.1,7.7,8.1,8.6,9.1,9.9,10.7,11.6,12.8,14.3,15.8,17.5,19.4,21.1,22.6,23.5,24.8,25.8,26.6,26.6,26.6,26.6
208,"DNK","Denmark",91.1,91.6,92.2,92.5,92.6,92.4,92.2,91.5,91,90.6,90,89.4,88.8,88.8,88.8,88.9,89.6,89.9,89.9,90,90.4,90.8,91.3,92.1,92.9,93.2,93.4,93.4,93.4,93.4
262,"DJI","Djibouti",8.6,9.2,9.3,10.6,11.5,12.1,12.9,13.7,14.4,14.8,15.8,16.4,16.7,17.3,17.8,17.5,18.8,19.4,19.9,21.2,21.8,22.4,23.2,24.3,25,25.8,26.6,26.6,26.6,26.6
212,"DMA","Dominica",47.1,47.5,47.9,48.4,48.7,49.4,49.7,50.1,50.2,50.5,50.6,50.8,50.6,50.8,50.4,50.3,49.9,49.7,49.4,49.3,49.3,49.4,49.5,49.5,49.5,49.5,49.5,49.5,49.5,49.5
214,"DOM","Dominican Republic",25,26.1,27.2,28.5,29.7,30.6,31.2,32.1,32.7,32.9,33.2,34,34.8,35.7,36.4,36.7,35.3,35.2,37.5,38.5,39.5,39.9,40.7,41.2,41.6,41.9,42.1,42.1,42.1,42.1
218,"ECU","Ecuador",33.1,33.2,34.4,34.9,36.4,37,37.7,38.7,39.6,41,42.3,43.5,44.9,46.9,48.5,51.1,53,54.8,57,58.1,57.7,59.7,61.4,62.6,62.7,64.2,64.5,64.5,64.5,64.5
818,"EGY","Egypt",26,28,29.4,30.8,31.9,33.1,34.5,36.2,37.7,39.2,40.6,41.7,42.4,43.3,43.9,44.8,45.8,46.8,47.4,48.6,49.3,50.1,50.8,51.5,52.2,53.7,54.3,54.3,54.3,54.3
222,"SLV","El Salvador",24.7,26,27.4,28.9,30.7,32.3,33.9,35.5,37,38.2,39.4,41.3,42.6,43.7,44,44.9,45.5,46.3,46.8,47.3,48,48.5,49,49.5,49.9,50.5,50.9,50.9,50.9,50.9
226,"GNQ","Equatorial Guinea",2,2.8,4.7,6.3,7.8,9.5,11.7,13.8,15.6,17.3,17.9,20.4,22,23.5,24.5,25.7,26.9,28.6,30.2,31.4,32.4,32.8,33.1,33.5,33.7,34.1,34.4,34.4,34.4,34.4
232,"ERI","Eritrea",2.7,3.7,4.4,5,5.6,6.1,6.4,6.8,7.5,7.8,8.4,8.8,9.3,9.6,10.3,10.9,11.6,12.2,12.6,13.8,14.2,14.5,15,15.4,15.8,16.2,16.6,16.6,16.6,16.6
233,"EST","Estonia",67.7,70,71.2,71.7,71.8,73.3,74.5,75.8,76.2,76.8,77.2,77.5,77.4,77.5,77.7,77.8,78.2,78.4,78.9,79.2,79.4,79.9,80.5,80.9,81.1,81.2,81.2,81.2,81.2,81.2
748,"SWZ","Eswatini",6.5,6.8,7.1,7.2,7.2,6.8,6,7.1,7.1,7.2,7.9,8.4,8.8,9.3,9.9,10.9,11.7,12.4,13.2,14,15.3,15.8,16.4,17.1,17.6,18.1,18.7,18.7,18.7,18.7
231,"ETH","Ethiopia",2.4,3,3.5,4.1,4.7,5.2,5.9,6.6,7.4,8.2,8.8,9.4,10,10.7,11.4,12.4,13.1,13.8,14.6,15.1,15.7,16.4,16.8,17.3,17.9,18.6,19.2,19.2,19.2,19.2
234,"FRO","Faeroe Islands",NA,NA,NA,NA,NA,NA,NA,NA,NA,NA,NA,NA,NA,NA,NA,NA,NA,NA,NA,NA,NA,NA,NA,NA,NA,NA,NA,NA,NA,NA
238,"FLK","Falkland Islands",NA,NA,NA,NA,NA,NA,NA,NA,NA,NA,NA,NA,NA,NA,NA,NA,NA,NA,NA,NA,NA,NA,NA,NA,NA,NA,NA,NA,NA,NA
242,"FJI","Fiji",29.6,30,30.5,30.7,31,31.3,31.6,32,32.1,32.3,32.4,32.4,32.4,32.6,32.6,32.4,32.4,32.5,33,33.2,33.4,33.5,33.8,34.1,34.5,34.8,35.1,35.1,35.1,35.1
246,"FIN","Finland",91.7,92.1,92.6,92.9,93.1,93.4,93.7,93.5,93.2,93.2,93.1,93.1,93.1,93.5,94.1,94.9,96,97.1,98.3,99.4,100,100,100,100,100,100,100,100,100,100
250,"FRA","France",82.8,82.9,83.2,83.1,83.2,83.2,83.5,83.6,83.3,83.2,83.1,82.9,82.6,82.4,82.4,82.7,83.7,83.6,83.4,83.4,83.4,84.1,85,86,86.7,87.2,87.6,87.6,87.6,87.6
258,"PYF","French Polynesia",NA,NA,NA,NA,NA,NA,NA,NA,NA,NA,NA,NA,NA,NA,NA,NA,NA,NA,NA,NA,NA,NA,NA,NA,NA,NA,NA,NA,NA,NA
266,"GAB","Gabon",16.9,17.6,18.2,18.8,19.4,19.8,20.3,20.9,21.5,22,22.4,23.2,23.9,24.8,25.7,26.8,28,29.1,29.8,30.4,31,31.8,32.4,33.1,33.9,34.6,35.3,35.3,35.3,35.3
270,"GMB","Gambia",10.3,11.2,12,12.2,12.5,13.8,14.7,15.4,15.8,14.9,15.3,16,16.4,17.4,18.3,19.3,21,21.5,22.8,22.5,23.5,23.5,23.1,23.8,24.1,25,25.7,25.7,25.7,25.7
268,"GEO","Georgia",39.9,41.5,42,44.2,46.7,50,51.2,52.7,54.8,56.3,59,61,61.2,61.2,61.6,61.9,62.9,63.7,64.7,66.3,67.5,68.4,71.1,72.9,74.7,75.5,76.1,76.1,76.1,76.1
276,"DEU","Germany",91.6,92,92.3,92.5,92.7,92.9,93.2,92.9,92.4,92.1,91.7,91.3,90.7,90.4,90.4,90.7,91.6,92.4,93.1,94.2,95,96.3,97.8,99.4,100,100,100,100,100,100
288,"GHA","Ghana",12.6,13.1,13.8,14.3,14.9,15.3,15.8,16.2,16.3,16.8,17.2,17.6,18.2,19.4,20.1,20.9,21.4,22.8,23.5,23.8,24.2,24.7,25.1,25.8,26.6,27.2,27.8,27.8,27.8,27.8
300,"GRC","Greece",96.6,96.4,96.2,96,95.9,95.7,95.5,95.4,95.4,95.4,95.3,95.2,95.1,95,95,95.1,95.4,95.7,95.9,96.2,96.4,97.1,98.4,99.9,100,100,100,100,100,100
304,"GRL","Greenland",79.9,80.1,80.5,81.2,81.4,81.5,82.6,83.8,85,86.1,87.2,88,88.7,89.5,90.5,91.6,92.1,92.2,92.4,92.9,93.4,94.1,94.7,95.1,95.5,95.2,96.4,96.4,96.4,96.4
308,"GRD","Grenada",47.5,47.7,48.2,49.4,51.5,52.2,52.3,52.4,52.1,51.9,51.5,51.5,51.6,51.7,51.8,52,52.1,52.4,52.6,52.3,52.6,52.9,53,53.1,53.2,53,53,53,53,53
320,"GTM","Guatemala",14.2,15.3,15.9,16.3,17.8,17.5,17.9,18.5,19.3,20.3,21.2,22.3,23,23.6,24.7,25.2,25.8,26.4,26.9,27.1,27.5,27.4,28.5,29,28.6,30.3,31,31,31,31
831,"GGY","Guernsey",NA,NA,NA,NA,NA,NA,NA,NA,NA,NA,NA,NA,NA,NA,NA,NA,NA,NA,NA,NA,NA,NA,NA,NA,NA,NA,NA,NA,NA,NA
324,"GIN","Guinea",1.7,2.6,3.2,3.9,4.7,5.6,6.3,7,7.5,7.6,8.2,8.6,9.2,10,11,11.5,12.4,13.3,14,14.7,15.4,16.1,17.1,18.1,18.9,19.6,20.7,20.7,20.7,20.7
624,"GNB","Guinea-Bissau",4,0,0.7,5.6,6.1,6.1,6.2,6.4,6.8,7.2,5.3,8.3,7.9,7.1,9.6,10.4,11.6,13.5,14,15.1,16.1,16.5,17.2,18.2,19,19.6,20.3,20.3,20.3,20.3
328,"GUY","Guyana",24.9,25.6,26.1,26.7,26.4,24.9,28.3,30.4,31.3,32.1,31.1,31.7,33.1,34,34.1,35.2,36.2,37.1,37.7,37.4,38,38.5,38.9,39.1,40,40.7,41.3,41.3,41.3,41.3
332,"HTI","Haiti",5.6,6.3,6.9,7.8,8.4,9.3,9.8,10.3,10.7,11,11.4,12,12.5,13,13.5,11.2,5.8,14.4,13.6,14.9,15.6,15.3,16.9,17.5,17.9,18.3,18.5,18.5,18.5,18.5
336,"VAT","Holy See",NA,NA,NA,NA,NA,NA,NA,NA,NA,NA,NA,NA,NA,NA,NA,NA,NA,NA,NA,NA,NA,NA,NA,NA,NA,NA,NA,NA,NA,NA
340,"HND","Honduras",19.8,21.1,22.1,23.1,24.1,25.1,25.9,26.6,27.3,27.9,28.7,29.3,30.1,30.6,31.8,32.4,33,33.5,34.2,34.8,35.4,36,36.5,37.1,37.7,38.3,38.7,38.7,38.7,38.7
344,"HKG","Hong Kong",NA,NA,NA,NA,NA,NA,NA,NA,NA,NA,NA,NA,NA,NA,NA,NA,NA,NA,NA,NA,NA,NA,NA,NA,NA,NA,NA,NA,NA,NA
348,"HUN","Hungary",75,76.1,76.8,77.6,79.8,79.6,81.5,82.5,83.8,84.9,85.2,85.6,85.6,84.8,82.8,79.7,76.1,73.1,71.3,70.6,70.1,70.8,71,70.9,69.6,70.6,71.4,71.4,71.4,71.4
352,"ISL","Iceland",92.6,92.7,93.1,93.4,93.7,94.1,94.4,94.4,94.1,93.9,93.6,93.3,93.1,93.1,93.1,93.2,93.6,93.7,94,94.3,94.6,95.3,96.2,97.6,98.8,99.2,99.4,99.4,99.4,99.4
356,"IND","India",5.4,6,6.6,7.3,8.3,9.2,10,10.7,11.3,12,12.6,13.2,13.7,14.3,15.1,15.8,16.6,17.5,18.2,19.1,20.2,21.3,22.1,22.9,24,24.9,25.5,25.5,25.5,25.5
360,"IDN","Indonesia",11.8,13,14.1,15,15.8,16.7,17.5,18.3,19.1,19.8,20.5,21.3,22,22.7,23.5,24.3,25.1,25.9,26.6,27.3,27.9,28.7,29.2,29.7,30.1,30.6,31,31,31,31
364,"IRN","Iran",45.2,46.2,46.8,47.5,48.3,49.1,50.9,52,53,53.9,54.7,55.5,56.3,57.2,58.2,59,59.6,60.2,60.7,61.4,62.2,63.2,63.9,64.3,64.7,66.3,67.5,67.5,67.5,67.5
368,"IRQ","Iraq",37.2,37.5,38.2,39,39.9,41,42,42.7,42.9,43.7,44.4,45.1,45.5,46.3,47.4,48.2,49.1,50.6,51.7,52.2,53.2,54,54.7,55.5,55.2,56.8,57.4,57.4,57.4,57.4
372,"IRL","Ireland",90.5,91,91.5,91.9,92.3,92.6,92.8,92.8,92.7,92.5,92.2,91.7,91,90.6,90.4,90.2,90.1,89.5,88.7,88.3,88.3,89.3,91.7,94.9,97.8,99.6,100,100,100,100
833,"IMN","Isle of Man",NA,NA,NA,NA,NA,NA,NA,NA,NA,NA,NA,NA,NA,NA,NA,NA,NA,NA,NA,NA,NA,NA,NA,NA,NA,NA,NA,NA,NA,NA
376,"ISR","Israel",87,87.7,88,87.9,87.5,87.3,87.5,87,86.6,86.5,86.2,85.6,85,84.8,85.1,85.4,86.3,86.8,87.5,88.4,89.1,89.8,90.4,91.4,92,93,93.8,93.8,93.8,93.8
380,"ITA","Italy",95.8,96.4,97.2,98.2,99,99.6,100,100,100,100,100,100,100,100,100,100,100,99.9,99.8,99.6,99.2,98.4,98.2,98.5,99.6,100,100,100,100,100
388,"JAM","Jamaica",40.9,45,47.1,47.9,48.4,49.1,51.1,52.2,52.2,52.6,52.4,51.8,52.1,52.5,51.7,52.8,52.3,52.8,53.1,51.6,51.9,52.2,52.5,52.8,53,53.3,53.5,53.5,53.5,53.5
392,"JPN","Japan",77,77.3,77.5,77.7,78,78.2,78.3,77.5,76.4,75.6,75,74.5,74.5,74.6,74.9,75.1,75.2,75,75.1,75.2,75.3,75.4,75.7,75.9,76.2,76.5,76.7,76.7,76.7,76.7
832,"JEY","Jersey",NA,NA,NA,NA,NA,NA,NA,NA,NA,NA,NA,NA,NA,NA,NA,NA,NA,NA,NA,NA,NA,NA,NA,NA,NA,NA,NA,NA,NA,NA
400,"JOR","Jordan",54.1,54.5,54.9,55.1,55.5,55.9,56.3,56.7,57,57.2,57.5,58,58.4,58.7,58.9,59.2,59.3,59.4,59.7,60.1,61.2,61.8,63,64.4,65,65.4,65.5,65.5,65.5,65.5
398,"KAZ","Kazakhstan",32.6,33.7,33.6,37,39.3,41.9,45,48.4,51.4,53.1,55.1,55.4,56.4,56.5,59.4,61.8,64.1,67.1,69.4,71.3,71.1,72.3,73.7,74.2,74.5,75.4,75.9,75.9,75.9,75.9
404,"KEN","Kenya",9.4,9.8,9.9,10.1,10.4,11,11.4,11.6,11.6,11.9,12,12.2,12.3,12.7,13,13.3,13.8,14.5,15.3,16.5,17.3,18.1,18.7,19.5,20.2,20.9,21.7,21.7,21.7,21.7
296,"KIR","Kiribati",12.2,12.8,13.4,14,14.3,14.8,15.5,16.1,16.8,17.3,17.8,18.1,18.1,18.3,18.3,18.3,18.3,18.6,18.8,19,19.6,20,20.5,20.9,21.4,21.6,22,22,22,22
689,"XKX","Kosovo",NA,NA,NA,NA,NA,NA,NA,NA,NA,NA,NA,NA,NA,NA,NA,NA,NA,NA,NA,NA,NA,NA,NA,NA,NA,NA,NA,NA,NA,NA
414,"KWT","Kuwait",70.9,72.5,72.4,71,69.7,68.9,70,69.5,69.3,69.5,69.6,69.9,69.5,69.1,69.7,70.4,70.2,70,70,70,70.2,70.5,71.1,71.5,71.8,72.8,73.6,73.6,73.6,73.6
417,"KGZ","Kyrgyzstan",31.2,32,30.6,30.8,31.4,33.5,35.2,37.4,40.2,41.8,42.3,42.4,43.1,44.5,46.9,49,49.6,51.3,53.5,53.9,54.3,56.9,59.7,60.9,61.2,62.3,62.6,62.6,62.6,62.6
418,"LAO","Laos",7,7.7,8.4,9.1,9.9,10.6,11.8,12.7,13.8,14.9,15.9,17.1,18.4,19.1,20.3,21.6,22.9,23.9,25,26.2,27.3,28.4,29.5,30.4,31.2,32.5,33.1,33.1,33.1,33.1
428,"LVA","Latvia",65.2,67.5,68.9,69.6,70.2,71.6,72.4,73.3,74.2,75.1,75.7,76.3,76.6,77.1,77.5,77.5,77.5,77.8,78,78.2,78.3,78.9,79.8,81.1,82.1,82.8,83.4,83.4,83.4,83.4
422,"LBN","Lebanon",48.6,49.2,49.6,49.8,50,50.2,50.4,50.8,51.1,51.4,51.6,52,52.2,52.5,52.6,52.8,52.9,53.2,53.7,54.2,54.3,54.3,54.4,54.7,55.1,55.6,55.8,55.8,55.8,55.8
426,"LSO","Lesotho",4.1,4.6,4.9,4.9,4.7,4.4,4.3,4.2,4.2,4.1,4.3,4.5,4.6,4.7,5.5,6.1,6.3,6.8,7.8,8.4,8.5,8.7,9,9.2,9.3,9.5,9.8,9.8,9.8,9.8
430,"LBR","Liberia",0.4,0.4,1.4,2.1,2.7,3.4,4.4,5.7,6.5,7.5,7.8,9,10.2,10.8,10.5,10.5,10.9,11.1,11.8,13,14.1,15.3,16.4,17.3,17.7,18.4,19.1,19.1,19.1,19.1
434,"LBY","Libya",45.9,48.1,49.2,50.2,51.2,52.1,52.8,53.2,53.7,54.2,54.6,54.8,54.9,55.3,55.9,56.3,56.8,57.4,58.4,58.4,58.3,57.7,57.6,58.1,58.3,58.3,58.2,58.2,58.2,58.2
438,"LIE","Liechtenstein",NA,NA,NA,NA,NA,NA,NA,NA,NA,NA,NA,NA,NA,NA,NA,NA,NA,NA,NA,NA,NA,NA,NA,NA,NA,NA,NA,NA,NA,NA
440,"LTU","Lithuania",62.4,64.6,66,66.7,66.7,68,69.3,70.5,71.7,72.5,73.4,74,74.5,74.9,75.4,75.4,75.5,75.9,75.9,75.8,75.6,75.5,75.6,75.6,75.8,76.6,77.1,77.1,77.1,77.1
442,"LUX","Luxembourg",92,92.2,92.5,92.5,92.6,92.6,92.4,92,91.5,91.3,91.1,90.9,90.9,91.6,92.3,92.8,94.1,95.1,95.2,95.8,96.3,96.7,97.2,97.7,98.7,99.3,99.8,99.8,99.8,99.8
446,"MAC","Macao",NA,NA,NA,NA,NA,NA,NA,NA,NA,NA,NA,NA,NA,NA,NA,NA,NA,NA,NA,NA,NA,NA,NA,NA,NA,NA,NA,NA,NA,NA
450,"MDG","Madagascar",4.2,4.5,4.8,5.2,5.2,5.9,6.2,6.7,7,7.2,6.8,7,7,6.9,7,7.4,7.4,7.7,8.4,9.2,9.7,10.2,10.8,11.5,12.4,12.8,13.5,13.5,13.5,13.5
454,"MWI","Malawi",1.6,2.4,3.3,4,4,4.7,5,5.8,6.7,7.5,8.2,8.7,9.3,10.1,10.5,10.9,11.3,12.3,13.2,13.9,14.5,15,15.5,16,16.4,17.1,17.8,17.8,17.8,17.8
458,"MYS","Malaysia",47,48.2,48.7,49.3,49.8,51.1,51.8,52.5,53.1,52.9,52.6,52.5,52.3,52,51.7,51.7,51.4,51.3,51.2,50.9,50.7,50.7,50.6,50.8,50.8,51.5,50.9,50.9,50.9,50.9
462,"MDV","Maldives",21.5,22.6,24.7,26.2,28.3,29.7,31.5,33.4,34.6,35.8,37.2,37.8,38.8,39.6,40.2,40.8,41.3,41.8,42.3,42.8,43.3,43.7,44,44.5,44.9,45.4,45.2,45.2,45.2,45.2
466,"MLI","Mali",3.3,3.5,4.6,5.2,5.7,6,6.5,6.2,6.6,7.1,7.6,8.2,9,9.4,10.1,11,11.9,12.5,13.2,14.3,15.2,15.3,15.9,16.6,17.4,18.1,19,19,19,19
470,"MLT","Malta",87.5,87.7,88.2,88.8,89.3,89.8,90.3,90.3,90.2,90.1,90.1,90,90,90.1,90.4,90.7,91.2,91.5,91.6,91.8,92.1,92.8,93.9,95.3,96.2,96.7,97.1,97.1,97.1,97.1
584,"MHL","Marshall Islands",30.1,30.5,31.2,31.5,31.8,24.5,32.4,32.7,32.9,33.1,33.3,33.7,34,34.6,34.8,34.8,34.9,35,35,35.1,35.1,34.9,35.4,35.8,36.2,36.4,36.8,36.8,36.8,36.8
478,"MRT","Mauritania",12.3,11.9,12.5,12.6,13.2,13.3,13.7,14.1,14.8,15.2,15,15.7,16.7,17.8,18.1,19.3,20.3,20.6,21.6,23.3,24.3,25.4,25.9,26.7,26.8,27.5,27.7,27.7,27.7,27.7
480,"MUS","Mauritius",54.7,55.4,57.1,57.9,58.1,59,59.6,60.2,61.1,60.4,60.1,58.6,58.2,57.9,58.2,59.3,59.7,59.5,59.8,60.2,60.1,60.3,61,61.6,62.3,63.1,63.4,63.4,63.4,63.4
484,"MEX","Mexico",33.5,35.2,36.6,38.3,39.9,41.1,42,42.8,43.6,44.7,45.3,46.5,47.5,48.8,50.4,51.6,52.2,52.4,52.5,53.5,54,54.5,55.9,56.6,56.2,57.1,57.4,57.4,57.4,57.4
583,"FSM","Micronesia",31.4,31.9,32.7,33.3,33.8,22.1,35.1,35.7,36.2,36.6,36.8,37.3,37.7,38.5,38.7,38.7,38.5,38.4,38.2,38,37.8,37.7,37.9,38.2,38.6,39,39.3,39.3,39.3,39.3
498,"MDA","Moldova",47.4,48.8,50.2,51.2,51.8,52.8,53.7,55.1,56.2,57.6,59.1,60.9,61.7,62,62.2,62.8,62.8,64.1,65.2,66,65.9,66.6,66.4,66.5,67.4,68.2,68.8,68.8,68.8,68.8
492,"MCO","Monaco",98.4,98.6,98.9,99.2,99.4,99.6,99.8,99.8,99.7,99.6,99.6,99.6,99.5,99.5,99.6,99.7,99.9,99.9,99.9,100,100,100,100,100,100,100,100,100,100,100
496,"MNG","Mongolia",39.6,39.7,41.1,41.9,42.6,43.4,44.8,46,46.9,47.8,48.8,49.5,50.1,50.7,51.7,52.9,53.9,54.6,56,57.4,59.5,60.6,61,61.7,62.2,64,63.6,63.6,63.6,63.6
499,"MNE","Montenegro",83.9,83.9,84,84.2,84.2,84.4,84.6,85.1,85.5,86,86.3,86.6,86.8,86.5,86.4,86.3,86.9,87.4,87.9,88.6,89.5,90.4,92,93.4,94.2,94.8,95.2,95.2,95.2,95.2
504,"MAR","Morocco",22.1,23.1,24,24.9,25.8,26.7,27.5,28.3,29.3,30.1,31,31.9,32.9,34.1,35.2,36.8,38.5,40.1,41.6,42.1,43.3,44.4,45.5,46.5,47.6,48.7,49.5,49.5,49.5,49.5
508,"MOZ","Mozambique",6.1,6.5,6.6,6.9,7,8,8.9,9.7,10.4,11,11.7,11.5,11.9,12.2,12.7,13.4,14.3,14.7,15.4,15.9,17,17.8,18.7,19.4,19.7,20.5,21.3,21.3,21.3,21.3
104,"MMR","Myanmar",10.8,11.7,12.7,13.7,14.9,16,17.6,19.1,20.6,21.3,22.2,23.3,24.5,25.5,26.6,27.4,28.2,29,29.7,30.6,31.3,31.9,32.7,33.5,34.2,35.4,36.2,36.2,36.2,36.2
516,"NAM","Namibia",9.8,10.3,10.7,10.8,10.9,11,11.4,11.5,11.9,12.3,12.5,12.8,12.9,13.1,13.5,14.1,14.7,15.5,15.8,16.7,17.6,18.2,18.8,19.2,19.5,19.8,20.2,20.2,20.2,20.2
520,"NRU","Nauru",33.4,33.3,33.4,33.1,33.1,33,33,33.2,33.5,33.6,33.8,34.1,34.3,34.8,34.8,35,35.3,35.6,36.2,36.9,37.3,37.5,38.1,38.6,39,39.4,39.8,39.8,39.8,39.8
524,"NPL","Nepal",10.7,11.4,12.3,13.1,14.1,15,16,17,18,18.9,19.3,19.9,20.8,21.8,22.2,23.8,25.3,26.6,27.5,28.7,29.5,30.4,31.1,32.1,32.9,34,34.7,34.7,34.7,34.7
528,"NLD","Netherlands",89.8,89.7,89.8,89.8,89.6,89.4,89.2,88.6,87.9,87.4,87.1,86.8,86.6,86.5,86.6,86.7,87.1,87.1,87.2,87.3,87.4,87.9,88.9,90,90.8,91,91.3,91.3,91.3,91.3
540,"NCL","New Caledonia",NA,NA,NA,NA,NA,NA,NA,NA,NA,NA,NA,NA,NA,NA,NA,NA,NA,NA,NA,NA,NA,NA,NA,NA,NA,NA,NA,NA,NA,NA
554,"NZL","New Zealand",78.5,78.9,79.4,81.2,81.9,82.4,83.8,84.3,84.8,84.8,84.5,83.1,80.6,79.5,78.6,79.3,79.2,79.3,80.4,80,81.3,82.6,82.7,84,84.5,85.5,85.7,85.7,85.7,85.7
558,"NIC","Nicaragua",20.6,22.3,24.3,25.7,27.4,28.9,30.1,31.2,32.3,33.3,34.1,36.2,37.2,38.2,39.1,40,41,41.9,42.7,43.6,44.4,45.4,46.1,46.6,47.1,48.1,48.7,48.7,48.7,48.7
562,"NER","Niger",0,0,0,0,0,0,0,0,0,0,0,0.6,1.5,3.1,3.8,4.7,5.4,6.3,6.9,8.3,9.5,9.9,10.4,11.2,11.9,12.2,12.8,12.8,12.8,12.8
566,"NGA","Nigeria",0.2,0.3,0.6,0.8,1,1.2,1.4,1.8,2.3,2.7,3.1,3.3,3.6,4.3,4.8,5.2,6.2,7,7.7,8.5,9.3,9.9,10.8,11.6,12.5,13.9,14.5,14.5,14.5,14.5
570,"NIU","Niue",38.7,38.9,39.3,39.4,39.6,39.9,40.2,40.7,41.2,41.6,42.1,42.6,42.9,43.3,43.3,43.2,43,42.9,42.8,42.7,42.5,42.9,43.3,43.6,44,38.7,38.7,38.7,38.7,38.7
408,"PRK","North Korea",64.6,64.7,64.8,64.9,64.9,65,64.7,64.4,63.9,63.4,62.9,62,60.9,59.8,59,58.4,58.3,58.3,58.4,58.4,58.2,57.9,57.6,57.6,57.6,57.3,58.7,58.7,58.7,58.7
807,"MKD","North Macedonia",45.5,47.8,49.1,49.9,53.7,56.3,57.4,58.5,58.7,60.1,61.6,61.4,61.9,61.9,61.5,62.7,62.7,61.6,61.6,61.9,62.2,61.3,62.8,65.5,66,67.6,69.4,69.4,69.4,69.4
578,"NOR","Norway",96.4,96.5,97.2,97.7,97.6,97.9,98.5,98.1,98.2,98.8,97.6,97.3,96.7,95.9,95.7,96.1,96.6,97.1,98,98.7,99.2,99.9,99.7,99.4,99.3,99.8,99.9,99.9,99.9,99.9
512,"OMN","Oman",50.1,51.2,52.2,53.1,54,54.9,56,57.1,58.1,59,59.8,60.3,60.5,60.5,60.4,60.7,60.8,61,61.2,61.2,61.1,60.9,60.9,61.1,61.3,61.9,62.4,62.4,62.4,62.4
586,"PAK","Pakistan",9.9,10.6,11.1,11.7,12.2,12.7,13.2,13.7,14.3,14.7,15.2,15.8,16.4,16.7,17.4,18.2,19,19.8,20.3,20.9,21.4,22.4,23.3,24.4,25.3,27.1,27.9,27.9,27.9,27.9
585,"PLW","Palau",32.8,33.2,33.9,34.2,34.4,34.7,35,35.2,35.5,35.6,35.8,35.9,36.1,36.8,36.7,36.6,36.6,36.5,36.3,36.3,36.3,36.1,36.2,36.4,36.6,36.7,36.7,36.7,36.7,36.7
591,"PAN","Panama",39.2,39.6,39.9,39.7,41.1,41.5,41.8,42.5,42.3,42.3,42.2,43.6,43.4,44.5,43.9,45,46.1,46.5,46.6,47.2,48.3,47.4,47,47.6,48,48.8,49.2,49.2,49.2,49.2
598,"PNG","Papua New Guinea",15.2,15.7,16.2,16.3,16.5,16.8,17.2,17.5,18,18.3,18.2,18.2,18.3,18.4,18.2,18.2,18.6,18.7,19,19.2,19.6,19.9,20.3,20.8,21.1,21.4,21.8,21.8,21.8,21.8
600,"PRY","Paraguay",31,32.2,33.8,35.2,36.4,37.7,38.6,39.4,40.6,41.9,43.1,44.5,46.3,48,49.2,51.2,52.2,53.1,53.9,54.9,56.1,56.6,56.7,57.1,57.5,58,58.3,58.3,58.3,58.3
604,"PER","Peru",31.3,32.8,33.9,34.8,36.1,37.3,38.7,40,41.1,42.2,43.2,44.5,45.9,47,48.4,49.6,50.8,51.9,52.8,53.5,54.1,54.5,54.7,54.9,55.6,56.9,57.7,57.7,57.7,57.7
608,"PHL","Philippines",24.3,25.2,26.2,27,27.1,27.4,28.1,28.9,29.7,30.7,31,31.5,32.1,32.6,33.1,33.7,34.3,35.2,36.2,36.9,37.5,37.8,38.4,38.9,39.3,39.9,40.4,40.4,40.4,40.4
616,"POL","Poland",85.6,85.7,87.7,89.2,90.3,91.3,91.7,92.5,94.2,95.6,95.4,96.2,94.1,93.5,91.6,89.5,88.5,86.7,83.8,82,80.6,79.4,77.1,76.8,77,77.5,77.8,77.8,77.8,77.8
620,"PRT","Portugal",80.4,81.1,82.3,83.5,85,86.2,87.1,87.7,88.2,88.7,89.1,89.4,89.7,90.4,91.3,92.5,93.7,93.9,94,94.3,94.5,94.7,95.2,95.7,96.5,97.1,97.6,97.6,97.6,97.6
634,"QAT","Qatar",66,66.3,66.7,66.9,67.2,67.5,67.5,67.6,67.8,67.9,68.1,68.3,68.5,68.7,69.5,69.8,70.3,70.8,71.4,71.9,72.3,72.4,72.5,72.5,72.5,72.5,72.9,72.9,72.9,72.9
178,"COG","Republic of Congo",10.1,10.3,10.3,10.8,11.1,11.5,12.1,12.5,12.9,13.4,13.5,13.9,14.1,14.7,15.3,16.2,17,17.9,19,20.4,21.2,22,22.9,23.7,21.9,24.8,25.4,25.4,25.4,25.4
642,"ROU","Romania",55.6,55.4,56.5,57.3,59.1,59.1,61.1,62.8,64.1,65.1,67.2,69.5,73.2,73.3,73.4,72.3,70.9,70,69.2,69,68.5,68.6,67.8,68,68.8,69.6,69.6,69.6,69.6,69.6
643,"RUS","Russia",57.7,59.2,60,60.1,59.2,60.2,61.1,62.7,63.8,65.3,66.5,67.8,68.7,69.9,70.8,71.3,71.5,71.4,72.1,72.7,73.6,74.5,75.6,76.9,78,78.9,79.6,79.6,79.6,79.6
646,"RWA","Rwanda",6,6.7,8.2,8.9,9.2,9.6,10.1,10.8,11.5,11.6,12.3,13.1,14.1,15.1,16.3,17.2,18,19.6,20.7,20.9,21.4,22.1,23.2,24,24.5,24.9,25.5,25.5,25.5,25.5
652,"BLM","Saint Barthelemy",NA,NA,NA,NA,NA,NA,NA,NA,NA,NA,NA,NA,NA,NA,NA,NA,NA,NA,NA,NA,NA,NA,NA,NA,NA,NA,NA,NA,NA,NA
659,"KNA","Saint Kitts and Nevis",33.8,34.7,36.4,37.2,39.3,41.1,43.2,44.4,44.7,44.9,44.3,44.2,44.4,44.8,45.2,45.6,45.2,45.5,45.3,44.6,45.4,45.8,46.2,46.6,46.8,47.3,47.3,47.3,47.3,47.3
662,"LCA","Saint Lucia",42,42.7,43.7,45.3,47,48.6,50.2,51,51.1,51.1,50.5,50.7,50.8,51,51.5,52.1,51.9,52.1,52,51.4,51.7,51.9,52,52.2,52.2,52.3,52.1,52.1,52.1,52.1
670,"VCT","Saint Vincent and the Grenadines",36.7,37.5,38.6,40,41.7,43.5,45.3,46.7,46.4,47,46.6,47,47.3,47.7,48.3,49,49,49.3,49,48.1,48.8,49.7,50,50.3,50.7,51.1,51.1,51.1,51.1,51.1
882,"WSM","Samoa",46.4,46.7,47,47.5,47.8,48.3,48.9,49.4,49.9,50.4,50.8,51.1,51.4,51.8,51.7,51.7,51.7,51.6,51.6,51.6,51.6,51.6,51.7,51.7,51.8,51.7,51.9,51.9,51.9,51.9
674,"SMR","San Marino",96.9,97.3,97.7,98.1,98.6,98.9,99.1,99.1,99,98.9,98.9,98.8,98.8,98.7,98.7,98.8,99,99,99,99.1,99.2,99.7,100,100,100,100,100,100,100,100
678,"STP","Sao Tome and Principe",12.6,13.2,14.1,15,15.6,18.5,19.3,20.5,21.6,22.6,18.4,20.7,23.3,23.3,25.4,26,28.5,30.7,31.7,32,33.1,34.8,35.7,36.4,37.2,37.8,38.5,38.5,38.5,38.5
682,"SAU","Saudi Arabia",43.6,44.8,45.9,46.8,47.7,48.5,49.3,50.1,51,51.8,52.8,53.7,54.5,55.3,55.9,56.6,57.4,58.1,59.3,59.9,60.3,60.6,60.9,61.1,61.4,61.8,61.9,61.9,61.9,61.9
686,"SEN","Senegal",6.1,6.6,7.6,8.2,8.8,10.1,8.8,9.7,10.9,10.8,11.3,12.8,13.7,14.8,15.9,17.5,18.6,20.3,21.4,22.2,23.7,24,24.9,25.9,26.6,27.4,28.3,28.3,28.3,28.3
688,"SRB","Serbia",69.5,70.4,71.1,71.6,73.1,73.7,73.8,73.6,72.8,73.9,74.9,75.5,76.1,78,76.8,76.9,77,77.5,77.1,77.2,77.3,77.5,77.9,78.7,79.3,80.4,81,81,81,81
690,"SYC","Seychelles",45.6,45.9,46.3,46.6,46.8,47.1,47.3,47.4,47.5,47.5,47.5,47.5,43.8,47.6,47.6,47.6,47.7,47.7,47.8,48,48.1,48.4,49.3,49.8,50.2,51.3,51.8,51.8,51.8,51.8
694,"SLE","Sierra Leone",2.7,3.6,4,4,3.8,3.7,4.3,5,5.5,5,5.5,6,6.9,7.8,9.3,9.8,10.6,10.9,12.3,13.8,14.7,15.3,15.7,16.5,17.1,17.7,18.3,18.3,18.3,18.3
702,"SGP","Singapore",86.1,87.5,88.6,88.3,90.4,90.9,92.8,93.5,93.7,93.8,93.5,92.4,92.5,93,93.2,93.3,93.7,93.6,94.4,95.5,95.9,96,96.8,97.2,97.9,98.7,98.7,98.7,98.7,98.7
534,"SXM","Sint Maarten",NA,NA,NA,NA,NA,NA,NA,NA,NA,NA,NA,NA,NA,NA,NA,NA,NA,NA,NA,NA,NA,NA,NA,NA,NA,NA,NA,NA,NA,NA
703,"SVK","Slovakia",84.6,85.3,86.1,86.6,87.3,87.9,89.2,89.2,88.9,88.9,89,89.2,89.2,89,88.6,88.4,88.3,87.8,87.6,87.2,86.7,86.4,86.1,86.1,86.5,87.1,87.6,87.6,87.6,87.6
705,"SVN","Slovenia",90.6,91.5,91.7,92.2,93.5,93.6,94.2,94.2,94.4,94.6,94.6,94.8,94.7,94.5,93.7,92.4,90.7,89.7,88.6,88.4,87.7,87.6,87.5,87.5,86.9,87.7,88.2,88.2,88.2,88.2
90,"SLB","Solomon Islands",24.5,25.2,25.8,25.8,26.2,26.5,27,27.4,28,28.7,29.1,29.3,29.5,30,30.2,30.5,30.8,31.3,31.6,31.9,31.9,32.3,32.7,33.2,33.6,34.4,34.7,34.7,34.7,34.7
706,"SOM","Somalia",0,0.3,0.5,0.8,1.2,1.3,2,2.6,3.2,3.8,4.5,5,4.6,5.2,5.7,6.3,6.6,6.9,6.9,7.1,7.4,7.4,8,8.3,8.4,8.8,9.4,9.4,9.4,9.4
710,"ZAF","South Africa",13.9,14.3,14.6,14.7,15,14.9,14.9,14.9,15,15.1,15.3,15.7,16.2,16.7,18,18.7,19.2,19.8,20.7,21.2,21.8,22.4,22.9,23.3,23.7,25,25.2,25.2,25.2,25.2
410,"KOR","South Korea",76.9,78.1,79.1,80.1,81,81.8,82.7,83,83.1,83.3,83.6,83.7,83.9,84.2,84.6,84.9,85.4,85.6,85.9,86.2,86.5,86.8,87.2,87.5,87.7,88.3,88.9,88.9,88.9,88.9
728,"SSD","South Sudan",0,0.4,0.9,1.2,1.6,1.9,2.3,2.7,2.9,2.9,2.6,1.7,2.1,2.4,2.8,3.5,4.1,4.1,4,3.9,3.8,3.6,3.3,3,3.7,4.4,4.9,4.9,4.9,4.9
724,"ESP","Spain",91.8,91.9,92.1,92.1,92.2,92,91.9,91.6,91.4,91.3,91.2,91,90.7,90.8,91.1,91.2,91.7,92,92.3,92.5,92.6,93,93.5,94.3,94.9,95.4,95.7,95.7,95.7,95.7
144,"LKA","Sri Lanka",34.6,35.5,36.7,38.2,39.8,40.9,42,43.1,44,44.4,44.5,45.2,45.9,46.2,46.6,47.1,47.7,48.3,48.7,49.2,49.7,50.1,50.3,50.6,50.9,51.8,51.4,51.4,51.4,51.4
275,"PSE","State of Palestine",47.1,48.4,49.7,50.8,51.8,52.5,53.1,53.4,53.7,54,54.3,54.7,55.1,55.7,56.5,57.4,58,58.5,59.1,59.6,60,61.5,62.7,64.1,65.4,66.7,67,67,67,67
729,"SDN","Sudan",15.7,15.7,16.8,16.5,18.1,19.1,19.9,20.7,21.5,22.2,22.7,22.8,24.4,25.3,26.2,27.4,29.4,30.7,31.8,33,34.4,35.7,35,38.1,39.1,40.1,40.8,40.8,40.8,40.8
740,"SUR","Suriname",27.8,28.4,29,29.7,30.5,31.7,32.6,33,33.6,34.3,34.9,35.5,35.8,36.4,36.8,37.4,38.1,38.5,38.8,39.1,39.5,39.8,39.8,40,40.2,40.7,41.1,41.1,41.1,41.1
752,"SWE","Sweden",100,100,100,100,100,100,100,100,99.8,100,99.7,99.3,98.6,98.3,96.7,96.2,96.2,96.4,96.3,96.6,96.6,96.2,96.3,96.4,96.6,96.9,97.4,97.4,97.4,97.4
756,"CHE","Switzerland",96.1,96.5,96.8,97,97,97.1,97.3,97,96.7,96.4,96.1,95.7,95.6,95.6,95.7,95.9,96.3,96.5,96.6,96.8,96.8,97.4,98,99,99.7,100,100,100,100,100
760,"SYR","Syria",49.7,51.2,52.6,54.1,55,56.4,57.4,58.2,59.2,59.8,60,60.1,60.7,60.9,61.2,61.6,61.9,62.4,62.6,62.6,62.7,63,63.4,63.8,64.2,64.7,65,65,65,65
158,"TWN","Taiwan",65.9,67,68.5,69.8,70.7,71.2,71.5,72,72.3,69.9,69.6,70,69.9,69.6,69.3,68.8,68.4,68,68.2,68.1,68,68,68,67.9,67.9,67.8,68,68,68,68
762,"TJK","Tajikistan",17,17,17.1,17.3,17.5,18,18.6,19.5,20.5,21.5,22.6,23.3,24.1,24.9,25.6,26.4,27.1,27.6,28.1,28.6,30.4,31,31.6,32,32.1,32.9,33.1,33.1,33.1,33.1
834,"TZA","Tanzania",6.9,7.3,7,7.6,8.7,9.5,10.1,10.4,10.9,11.3,11.9,12.3,12.6,13,13.3,13.8,14.3,14.8,16.1,16.9,17.2,17.7,18.4,19.2,20,20.7,21.4,21.4,21.4,21.4
764,"THA","Thailand",32.1,33.3,34.4,35,35.5,35.9,36.8,37.4,38.1,38.6,39.2,39.5,39.8,40.4,41,41.3,41.8,42.4,43,43.4,43.7,43.7,44,44.1,44.4,44.6,44.6,44.6,44.6,44.6
626,"TLS","Timor-Leste",10.6,11.7,12.9,14.1,15,16,17.3,18.5,19.3,21.1,22.2,23.8,25,26.6,27.5,28.4,28.9,29.6,30.3,30.9,31.4,31.8,32.2,32.6,33.4,33.8,34.1,34.1,34.1,34.1
768,"TGO","Togo",5.1,5.5,6,5.9,6.7,6.9,7.2,6.9,7.3,7.7,8,8.2,8.8,9.1,9.2,9.7,10.2,11.1,12,13.3,14.1,14.5,15,16,16.6,17.4,18.2,18.2,18.2,18.2
776,"TON","Tonga",46.2,46.5,47,47.2,47.1,47.4,47.7,48,48.3,48.7,48.8,48.7,48.7,48.8,48.7,48.5,48.4,48.4,48.2,48.2,48.1,48,48.2,48.3,48.5,48.4,49.1,49.1,49.1,49.1
780,"TTO","Trinidad and Tobago",43.4,44.1,44.9,45.7,46.4,47.9,50.2,51.3,51.5,52.7,52.3,52.8,53.7,53.6,54.4,55.2,55.2,55.8,56,56.3,56.7,56.6,57,57.4,57.5,57.7,57.8,57.8,57.8,57.8
788,"TUN","Tunisia",49.6,50.9,52,53,53.8,54.4,55,55.4,55.8,56.3,56.7,57,57.2,57.5,57.7,57.9,58.1,58.4,58.7,58.9,59,59,59.1,59.3,59.5,59.9,60.1,60.1,60.1,60.1
792,"TUR","Turkiye",39,40.1,41.1,42.2,43.4,44.6,45.3,46,47,47.9,48.9,49.9,50.7,51.3,52.2,53,54.1,54.9,55.4,56.1,56.8,57.6,58.5,59.3,59.9,60.4,60.8,60.8,60.8,60.8
795,"TKM","Turkmenistan",20.2,21,22.2,23.8,25.5,27.4,29.5,32,34.8,37.4,38,39.6,41.1,41.7,43.1,45.3,47.7,52.5,54.1,57.5,57.4,57.8,58,59.1,59.8,60.6,61,61,61,61
796,"TCA","Turks and Caicos Islands",NA,NA,NA,NA,NA,NA,NA,NA,NA,NA,NA,NA,NA,NA,NA,NA,NA,NA,NA,NA,NA,NA,NA,NA,NA,NA,NA,NA,NA,NA
798,"TUV","Tuvalu",29.5,30.1,31.1,31.9,32.5,33.3,34.2,35,35.7,36.5,36.9,36.9,37.3,37.9,37.9,37.8,37.8,37.7,37.6,37.7,37.6,37.6,38,38.4,38.8,39.2,39.5,39.5,39.5,39.5
800,"UGA","Uganda",8.2,8.6,9.1,9.7,10.4,11,11.5,12.1,13,13.4,14.3,15.3,16.1,16.9,17.6,18,18.7,19.2,19.4,19.8,20.3,20.5,21.5,22.8,23.7,23.9,24.5,24.5,24.5,24.5
804,"UKR","Ukraine",60.1,61.4,62,63.8,64.8,66.8,68.4,69.4,71,72.3,73,73.7,74.4,74.3,75.2,75.4,75.7,75.9,76,77.3,76.7,76.4,76.4,76.4,76.3,75.9,75.9,75.9,75.9,75.9
784,"ARE","United Arab Emirates",61.8,62.7,62.9,62.9,62.6,62.5,62.4,62.5,62.6,62.8,62.9,63,62.6,62.4,62.2,62.1,62.2,62.4,62.5,63.3,63.7,64,64.5,65.3,66,67.2,67.8,67.8,67.8,67.8
826,"GBR","United Kingdom",92.3,92.3,92.3,92.5,92.7,92.7,92.5,92.1,91.5,90.7,89.4,87.8,87.5,89,90.7,92.1,93.4,94.7,96,97.3,98.4,99.9,100,100,100,100,100,100,100,100
840,"USA","United States of America",97.1,96.5,95.5,94.8,94.2,92.8,93,93,93,93.1,93.8,93.9,94.6,95.2,96.4,97.6,97.5,98.1,98.6,99.1,99.4,100,100,100,100,100,100,100,100,100
858,"URY","Uruguay",55.4,55.5,55.1,56.2,57.4,58.7,59.4,59.3,59.1,60,60.9,62.1,62.4,63.2,64.2,64.6,66,67.4,68.4,69.8,70.9,72,72.5,72.9,73.2,74.1,74.4,74.4,74.4,74.4
860,"UZB","Uzbekistan",32.4,34.7,37.4,41.4,44,47.2,48.3,49.3,50.2,51.3,54.4,60.4,62.4,63,63.6,64,64.8,66.6,69.4,69.8,69.5,70.3,75.2,74.7,75.7,76.5,76.8,76.8,76.8,76.8
548,"VUT","Vanuatu",24.3,24.7,25.2,25.6,25.5,25.9,26.3,26.9,27.6,28.3,28.6,29.1,29.1,29.4,29.8,30.1,30.5,31,31.3,31.5,31.7,31.4,31.7,31.9,32.3,32.5,33.1,33.1,33.1,33.1
862,"VEN","Venezuela",30.7,31.8,33.8,34.9,36.6,38.1,39,39,37.3,40,42,43.9,45.4,46.5,46.9,46.8,47.6,48.3,48.8,48.2,47.9,46.8,46.2,46.4,46.3,46.5,47.1,47.1,47.1,47.1
704,"VNM","Viet Nam",40.1,41.3,42.4,43.3,44.1,45,46,47,47.8,48.5,49.3,49.9,50.3,50.4,50.6,50.9,51.3,51.7,52.1,52.5,52.7,53,53.3,53.5,53.8,53.8,55.2,55.2,55.2,55.2
876,"WLF","Wallis and Futuna Islands",NA,NA,NA,NA,NA,NA,NA,NA,NA,NA,NA,NA,NA,NA,NA,NA,NA,NA,NA,NA,NA,NA,NA,NA,NA,NA,NA,NA,NA,NA
732,"ESH","Western Sahara",NA,NA,NA,NA,NA,NA,NA,NA,NA,NA,NA,NA,NA,NA,NA,NA,NA,NA,NA,NA,NA,NA,NA,NA,NA,NA,NA,NA,NA,NA
887,"YEM","Yemen",13.7,14.7,15.7,16.8,17.9,19,20.3,21,22.1,23.4,24.9,26.3,26.9,27.9,29,30.3,31.2,33.2,34.2,35.6,36.5,35.8,32.7,35.4,36.4,40.5,41.6,41.6,41.6,41.6
894,"ZMB","Zambia",4,4.2,4.5,4.8,4.7,5.1,3.6,6.3,6.7,6.6,7.2,7.7,8.6,9.2,10.2,11.3,12.3,14,15,16.1,17.1,18.1,18.5,19.6,20.5,21.3,22.3,22.3,22.3,22.3
716,"ZWE","Zimbabwe",19.5,20,20,19.7,19,18.3,18,17.2,17.1,16.8,16.2,15.7,16,12.4,11.5,14.9,14.7,15.2,16.1,17.3,17.8,18.1,18.9,19,19.4,19.8,19.7,19.7,19.7,19.7
