"code","iso","country","VOE.ind.1995","VOE.ind.1996","VOE.ind.1997","VOE.ind.1998","VOE.ind.1999","VOE.ind.2000","VOE.ind.2001","VOE.ind.2002","VOE.ind.2003","VOE.ind.2004","VOE.ind.2005","VOE.ind.2006","VOE.ind.2007","VOE.ind.2008","VOE.ind.2009","VOE.ind.2010","VOE.ind.2011","VOE.ind.2012","VOE.ind.2013","VOE.ind.2014","VOE.ind.2015","VOE.ind.2016","VOE.ind.2017","VOE.ind.2018","VOE.ind.2019","VOE.ind.2020","VOE.ind.2021","VOE.ind.2022","VOE.ind.2023","VOE.ind.2024"
4,"AFG","Afghanistan",39,39,39,39,39,39,39,39,39,41.4,39.9,40.8,38.2,38.9,38.8,38.6,37.6,37.6,36.5,36.6,35.7,39.7,38.4,38.8,37.2,36.9,37,37.1,37.1,37.1
8,"ALB","Albania",46.7,46.7,46.7,46.7,46.7,46.7,46.7,46.7,46.7,50.4,45.1,48.8,47.5,49.5,50,46.3,43.2,40.7,48.9,53.9,45.7,49.3,43.8,46.7,46.4,47.7,47,47.2,47.2,47.2
12,"DZA","Algeria",30.6,30.6,30.6,30.6,30.6,30.6,30.6,30.6,30.6,28.9,30.1,30.2,31.2,34.5,29.7,31.1,28.4,25.2,33.2,28.8,27,29.8,29.1,29.6,30.7,29,29.7,27.9,27.9,27.9
20,"AND","Andorra",42.2,42.2,42.2,42.2,42.2,42.2,42.2,42.2,42.2,42.7,49.6,42.6,50.1,48.5,43.1,46.9,43,43.3,47,48.8,45.5,43.6,41.5,43.4,43.5,43.5,43.4,43,43,43
24,"AGO","Angola",9.9,9.9,9.9,9.9,9.9,9.9,9.9,9.9,9.9,9.5,6.6,9.6,7.2,5.5,7.6,2.6,5,4.1,4.3,4.7,3.1,6.1,7.9,7.9,8.7,9.4,9.6,9.8,9.8,9.8
660,"AIA","Anguilla",92.7,92.7,92.7,92.7,92.7,92.7,92.7,92.7,92.7,94.8,92.6,91.8,94.2,95.4,95,92.2,95,94.6,95.3,95.7,94.6,93.8,96.3,96.7,96.4,96.4,96.2,96.9,96.9,96.9
28,"ATG","Antigua and Barbuda",78.9,78.9,78.9,78.9,78.9,78.9,78.9,78.9,78.9,87.5,82.5,75.9,84.2,88.5,85.2,78.7,85.6,86.1,87.3,87.7,85.4,84,90.6,90.4,89.9,90.3,90.2,91,91,91
32,"ARG","Argentina",7.7,7.7,7.7,7.7,7.7,7.7,7.7,7.7,7.7,9.2,19,11,11.1,19.8,15.1,18.9,16.6,13.6,14.2,16.1,14.2,21.9,20.4,16.2,16.1,17.3,17,17.4,17.4,17.4
51,"ARM","Armenia",47.8,47.8,47.8,47.8,47.8,47.8,47.8,47.8,47.8,43.7,47.3,39.1,43.7,44.2,49.5,40.1,45.7,45.5,47.1,41.4,41.4,41.2,35.7,43,42.3,42.5,43.1,43.2,43.2,43.2
533,"ABW","Aruba",72.7,72.7,72.7,72.7,72.7,72.7,72.7,72.7,72.7,72.3,66.3,70.8,70.6,74.1,73.3,66.4,66.4,68.3,69.8,73.8,72.1,61.8,61.2,67.8,65.5,66.8,67.4,66.4,66.4,66.4
36,"AUS","Australia",23,23,23,23,23,23,23,23,23,14.7,11.8,11.9,20.9,21.4,15.6,18.3,17.3,18.6,16.8,15.8,14.8,17,17.9,18.5,18.4,18.9,17.9,18.3,18.3,18.3
40,"AUT","Austria",44.8,44.8,44.8,44.8,44.8,44.8,44.8,44.8,44.8,50.8,51.3,56.1,53.5,48,48.4,52.5,48.9,48.6,50.8,53,47.6,48.9,48.2,49.4,49.9,48.6,49.9,50.2,50.2,50.2
31,"AZE","Azerbaijan",43.8,43.8,43.8,43.8,43.8,43.8,43.8,43.8,43.8,40.2,41.6,34.1,34.4,40.9,41.1,32.5,39,38.1,40.3,37.7,35.5,40.3,39.5,41.7,42.3,41.4,40.8,41.6,41.6,41.6
44,"BHS","Bahamas",76.8,76.8,76.8,76.8,76.8,76.8,76.8,76.8,76.8,79.3,78.3,79.2,78.2,79.8,79.6,76.3,76.8,78.6,79.5,75.8,73.8,77.8,85.3,86.1,85.8,85.1,85.3,86.5,86.5,86.5
48,"BHR","Bahrain",28.6,28.6,28.6,28.6,28.6,28.6,28.6,28.6,28.6,27.8,27.2,25.8,27.3,27.6,28.7,23.1,28.2,26.5,27,26.5,26.1,25,23.5,24.4,25.2,25.1,24.9,22.8,22.8,22.8
50,"BGD","Bangladesh",16,16,16,16,16,16,16,16,16,17.9,17.5,14.6,13.1,17.3,16.7,17,14.3,16.1,16.8,12.6,13.3,15.3,18.6,14.2,15.5,14,13.1,15.8,15.8,15.8
52,"BRB","Barbados",94.1,94.1,94.1,94.1,94.1,94.1,94.1,94.1,94.1,94.4,91.8,93.6,94.2,94.3,95,92.3,93.5,93.8,94.1,95.4,94.3,92.4,95.8,96.5,95.8,95.8,95.7,96.3,96.3,96.3
112,"BLR","Belarus",65.6,65.6,65.6,65.6,65.6,65.6,65.6,65.6,65.6,66.5,65,66.4,67.6,68.7,65.1,60.4,64.9,65.9,63.6,62.9,62.4,64.3,69.6,65.5,64.9,64.8,64.1,65.2,65.2,65.2
56,"BEL","Belgium",55.8,55.8,55.8,55.8,55.8,55.8,55.8,55.8,55.8,60.2,59,62.1,64.2,63.5,61.1,62.4,63.9,64.8,63.4,64.1,65.6,66,65,65.9,66.4,67.5,66.3,67,67,67
84,"BLZ","Belize",22,22,22,22,22,22,22,22,22,25.4,19.9,23.8,20.8,25.3,23,19.5,20.4,20.1,21,22.5,21.3,16.6,16.5,20.8,21.1,19.7,20.1,18.9,18.9,18.9
204,"BEN","Benin",24.2,24.2,24.2,24.2,24.2,24.2,24.2,24.2,24.2,24.7,26,26,27.8,26.6,29.3,26.2,26.3,26,25.8,23.8,21.5,14.4,16.2,21,21.4,21.9,21.4,20.1,20.1,20.1
60,"BMU","Bermuda",91.6,91.6,91.6,91.6,91.6,91.6,91.6,91.6,91.6,92.5,91.8,92.3,93.2,93.4,94.2,93.3,94,93.8,94.5,94.1,93.7,93.1,95.6,96.1,95.9,95.7,95.5,96.2,96.2,96.2
64,"BTN","Bhutan",9.7,9.7,9.7,9.7,9.7,9.7,9.7,9.7,9.7,10.5,7.4,4.5,5.7,10.6,10.2,9.1,8.7,10.3,10.5,9,10.4,12.7,13.6,11.9,12,11.6,11.5,12.2,12.2,12.2
68,"BOL","Bolivia",0,0,0,0,0,0,0,0,0,0,0,0,0,0,0,0,0,0,0,0,0,0,0,0,0,0,0,0,0,0
70,"BIH","Bosnia and Herzegovina",33.3,33.3,33.3,33.3,33.3,33.3,33.3,33.3,33.3,38.6,38.7,40.5,40.4,35.4,35.2,39.2,31.4,29.1,36.8,43,35.1,38.2,30.6,35.2,34,35.5,34.9,35.7,35.7,35.7
72,"BWA","Botswana",14.1,14.1,14.1,14.1,14.1,14.1,14.1,14.1,14.1,14.3,11,13.9,15,12.8,14.4,9.3,10.4,10.2,13.5,12.8,7.5,12.4,17.5,13.1,12.5,12.9,10.1,12.3,12.3,12.3
76,"BRA","Brazil",11.6,11.6,11.6,11.6,11.6,11.6,11.6,11.6,11.6,12.8,12.7,14.5,15.4,19.2,17.9,15.7,17.2,16,16.5,15.4,14,12.6,13.5,14,14.5,14.3,14.1,14.2,14.2,14.2
92,"VGB","British Virgin Islands",89.5,89.5,89.5,89.5,89.5,89.5,89.5,89.5,89.5,91.6,88.8,88.8,90.4,92.7,92.6,87.3,92.2,90.8,92.3,91.9,90.7,89.2,94.5,94.9,94.3,92.6,94.5,94.8,94.8,94.8
96,"BRN","Brunei Darussalam",0,0,0,0,0,0,0,0,0,0,0,0,1.5,3.9,0,0,0,0,0,0,0,0,0,0,0,0,0,0,0,0
100,"BGR","Bulgaria",38.6,38.6,38.6,38.6,38.6,38.6,38.6,38.6,38.6,43.5,41.5,45.6,45.6,42.7,43,40.8,37.7,34.8,41,46.3,40.8,41.4,40,42.2,41,42.3,41.4,41.4,41.4,41.4
854,"BFA","Burkina Faso",14.9,14.9,14.9,14.9,14.9,14.9,14.9,14.9,14.9,9.3,13,17.1,21.5,21.8,21.8,18.8,21.6,22.1,19.7,16.3,15.7,11.2,9.2,14.3,15.7,15.5,14.9,13.6,13.6,13.6
108,"BDI","Burundi",26.9,26.9,26.9,26.9,26.9,26.9,26.9,26.9,26.9,28.3,25.4,28.2,26.3,23.1,23.5,18,18.9,18.5,17.5,14.4,12.1,22.4,21.1,17.6,19.1,17.6,17.5,17.7,17.7,17.7
132,"CPV","Cabo Verde",92.8,92.8,92.8,92.8,92.8,92.8,92.8,92.8,92.8,93.6,93.1,93.5,94,94,94.6,94.1,94.4,93.9,94.1,94.7,93.9,93.4,95.1,95.2,95.3,94.8,94.1,95.5,95.5,95.5
116,"KHM","Cambodia",9.4,9.4,9.4,9.4,9.4,9.4,9.4,9.4,9.4,5.7,8.6,11.1,13.7,13,10.9,7.7,10.1,8.8,9,6.5,6.9,0,3.3,5.5,7.2,5.4,5.5,4.5,4.5,4.5
120,"CMR","Cameroon",3,3,3,3,3,3,3,3,3,0,4,2.2,7.4,10.6,10.9,7.5,5.7,7.8,2.5,5.2,4.2,4.8,5.8,4.8,4.8,5.7,3.9,4.7,4.7,4.7
124,"CAN","Canada",52.6,52.6,52.6,52.6,52.6,52.6,52.6,52.6,52.6,55.1,52.1,52.1,54.6,57,58.7,56,56.2,54.3,57.3,57.2,55.2,57.5,58.9,57.2,57.2,58.4,57.3,57.3,57.3,57.3
136,"CYM","Cayman Islands",84.3,84.3,84.3,84.3,84.3,84.3,84.3,84.3,84.3,83.7,83.7,84.2,84.5,85.4,84.6,83.4,83.5,83.9,83.3,83.1,82.4,81.2,86.2,86.6,87.7,86.9,87.1,87.7,87.7,87.7
140,"CAF","Central African Republic",0,0,0,0,0,0,0,0,0,0,0,0,0,0,0,0,0,0,0,0,0,0,0,0,0,0,0,0,0,0
148,"TCD","Chad",0,0,0,0,0,0,0,0,0,0,0,0,1,6.7,2.8,2.2,0,1.2,0,0,0,1.5,2.9,0,0,0,0,0,0,0
152,"CHL","Chile",27.5,27.5,27.5,27.5,27.5,27.5,27.5,27.5,27.5,30.2,28.7,30.2,30.8,29.1,30.8,27.2,27.4,27.9,25.8,29.3,26.4,27.7,28.4,28.4,27.8,28.5,28.4,27.5,27.5,27.5
156,"CHN","China",28.5,28.5,28.5,28.5,28.5,28.5,28.5,28.5,28.5,29,28.8,27.7,28.2,28.8,29,29.2,27.9,28.4,28,27.5,28,28,27.7,28.6,27.8,28.6,29.1,29.2,29.2,29.2
170,"COL","Colombia",11.7,11.7,11.7,11.7,11.7,11.7,11.7,11.7,11.7,14,12.8,12.4,13.2,15.9,14.1,12.4,13.8,11.9,11.9,10.6,6.7,6.2,10.4,10.6,10.8,10.3,9.5,9.4,9.4,9.4
174,"COM","Comoros",84.6,84.6,84.6,84.6,84.6,84.6,84.6,84.6,84.6,84.5,82.6,82.4,82.4,85.3,84,81.4,83.2,83.4,82.4,82.4,81,84.2,87.2,85.6,86.5,85.8,86.8,85.9,85.9,85.9
184,"COK","Cook Islands",100,100,100,100,100,100,100,100,100,100,100,100,100,100,100,100,100,100,100,100,100,100,100,100,100,100,100,100,100,100
188,"CRI","Costa Rica",24.3,24.3,24.3,24.3,24.3,24.3,24.3,24.3,24.3,25,23.8,22.3,23.1,25.2,25.2,23.6,22.7,20.9,20.6,21.4,21.5,19.2,20.6,21.3,22.7,21.4,20.5,20.4,20.4,20.4
384,"CIV","Cote d'Ivoire",21.3,21.3,21.3,21.3,21.3,21.3,21.3,21.3,21.3,20.9,20.2,21.3,21.9,20.5,22.5,18.7,18.2,18.4,17.4,17.2,13.8,9.1,9.6,14,14.3,13.9,14.8,13.1,13.1,13.1
191,"HRV","Croatia",34.5,34.5,34.5,34.5,34.5,34.5,34.5,34.5,34.5,39.6,40.7,42.6,41.1,36.4,36.3,41.3,33.7,32.3,38.2,43.7,36.2,38.1,32.7,35.9,35.6,36.8,35.7,37.2,37.2,37.2
192,"CUB","Cuba",45.2,45.2,45.2,45.2,45.2,45.2,45.2,45.2,45.2,47.1,44.9,45.4,44.8,48,45,44.2,42.5,43.9,43.6,42.5,42.1,39.4,40.3,42.9,42.5,43.7,43.2,43.1,43.1,43.1
531,"CUW","Curacao",65,65,65,65,65,65,65,65,65,64.2,58.3,64.1,63.3,65.3,66.6,56.9,59,61.3,62.5,66.6,63.8,54.1,59.2,66.5,63.4,64.7,66.3,64.3,64.3,64.3
196,"CYP","Cyprus",37.8,37.8,37.8,37.8,37.8,37.8,37.8,37.8,37.8,40.6,45.9,40.1,40,40.1,38.1,33.7,35.4,30.2,36.8,41.4,36.3,25.6,38.5,45,41.3,38.6,38.5,42.4,42.4,42.4
203,"CZE","Czech Republic",48.1,48.1,48.1,48.1,48.1,48.1,48.1,48.1,48.1,54.8,52.8,56.6,56.8,52.4,51.5,54.1,52.8,51.9,54.1,54.1,51.6,52.2,54.1,54.7,53.9,52.8,52.7,53.2,53.2,53.2
180,"COD","Dem. Rep. Congo",0,0,0,0,0,0,0,0,0,0,0,0,0,0,0,0,0,0,0,0,0,0,0,0,0,0,0,0,0,0
208,"DNK","Denmark",71.3,71.3,71.3,71.3,71.3,71.3,71.3,71.3,71.3,75.5,74.9,73.5,76.8,76.1,75.6,76,78,79.2,78,76.4,80.3,77.5,81,79.5,80.2,81,79.3,80.3,80.3,80.3
262,"DJI","Djibouti",60.7,60.7,60.7,60.7,60.7,60.7,60.7,60.7,60.7,58.5,59.7,58.3,60.3,57.5,57.2,56.9,56.3,58.1,56.3,58,55.7,58.3,56.8,57.2,56.3,56.1,55,56.9,56.9,56.9
212,"DMA","Dominica",77.4,77.4,77.4,77.4,77.4,77.4,77.4,77.4,77.4,78.9,72.9,75.3,76.6,79.2,79.3,70.3,75.8,77,78,79.1,76.3,73.5,82.9,82.8,82,82.7,82.8,83.2,83.2,83.2
214,"DOM","Dominican Republic",32,32,32,32,32,32,32,32,32,34,30,30.8,30.9,33.7,33.1,29.3,30.2,29.4,31.6,31.1,31,26,26.5,30.8,29.8,31.6,30.4,29.9,29.9,29.9
218,"ECU","Ecuador",18.4,18.4,18.4,18.4,18.4,18.4,18.4,18.4,18.4,19.4,18.1,18.4,20.8,24.4,19.5,17.8,19.5,17.8,16.1,15,10.4,12.5,16,15.5,15.2,14.7,14.5,14.3,14.3,14.3
818,"EGY","Egypt",42,42,42,42,42,42,42,42,42,41.4,41,40.4,40.1,39.8,40,38,40.4,39.5,39.3,38.1,39.7,39.6,38.6,39.1,38.7,38.3,37.7,38.3,38.3,38.3
222,"SLV","El Salvador",8.5,8.5,8.5,8.5,8.5,8.5,8.5,8.5,8.5,5.8,8.1,7.9,7,11.1,4.7,6.1,5,2.4,3.8,2,0.5,0,1.7,2,1.2,2.5,2.8,2,2,2
226,"GNQ","Equatorial Guinea",19.1,19.1,19.1,19.1,19.1,19.1,19.1,19.1,19.1,21.2,20.2,19.8,21.3,20.2,20.5,18.7,19.7,20.7,18.7,18.5,17,17.5,19.3,17.5,17,18.9,17.8,18.3,18.3,18.3
232,"ERI","Eritrea",26.9,26.9,26.9,26.9,26.9,26.9,26.9,26.9,26.9,22.2,26.2,21.9,26.1,25.2,23.2,23,24.4,22.8,20.2,21.2,21.8,26.3,24.1,22.4,22.4,22.6,22.7,22.9,22.9,22.9
233,"EST","Estonia",66.3,66.3,66.3,66.3,66.3,66.3,66.3,66.3,66.3,71.2,70.2,66.5,72.1,70.5,66.9,61,64.9,71.4,64.4,65.9,71.4,67.9,73.9,70.1,71.5,70.6,71,70.6,70.6,70.6
748,"SWZ","Eswatini",17.1,17.1,17.1,17.1,17.1,17.1,17.1,17.1,17.1,21.8,20.2,19.8,21,23.9,24.5,19.3,17.9,19.2,19.9,19.8,16.9,17.2,18.6,17.5,18,16.7,16.5,16,16,16
231,"ETH","Ethiopia",18.9,18.9,18.9,18.9,18.9,18.9,18.9,18.9,18.9,18.6,19.6,17.8,18.9,18.1,17.9,15.7,15.8,15.3,14.1,13.7,12.9,12.4,11.3,13.1,13.2,13,13.5,14,14,14
234,"FRO","Faeroe Islands",91.4,91.4,91.4,91.4,91.4,91.4,91.4,91.4,91.4,94.9,95.3,94.4,97,95.6,96.6,96.6,97.7,97.4,96.9,95.6,97.9,97,98.4,97.5,98.1,99,97.6,98.5,98.5,98.5
238,"FLK","Falkland Islands",99.6,99.6,99.6,99.6,99.6,99.6,99.6,99.6,99.6,93.6,97.6,99.1,98.7,95.8,100,99.3,94.2,98.4,100,100,100,100,100,100,100,100,100,99.6,99.6,99.6
242,"FJI","Fiji",51.5,51.5,51.5,51.5,51.5,51.5,51.5,51.5,51.5,51.9,49.4,51.3,49.4,49.3,53.7,46.9,46.7,50.4,46.2,46.4,49.1,42.7,51.9,50.3,51.5,51,49.6,47.8,47.8,47.8
246,"FIN","Finland",68.5,68.5,68.5,68.5,68.5,68.5,68.5,68.5,68.5,75.1,74.2,72.1,75.8,74.6,71.3,68.6,69.8,76.7,71.3,71.1,76.7,74,80,75.3,76.9,77.5,76.1,76.7,76.7,76.7
250,"FRA","France",52.4,52.4,52.4,52.4,52.4,52.4,52.4,52.4,52.4,53.2,54.9,54.3,58.3,56.5,52.5,55.8,54.2,54.9,56.8,57.7,54.4,56.4,55.9,56.5,56.7,57.7,56.3,57.4,57.4,57.4
258,"PYF","French Polynesia",100,100,100,100,100,100,100,100,100,100,100,100,100,100,100,100,100,100,100,100,100,100,100,100,100,100,100,100,100,100
266,"GAB","Gabon",13.9,13.9,13.9,13.9,13.9,13.9,13.9,13.9,13.9,15.1,14.2,13.6,14,12.9,13.6,10.5,11.6,12.8,11.1,11.5,9.1,9.5,9.8,9.5,8.6,9.9,8.3,8.8,8.8,8.8
270,"GMB","Gambia",34.7,34.7,34.7,34.7,34.7,34.7,34.7,34.7,34.7,30.5,32,34,34.6,32.4,32.1,26.4,29.3,31.1,28.8,32.5,32.9,30.8,29.6,30.5,31.9,29.5,30.9,29.7,29.7,29.7
268,"GEO","Georgia",39.7,39.7,39.7,39.7,39.7,39.7,39.7,39.7,39.7,36.7,39.5,30.6,33.1,40.1,43.5,28.7,36.9,33.6,40,33.1,32.1,34.5,30.5,35.4,36.5,36.3,35.8,35.2,35.2,35.2
276,"DEU","Germany",52.9,52.9,52.9,52.9,52.9,52.9,52.9,52.9,52.9,57.8,56,60,62.2,57.7,55.4,57.1,57.9,58.7,59.4,59.1,57.8,58.7,59.9,59.2,59,59.4,59,60.4,60.4,60.4
288,"GHA","Ghana",24.2,24.2,24.2,24.2,24.2,24.2,24.2,24.2,24.2,23.6,24.2,25.3,25.2,23.6,27.3,23.7,22.9,23.5,22.1,22.4,18.2,11.2,13.3,17.8,19.2,18.9,20.1,17.4,17.4,17.4
300,"GRC","Greece",44.9,44.9,44.9,44.9,44.9,44.9,44.9,44.9,44.9,48.8,47.5,47.8,45,48.2,49.7,44,44.6,40.8,46.6,48.7,46,45.9,44.2,46.8,45.8,46.8,45.7,45.9,45.9,45.9
304,"GRL","Greenland",91.3,91.3,91.3,91.3,91.3,91.3,91.3,91.3,91.3,95.6,96.1,96.2,97,94.9,98,95.7,98.1,94.4,97.3,95.5,97.4,98.2,99.5,97.7,98.4,98.6,96,98.2,98.2,98.2
308,"GRD","Grenada",90.9,90.9,90.9,90.9,90.9,90.9,90.9,90.9,90.9,90.6,87.3,90,90.4,90.4,91.8,86.8,89.3,89.5,90.4,92,90.8,88.5,92,93.6,90.7,91.5,92.7,92.3,92.3,92.3
320,"GTM","Guatemala",5.7,5.7,5.7,5.7,5.7,5.7,5.7,5.7,5.7,6.7,5.3,6.9,5.5,9.7,5.1,4.4,2.1,2.7,3,4,2.3,0,0,1.8,1.3,1.5,1.5,0.7,0.7,0.7
831,"GGY","Guernsey",75.2,75.2,75.2,75.2,75.2,75.2,75.2,75.2,75.2,79.6,78.7,77.8,80.3,81.4,81.3,80,80.3,82.6,82.9,79.5,82.9,82,85.7,81.8,84.5,84.6,83.2,84.6,84.6,84.6
324,"GIN","Guinea",10.3,10.3,10.3,10.3,10.3,10.3,10.3,10.3,10.3,8.8,10.1,8.9,8.9,11.1,9.8,7.2,6.5,7.9,5.5,5.3,5.4,2.8,2.3,5.3,5.1,5.6,6.1,4.5,4.5,4.5
624,"GNB","Guinea-Bissau",20.3,20.3,20.3,20.3,20.3,20.3,20.3,20.3,20.3,18.9,20.8,21.8,20,19.9,17.4,14.1,15.1,16.7,14.7,17.8,17.3,15,14.9,13.9,14.7,14.6,15.7,14,14,14
328,"GUY","Guyana",28.6,28.6,28.6,28.6,28.6,28.6,28.6,28.6,28.6,28.7,25.8,26.9,26.3,25.2,26.6,20.5,22.4,22.9,23,24.8,23.2,19.3,19.6,22.5,21.2,18.7,17.8,16.1,16.1,16.1
332,"HTI","Haiti",35.4,35.4,35.4,35.4,35.4,35.4,35.4,35.4,35.4,37.4,36,35.1,35.2,38.3,34.6,34.3,33.5,31.4,33,34.2,31.2,29.8,32.2,34.5,32.9,34.8,33.3,33.8,33.8,33.8
336,"VAT","Holy See",40,40,40,40,40,40,40,40,40,41.6,40.1,41.1,43.1,40,43.5,44.2,37.9,37.2,41.8,46.2,39.4,40.6,36.8,39.6,40,41.6,42.1,42.8,42.8,42.8
340,"HND","Honduras",4.8,4.8,4.8,4.8,4.8,4.8,4.8,4.8,4.8,5.4,3.8,4.9,3.5,6,2.9,3.5,0.9,1,0,0.4,0,0,0,0,0,0,0,0,0,0
344,"HKG","Hong Kong",32.7,32.7,32.7,32.7,32.7,32.7,32.7,32.7,32.7,29.5,36.2,32.5,32.5,33.6,31.5,34.8,32.4,34.5,34.4,33.3,33,34.2,34.8,34.3,34.4,37,37.1,36.1,36.1,36.1
348,"HUN","Hungary",42.2,42.2,42.2,42.2,42.2,42.2,42.2,42.2,42.2,50.7,49.6,52.9,51,47.8,46.8,51.7,47,44.7,48.5,51.2,47.5,47.5,46.1,48.1,48.5,47.9,47.1,49.8,49.8,49.8
352,"ISL","Iceland",85.8,85.8,85.8,85.8,85.8,85.8,85.8,85.8,85.8,90.5,92.4,91.3,91.5,90.1,91.3,90.1,92.8,89.8,94.3,91.7,94.3,91.6,95.8,94.8,94.6,95.9,94.4,95.8,95.8,95.8
356,"IND","India",21.9,21.9,21.9,21.9,21.9,21.9,21.9,21.9,21.9,21.4,22.2,20.9,20.3,21.3,21.5,18.6,18.9,18.7,20.4,16.9,16.8,18.8,19.1,18.3,19.5,18.3,17.1,17.8,17.8,17.8
360,"IDN","Indonesia",13.2,13.2,13.2,13.2,13.2,13.2,13.2,13.2,13.2,12.1,11.5,12,13.2,13.8,11,9.9,10.4,9.1,8.7,8,6.8,9.2,13.3,12.3,12.4,10.7,9.9,8.8,8.8,8.8
364,"IRN","Iran",29.1,29.1,29.1,29.1,29.1,29.1,29.1,29.1,29.1,25.9,26.5,24.2,23.3,24.7,26.5,20.7,23.1,23.4,24.4,23,23.1,24.9,22.2,23.2,22.3,22.2,22.4,22.6,22.6,22.6
368,"IRQ","Iraq",26.3,26.3,26.3,26.3,26.3,26.3,26.3,26.3,26.3,23.3,25,20.9,19.1,22.5,27,16.6,22,21.1,22.6,20.3,21.2,24.6,23.4,23.8,22.9,21.3,23.2,23.2,23.2,23.2
372,"IRL","Ireland",78.2,78.2,78.2,78.2,78.2,78.2,78.2,78.2,78.2,81,80.7,79.3,80.3,82.6,81.6,80.3,83,83.9,80.3,80.1,84.1,82.8,85.4,82.3,83.8,83.9,82,83.4,83.4,83.4
833,"IMN","Isle of Man",75.1,75.1,75.1,75.1,75.1,75.1,75.1,75.1,75.1,79.1,79.5,76.8,80.1,81.4,79.1,79.2,81.5,82.7,78.5,77.6,84.2,81.1,87.1,82.1,84.4,84.8,83,85,85,85
376,"ISR","Israel",41.9,41.9,41.9,41.9,41.9,41.9,41.9,41.9,41.9,42.9,43.2,42.1,42.4,41.7,39.5,35.1,40.3,36.9,38.5,38.2,37,38.5,42,40.4,40.1,40.2,39.8,41.4,41.4,41.4
380,"ITA","Italy",41.4,41.4,41.4,41.4,41.4,41.4,41.4,41.4,41.4,43.2,43.2,43.2,45,43.3,44.3,45.5,41.7,40.1,45.3,48.4,42.2,44.2,40.6,44.1,43.9,44.5,44.6,44.8,44.8,44.8
388,"JAM","Jamaica",45.3,45.3,45.3,45.3,45.3,45.3,45.3,45.3,45.3,43.8,41.3,44.5,44.5,46.8,44.6,40.5,39.8,42.6,41.7,40.8,40.4,31.5,41.2,45.9,44.8,45.1,45.2,43.4,43.4,43.4
392,"JPN","Japan",44.4,44.4,44.4,44.4,44.4,44.4,44.4,44.4,44.4,41.5,40.8,43,43.7,43.4,45.4,39.3,41.3,41.2,40.2,42.9,42.6,42.9,44.4,44,43.3,43.6,43.3,43.9,43.9,43.9
832,"JEY","Jersey",69.1,69.1,69.1,69.1,69.1,69.1,69.1,69.1,69.1,74,72.9,70.9,75.6,76,74.2,72.2,73.6,76.7,76.3,72.5,76.2,75.6,79.7,75.7,78.5,79,78,78.9,78.9,78.9
400,"JOR","Jordan",37.2,37.2,37.2,37.2,37.2,37.2,37.2,37.2,37.2,38.4,40.1,38,39,37.6,35.4,33.3,36.7,34.4,37.1,36.8,34.9,33.5,34.2,36.2,36.1,35.2,35.1,36,36,36
398,"KAZ","Kazakhstan",50.7,50.7,50.7,50.7,50.7,50.7,50.7,50.7,50.7,52.7,50.1,56,47,49.9,55.8,50.2,52.2,50.4,53.4,53,51.2,55.2,54.5,53.2,52.7,53.1,52.5,53.1,53.1,53.1
404,"KEN","Kenya",23.8,23.8,23.8,23.8,23.8,23.8,23.8,23.8,23.8,25.2,24.6,27.3,24.1,23.6,25.2,19.1,19.8,19.6,18.4,15.9,15.3,14,13.9,15.8,16.7,15.3,16.8,17.4,17.4,17.4
296,"KIR","Kiribati",100,100,100,100,100,100,100,100,100,100,100,100,100,100,100,100,100,100,100,100,100,100,100,100,100,100,100,100,100,100
689,"XKX","Kosovo",32.2,32.2,32.2,32.2,32.2,32.2,32.2,32.2,32.2,37.3,33.1,37.9,37.2,35.9,36.2,34.8,30.7,28.9,36.8,40.5,34.3,38.3,32.3,33.9,34.3,34.6,34.7,35,35,35
414,"KWT","Kuwait",14.6,14.6,14.6,14.6,14.6,14.6,14.6,14.6,14.6,12.8,12.9,13.1,13.5,13.9,13.2,10.9,14.7,13,13.7,13.3,13.7,14.3,10.8,12.1,11.7,12.4,11.6,11.1,11.1,11.1
417,"KGZ","Kyrgyzstan",45.8,45.8,45.8,45.8,45.8,45.8,45.8,45.8,45.8,47.7,45.9,48.1,41.6,41.7,49.7,46.3,44.8,45.8,45.5,45.5,43.7,45.6,42.9,45.3,45.1,45,45.1,45.8,45.8,45.8
418,"LAO","Laos",0,0,0,0,0,0,0,0,0,0,0,0,0,4.3,0,0,0,0,0,0,0,0,0,0,0,0,0,0,0,0
428,"LVA","Latvia",63.6,63.6,63.6,63.6,63.6,63.6,63.6,63.6,63.6,67.6,66.5,60.8,69,66.9,63,57,61.4,67,59.6,63.1,66.4,63.1,71.4,67.4,68.7,67.6,69.1,67.5,67.5,67.5
422,"LBN","Lebanon",44.2,44.2,44.2,44.2,44.2,44.2,44.2,44.2,44.2,43.1,46.7,43,43.6,42.2,41,36.1,41.7,37.6,41.4,42.9,39.5,41.3,44.9,46.6,45.3,44.2,45.8,45.7,45.7,45.7
426,"LSO","Lesotho",16.9,16.9,16.9,16.9,16.9,16.9,16.9,16.9,16.9,17.6,19.4,27.1,27.1,21.3,27.2,20.2,22.7,22.2,26,21.8,20.5,20.7,24.4,23.6,24,22.2,20.9,20.2,20.2,20.2
430,"LBR","Liberia",22.7,22.7,22.7,22.7,22.7,22.7,22.7,22.7,22.7,22,19.9,22.7,22.5,21.7,20,19.5,19,19.8,19.7,20.3,16,14.6,12.7,16.5,16.9,16.5,17.4,16.2,16.2,16.2
434,"LBY","Libya",49.4,49.4,49.4,49.4,49.4,49.4,49.4,49.4,49.4,51,50.7,48.9,50.4,50.2,51.1,49.9,50,49.3,51.6,48.9,50.8,50.9,50.6,50.3,50.2,49.1,49.3,47.7,47.7,47.7
438,"LIE","Liechtenstein",49.8,49.8,49.8,49.8,49.8,49.8,49.8,49.8,49.8,53,51.6,53.4,53.7,49.8,49.7,54.3,50.3,51.8,52.6,54.5,50.1,52.5,52.6,52.3,52.2,52.6,52.4,52.9,52.9,52.9
440,"LTU","Lithuania",67.6,67.6,67.6,67.6,67.6,67.6,67.6,67.6,67.6,71.4,69.7,67.7,73.1,71.3,68.2,65.5,68.8,70.3,67.5,69.4,69.3,69.3,73.3,69.7,70.8,70.5,69.8,69.7,69.7,69.7
442,"LUX","Luxembourg",52.6,52.6,52.6,52.6,52.6,52.6,52.6,52.6,52.6,56.9,55.6,59.5,62.5,58.8,55.8,55.8,57.5,57.5,57.7,58.4,57.2,59.1,57.2,57.5,57.6,59.1,59.3,58.5,58.5,58.5
446,"MAC","Macao",32.9,32.9,32.9,32.9,32.9,32.9,32.9,32.9,32.9,30.3,37.1,34,33.4,34.4,32.8,36,33.4,35.6,35.6,34.8,34.6,35.6,35.2,35.3,35.2,38.1,37.6,36.5,36.5,36.5
450,"MDG","Madagascar",20.6,20.6,20.6,20.6,20.6,20.6,20.6,20.6,20.6,23,20.9,18.4,19.9,20.3,18,15.5,14.5,17.5,16.6,16.9,17.1,16.2,16.9,17.6,17,19.2,17.5,18.2,18.2,18.2
454,"MWI","Malawi",21.1,21.1,21.1,21.1,21.1,21.1,21.1,21.1,21.1,24.3,20.2,20.7,19.3,18.3,19.7,14.5,14.1,13.1,14.5,17,15.2,14.5,20.5,16,16.2,17.2,15.8,15.8,15.8,15.8
458,"MYS","Malaysia",0,0,0,0,0,0,0,0,0,0,0,0,1.7,3.8,0,0,0,0,0,0,0,0,0,0,0,0,0,0,0,0
462,"MDV","Maldives",91.3,91.3,91.3,91.3,91.3,91.3,91.3,91.3,91.3,91.1,92.6,91.7,91.7,93.3,93,92.6,92,92.9,91.8,91,91.9,91,92.5,92.7,92,92.5,92.5,93.5,93.5,93.5
466,"MLI","Mali",11.5,11.5,11.5,11.5,11.5,11.5,11.5,11.5,11.5,9,9,10.2,17.2,19.3,15.4,12.3,12.1,13.9,9.4,9.1,10.6,9.4,7.8,9.1,11,9.7,8.8,8.4,8.4,8.4
470,"MLT","Malta",77.3,77.3,77.3,77.3,77.3,77.3,77.3,77.3,77.3,79.1,79.3,77.9,77.5,78.9,78.8,79.2,78.3,77.2,80.2,80.4,79.6,80.8,83.3,82.2,82.7,82.5,81.6,80.9,80.9,80.9
584,"MHL","Marshall Islands",100,100,100,100,100,100,100,100,100,100,100,100,100,100,100,100,100,100,100,100,100,100,100,100,100,100,100,100,100,100
478,"MRT","Mauritania",32.9,32.9,32.9,32.9,32.9,32.9,32.9,32.9,32.9,29.6,31.8,32.2,33.9,35.8,33.5,30.9,29.8,31,28.1,31.1,30.3,31.9,30.6,31.1,31.6,30.2,30.6,30.7,30.7,30.7
480,"MUS","Mauritius",97.6,97.6,97.6,97.6,97.6,97.6,97.6,97.6,97.6,96.8,97.3,97.9,96.8,97.3,95.8,95.6,94.9,97,95.8,96,94.9,95.7,99.6,99,99,99.5,99.6,99.8,99.8,99.8
484,"MEX","Mexico",12.8,12.8,12.8,12.8,12.8,12.8,12.8,12.8,12.8,14.1,12.9,14.4,14.1,15.6,13.9,11.4,8.8,10.3,11.2,12,11.2,7.6,7.8,11.1,10.7,11.2,10.4,10.6,10.6,10.6
583,"FSM","Micronesia",99.2,99.2,99.2,99.2,99.2,99.2,99.2,99.2,99.2,98.2,98.9,97.4,100,100,98.6,99.7,100,99.4,99,98.2,96.7,98.4,100,100,99.5,100,100,100,100,100
498,"MDA","Moldova",64,64,64,64,64,64,64,64,64,65.7,61.5,66.3,65.8,63.1,63.6,61.5,62.1,60.3,64.5,62.3,60.9,62.5,63.3,62.6,62,63.6,61.6,64.7,64.7,64.7
492,"MCO","Monaco",42.6,42.6,42.6,42.6,42.6,42.6,42.6,42.6,42.6,43.5,44.7,42.6,48.5,46.7,46.5,47.3,44.2,42.5,45.5,48.9,42.7,45.9,42.5,45.3,45.2,45.1,45.2,44.9,44.9,44.9
496,"MNG","Mongolia",55.1,55.1,55.1,55.1,55.1,55.1,55.1,55.1,55.1,62.1,59.7,49,50.6,52.7,53.2,52.8,55.5,56,58.5,57,55.4,58.5,54.3,58.1,55.7,57.4,55.2,56.7,56.7,56.7
499,"MNE","Montenegro",40,40,40,40,40,40,40,40,40,44.1,40.6,44.9,44.5,41.7,43.6,42,38,35.2,43.5,48.9,39.5,46,39.4,42,41.3,42.7,43.1,42.3,42.3,42.3
504,"MAR","Morocco",34.9,34.9,34.9,34.9,34.9,34.9,34.9,34.9,34.9,33.7,39,34.5,39.8,41.3,36.4,36,32.6,32.2,34.4,35.9,33,34.5,33,34.9,35.4,34.2,33.9,34.2,34.2,34.2
508,"MOZ","Mozambique",21.8,21.8,21.8,21.8,21.8,21.8,21.8,21.8,21.8,25.9,22.6,22.9,22.8,21.5,22.2,16.4,16.6,16.9,17.3,19.5,17.1,16.1,19.8,17,17.1,18.2,16.9,17.1,17.1,17.1
104,"MMR","Myanmar",3.4,3.4,3.4,3.4,3.4,3.4,3.4,3.4,3.4,2.5,2.5,3.5,2.4,6.3,2.2,0,1.6,0.9,0.2,0,0.2,0,0,0,0,0,0,0,0,0
516,"NAM","Namibia",14.6,14.6,14.6,14.6,14.6,14.6,14.6,14.6,14.6,11.9,12.1,20.5,13.7,13.1,10.8,8.2,8.5,5.8,9.2,10.3,8.4,11.6,16.5,10.9,12.7,11,11.1,11.1,11.1,11.1
520,"NRU","Nauru",100,100,100,100,100,100,100,100,100,100,100,100,100,100,100,100,100,100,100,100,100,100,100,100,100,100,100,100,100,100
524,"NPL","Nepal",10.2,10.2,10.2,10.2,10.2,10.2,10.2,10.2,10.2,10.2,10.4,8.8,7.6,9.6,11.3,7,8.6,6.4,8.8,6.8,5.7,8.9,9.1,8.1,8.8,7.1,5.8,7.6,7.6,7.6
528,"NLD","Netherlands",57.1,57.1,57.1,57.1,57.1,57.1,57.1,57.1,57.1,61.2,60.5,63.2,65.1,64.5,62.7,64.2,64.8,66.5,66.8,65,68,67.4,68.1,68.8,69.2,70,69.1,70,70,70
540,"NCL","New Caledonia",44.4,44.4,44.4,44.4,44.4,44.4,44.4,44.4,44.4,47.1,46.2,50.3,45.1,43.6,45.4,41.1,41.8,42.6,43,44.4,42.6,33.1,44.8,45.3,50.7,47.3,42.5,42.7,42.7,42.7
554,"NZL","New Zealand",50.5,50.5,50.5,50.5,50.5,50.5,50.5,50.5,50.5,55.9,49.6,54.9,53.1,53.1,51.9,46.1,49.5,52.6,43.8,51.2,45,45.7,56.4,52.9,54.2,54.5,53.8,53.5,53.5,53.5
558,"NIC","Nicaragua",19.1,19.1,19.1,19.1,19.1,19.1,19.1,19.1,19.1,20.7,17.1,17.9,18.1,20.1,17.6,15.4,15,15.1,13.9,15,14.5,10,11.4,14.7,14.4,13.2,13.4,12.1,12.1,12.1
562,"NER","Niger",23.7,23.7,23.7,23.7,23.7,23.7,23.7,23.7,23.7,19.8,21.4,26.5,26.2,31.5,29.6,26.5,25.6,26.7,21.4,22.8,23.9,20.6,23.4,23.1,24.2,23.7,21.9,24.1,24.1,24.1
566,"NGA","Nigeria",19.3,19.3,19.3,19.3,19.3,19.3,19.3,19.3,19.3,17.5,20.3,19.7,22.4,22.9,24.9,22.2,20.9,21.7,19.2,19.2,18.4,13.9,15.7,17.4,16.8,17.8,16.3,16.7,16.7,16.7
570,"NIU","Niue",100,100,100,100,100,100,100,100,100,100,100,100,100,100,100,100,100,100,100,100,100,100,100,100,100,100,100,100,100,100
408,"PRK","North Korea",36.7,36.7,36.7,36.7,36.7,36.7,36.7,36.7,36.7,40,38.9,34.4,41.1,37,37.5,34.9,39.3,37,36.7,31.1,31.4,35.4,36.7,36.5,36.3,36.9,35.3,36.3,36.3,36.3
807,"MKD","North Macedonia",37.2,37.2,37.2,37.2,37.2,37.2,37.2,37.2,37.2,41.5,34.5,41.8,40.8,40.1,40.7,37.6,34.4,31.9,40.1,44.4,38.6,40.4,34.9,37.5,38.2,38,37.2,38.6,38.6,38.6
578,"NOR","Norway",52.1,52.1,52.1,52.1,52.1,52.1,52.1,52.1,52.1,53,56.7,54.2,56.7,55.5,55.6,57.4,58.1,60.1,59,59.1,61.7,59.2,59.2,58.6,57.8,61.6,58.8,59.4,59.4,59.4
512,"OMN","Oman",38.2,38.2,38.2,38.2,38.2,38.2,38.2,38.2,38.2,37,36.7,35.9,35.9,34.9,35,33.9,35.4,34.6,36.3,36.3,35.4,35.3,33.5,32.8,35.1,35.3,33.2,33.6,33.6,33.6
586,"PAK","Pakistan",23,23,23,23,23,23,23,23,23,19.7,22.5,24.1,21,20.5,20.6,19,19.1,19.3,17.7,16.7,13.7,19,19.5,18.3,18.8,17.8,17.9,17.2,17.2,17.2
585,"PLW","Palau",86.9,86.9,86.9,86.9,86.9,86.9,86.9,86.9,86.9,85.2,87,85.9,86.4,88.3,84.2,85.4,86.2,86,85.4,84.7,82.3,88.7,94.1,90.2,89,91.7,91.5,91.8,91.8,91.8
591,"PAN","Panama",37.7,37.7,37.7,37.7,37.7,37.7,37.7,37.7,37.7,36.9,36.2,35.5,36.6,37.7,35.4,35.2,32.9,31.8,31.3,31.8,30.9,29.9,30.1,31.1,32.6,33.4,31.6,32.5,32.5,32.5
598,"PNG","Papua New Guinea",0,0,0,0,0,0,0,0,0,0,0,0,0,0,0,0,0,0,0,0,0,0,0,0,0,0,0,0,0,0
600,"PRY","Paraguay",0,0,0,0,0,0,0,0,0,0,0,0,0,0,0,3.6,0,0,0,0,0,8.3,4.1,0,0,0,0,0,0,0
604,"PER","Peru",8.4,8.4,8.4,8.4,8.4,8.4,8.4,8.4,8.4,11.5,10.1,13.5,17.3,19.1,15.6,10.5,14,11.9,11.3,14.4,11.8,10.7,15.4,12.3,12.1,11.7,11.5,10.9,10.9,10.9
608,"PHL","Philippines",22,22,22,22,22,22,22,22,22,20.4,20.3,20.6,23.3,23.9,22.8,17,21.7,19.4,18.9,19.7,17.3,17.1,21.3,21,21.1,20.2,19.4,19,19,19
616,"POL","Poland",56.2,56.2,56.2,56.2,56.2,56.2,56.2,56.2,56.2,63,61.4,62.4,65.7,60.7,60,62,62.3,60.3,61.6,62.6,61.1,61,64.1,63,63.6,62.6,61.5,63.2,63.2,63.2
620,"PRT","Portugal",43.6,43.6,43.6,43.6,43.6,43.6,43.6,43.6,43.6,46.6,45.4,46.2,52.7,53.9,49.5,44.1,44.9,48.9,47,50.9,46.8,46.7,43.7,47.4,49.6,48,48.6,48,48,48
634,"QAT","Qatar",23.7,23.7,23.7,23.7,23.7,23.7,23.7,23.7,23.7,23.1,22.6,21.1,22.1,21.8,23.1,18.2,23,20.9,22.1,21.2,20.8,20.1,18.7,19.4,20,20.5,20.1,18.8,18.8,18.8
178,"COG","Republic of Congo",6.8,6.8,6.8,6.8,6.8,6.8,6.8,6.8,6.8,5.6,3.4,2.2,3.2,1,0,0,0,0,0,0,0,0,1.2,0,0,0,0,0,0,0
642,"ROU","Romania",45.7,45.7,45.7,45.7,45.7,45.7,45.7,45.7,45.7,50.9,49.6,51.6,52,48.8,48.7,50.2,45.5,41.4,49.1,50.9,45.5,48.4,47.6,48.1,48,50.1,49,50.1,50.1,50.1
643,"RUS","Russia",55.3,55.3,55.3,55.3,55.3,55.3,55.3,55.3,55.3,56.9,56.4,58,54.5,59.7,59.8,46.8,56.4,53.5,57.2,55.6,56,57.2,60.6,57.1,56.5,57.6,55.8,56.3,56.3,56.3
646,"RWA","Rwanda",21.2,21.2,21.2,21.2,21.2,21.2,21.2,21.2,21.2,22.1,18.9,21.3,20.3,16.7,18.8,13,13.2,13.2,11.7,9.9,7.6,18.5,18,13.7,12.7,13.2,14.5,14.5,14.5,14.5
652,"BLM","Saint Barthelemy",91.1,91.1,91.1,91.1,91.1,91.1,91.1,91.1,91.1,93.9,91.1,89.7,92.8,94.5,93.6,90.3,93.7,93.4,94.2,94.5,93.2,92.3,95.4,95.4,95.2,95.5,95.2,96.1,96.1,96.1
659,"KNA","Saint Kitts and Nevis",84,84,84,84,84,84,84,84,84,89.6,85.3,81.5,87.2,90.6,88.1,83,88.4,88.5,89.5,89.7,87.6,86.7,92,90.8,90.5,91.7,91.1,92.4,92.4,92.4
662,"LCA","Saint Lucia",82.6,82.6,82.6,82.6,82.6,82.6,82.6,82.6,82.6,83.1,77.8,81.1,82,83.3,83.7,76.7,80.5,81.7,82.1,84,81.7,77.9,86.7,87.6,86.5,87.1,87.2,87.5,87.5,87.5
670,"VCT","Saint Vincent and the Grenadines",88.6,88.6,88.6,88.6,88.6,88.6,88.6,88.6,88.6,88.6,85.2,87.5,88.1,88.7,89.3,84.9,87.2,87.6,88.1,89.7,88.3,85.5,90.9,91.7,90.3,91,90.8,91.3,91.3,91.3
882,"WSM","Samoa",100,100,100,100,100,100,100,100,100,100,100,100,100,100,100,100,100,100,100,100,100,100,100,100,100,100,100,100,100,100
674,"SMR","San Marino",47.4,47.4,47.4,47.4,47.4,47.4,47.4,47.4,47.4,46.1,46.8,47.6,49.2,45.6,46.9,49.6,44.7,44.8,47.4,51.3,45.2,46.9,41.8,44.9,44.6,45.6,47.7,46.1,46.1,46.1
678,"STP","Sao Tome and Principe",86.3,86.3,86.3,86.3,86.3,86.3,86.3,86.3,86.3,85.9,84.7,86,86.1,86.1,86.6,84.9,85.6,87.6,84.9,86.3,84.1,85.8,89.2,88.3,87.4,87.4,87.6,88.1,88.1,88.1
682,"SAU","Saudi Arabia",43.9,43.9,43.9,43.9,43.9,43.9,43.9,43.9,43.9,42.9,42.3,43.6,43.1,42.1,41.5,40.5,42,41.8,41.7,41.8,41.6,41.2,40.5,41.1,41.8,41.6,41,40.8,40.8,40.8
686,"SEN","Senegal",36,36,36,36,36,36,36,36,36,32.2,33.6,35.8,35.9,34.2,33.7,28.9,30.3,32.3,29.4,33.9,34,31.8,29.8,32,32.5,29.9,31.5,30.2,30.2,30.2
688,"SRB","Serbia",34.4,34.4,34.4,34.4,34.4,34.4,34.4,34.4,34.4,40.5,39.7,41.1,41,38.7,38.8,41.1,35.8,33.8,40.7,44.3,38.6,41.6,36.9,39.2,38.4,39.5,39.6,39.9,39.9,39.9
690,"SYC","Seychelles",99.5,99.5,99.5,99.5,99.5,99.5,99.5,99.5,99.5,99.2,99.1,98.9,98.9,99.8,99.7,99.7,99.8,99.5,99.8,98.8,98.2,98.7,99.9,100,99.7,100,100,100,100,100
694,"SLE","Sierra Leone",16.5,16.5,16.5,16.5,16.5,16.5,16.5,16.5,16.5,15.7,14.7,15.4,14.4,16.6,13.1,14.6,12.4,11.8,11.9,11.1,8.5,7,7.6,9.8,10.9,10.5,11.2,10,10,10
702,"SGP","Singapore",29.6,29.6,29.6,29.6,29.6,29.6,29.6,29.6,29.6,28.3,27.1,26.5,29.5,31.4,28.1,25.9,28.6,25.3,25,24.6,22.5,25.6,32.7,30.6,30.8,31.7,31.1,30.5,30.5,30.5
534,"SXM","Sint Maarten",92.1,92.1,92.1,92.1,92.1,92.1,92.1,92.1,92.1,94.5,92,91.1,93.7,95.1,94.5,91.6,94.5,94.2,94.9,95.2,94.1,93.3,95.9,96.2,95.9,96,95.8,96.6,96.6,96.6
703,"SVK","Slovakia",40.2,40.2,40.2,40.2,40.2,40.2,40.2,40.2,40.2,49.7,48.5,51.4,50.3,46.9,44.2,49.9,46,42.8,47.6,49.6,45.2,45.2,45.9,47,46.8,45.5,45.6,48,48,48
705,"SVN","Slovenia",36.1,36.1,36.1,36.1,36.1,36.1,36.1,36.1,36.1,40.3,41.9,44.6,43,36.9,37.9,41.7,36.1,35.5,39.8,44.4,37.4,38.4,34.3,36.5,37.2,37.7,37.2,39.2,39.2,39.2
90,"SLB","Solomon Islands",37.5,37.5,37.5,37.5,37.5,37.5,37.5,37.5,37.5,39.6,38.6,38.6,34.4,36.6,35.5,31.3,30.3,31.9,31.8,34.5,36,32.6,38.2,35.4,36.2,34.5,34.8,33.4,33.4,33.4
706,"SOM","Somalia",33.3,33.3,33.3,33.3,33.3,33.3,33.3,33.3,33.3,31.1,31.9,29.9,31.5,30.5,28.1,24.5,26.2,26,24.3,25.3,22.9,22.9,21.3,22.5,22.4,23.2,25.9,26.9,26.9,26.9
710,"ZAF","South Africa",17.3,17.3,17.3,17.3,17.3,17.3,17.3,17.3,17.3,20.9,21.6,23.4,23.3,22.7,26.1,20.5,20,20.8,22.5,21.5,17.4,18.4,20.9,20.5,19.4,19.1,18.9,18.4,18.4,18.4
410,"KOR","South Korea",22,22,22,22,22,22,22,22,22,22.3,23.7,21.2,24.8,19.6,21,20,23.3,23.5,21.7,19.9,18,20.8,22.5,21.8,20.1,21.9,20.7,22.2,22.2,22.2
728,"SSD","South Sudan",0,0,0,0,0,0,0,0,0,0,0,0,0,0,0,0,0,0,0,0,0,0,0,0,0,0,0,0,0,0
724,"ESP","Spain",41.9,41.9,41.9,41.9,41.9,41.9,41.9,41.9,41.9,41,46,43.2,49.5,47,43.7,43.9,42.8,42.7,45.7,46.4,42.3,43.6,43.2,44.8,45.6,44.9,44.4,44.3,44.3,44.3
144,"LKA","Sri Lanka",28.6,28.6,28.6,28.6,28.6,28.6,28.6,28.6,28.6,29.8,28.4,27.6,26.8,27.4,28,26.2,26.1,24.8,25.5,23.5,22.7,22.1,21.7,22.4,23.7,25.1,23.6,23.6,23.6,23.6
275,"PSE","State of Palestine",40.7,40.7,40.7,40.7,40.7,40.7,40.7,40.7,40.7,41.8,41.8,41,41.6,40.7,38.6,34.8,39.3,36.3,37.7,37,36.2,37.8,39.8,38.4,38.2,38.3,37.6,39.3,39.3,39.3
729,"SDN","Sudan",21,21,21,21,21,21,21,21,21,11.6,24.3,21.4,27.7,29,26.2,25.1,24.4,23.5,17.4,20.4,19.8,27.2,29.1,22.4,22.7,23.4,22.7,22.3,22.3,22.3
740,"SUR","Suriname",28.9,28.9,28.9,28.9,28.9,28.9,28.9,28.9,28.9,29.9,26.3,26.7,26.2,25.6,26.5,21.6,23.3,24.3,25.5,26.9,25.2,19.4,17.9,22.8,22.2,18.7,17.3,15.9,15.9,15.9
752,"SWE","Sweden",71,71,71,71,71,71,71,71,71,74.5,74.9,70.7,76.4,72.1,72,74,74.3,77.4,74.5,73.2,77.8,75.5,78.9,76.5,76.9,77.9,76.3,77.4,77.4,77.4
756,"CHE","Switzerland",46.1,46.1,46.1,46.1,46.1,46.1,46.1,46.1,46.1,47.7,46.9,48.4,50,46.4,45.1,49.8,45.6,47.2,48.9,50,45.2,47.8,48.1,48.7,48.3,48.8,47.9,49.6,49.6,49.6
760,"SYR","Syria",37.2,37.2,37.2,37.2,37.2,37.2,37.2,37.2,37.2,36.2,40.5,36.7,35.4,37.2,35.9,32.4,36.9,34.2,37.3,39.3,35.3,36.2,36,38.2,37.4,35.8,37.4,37.3,37.3,37.3
158,"TWN","Taiwan",35,35,35,35,35,35,35,35,35,35.6,36.5,36.8,35.3,38,35.5,31.6,31.2,34.3,35.2,34.4,33.7,34.9,36.3,35.5,36.3,35.4,36.7,36.1,36.1,36.1
762,"TJK","Tajikistan",34.4,34.4,34.4,34.4,34.4,34.4,34.4,34.4,34.4,39,35.3,36.5,32.7,32.4,36.4,34.2,33.5,33.6,33.2,34,33.8,35.3,34.5,34.8,33.9,34.3,33.8,34.4,34.4,34.4
834,"TZA","Tanzania",26.3,26.3,26.3,26.3,26.3,26.3,26.3,26.3,26.3,26.5,25.3,28.8,24.9,25,23.7,17.7,18.8,20.7,20.4,18.1,15.2,20.3,20.8,18.4,19,17.3,19.1,19.6,19.6,19.6
764,"THA","Thailand",12.9,12.9,12.9,12.9,12.9,12.9,12.9,12.9,12.9,9.7,13.4,13.6,14.7,16.8,12.3,8.7,13.1,11,10.5,9.9,9.2,6.8,11.4,10.4,11.1,11.7,11,10.4,10.4,10.4
626,"TLS","Timor-Leste",20.4,20.4,20.4,20.4,20.4,20.4,20.4,20.4,20.4,19.7,19.6,20,20.9,22.5,17.8,14.8,19.2,15.6,15.4,14.5,16.2,10.5,23.9,22.1,20.9,21.6,19.6,16.9,16.9,16.9
768,"TGO","Togo",24.2,24.2,24.2,24.2,24.2,24.2,24.2,24.2,24.2,24.6,26.2,25.4,27.1,25.5,28.2,25.3,25.8,25.7,25.2,24.3,21.4,13.6,15.1,20.8,21.9,22.1,22.1,20.4,20.4,20.4
776,"TON","Tonga",100,100,100,100,100,100,100,100,100,100,100,100,100,100,100,100,100,100,100,100,100,100,100,100,100,100,100,100,100,100
780,"TTO","Trinidad and Tobago",51.4,51.4,51.4,51.4,51.4,51.4,51.4,51.4,51.4,51.3,47.2,49.9,50.7,51.1,51.8,43.2,48.4,49,48.5,51,49.2,41.6,51.5,54.7,52.4,53.7,54.4,53.1,53.1,53.1
788,"TUN","Tunisia",43.1,43.1,43.1,43.1,43.1,43.1,43.1,43.1,43.1,47.4,43.1,44.3,44.6,44.4,43.6,44.8,43.6,39.2,47.6,44.2,42.5,45.5,45.5,45,45.6,45,44.6,43.3,43.3,43.3
792,"TUR","Turkiye",38.4,38.4,38.4,38.4,38.4,38.4,38.4,38.4,38.4,38.8,42.5,39.8,37.8,41.6,42,35.8,40.4,38,41,40.9,40,40.3,39,40.5,40,39.5,40.8,40.8,40.8,40.8
795,"TKM","Turkmenistan",46.6,46.6,46.6,46.6,46.6,46.6,46.6,46.6,46.6,49.9,46.3,50.5,46,47.5,50.2,45.1,47.7,46.1,48.3,47.8,45.6,50.4,50.9,47.8,47,46.6,46,48,48,48
796,"TCA","Turks and Caicos Islands",89.2,89.2,89.2,89.2,89.2,89.2,89.2,89.2,89.2,90.6,89.1,89.9,89.1,91.1,91.2,89,90.5,89.2,91.2,89.9,89.4,88.9,91.4,92.7,91.5,92,92.3,92.4,92.4,92.4
798,"TUV","Tuvalu",100,100,100,100,100,100,100,100,100,100,100,100,100,100,100,100,100,100,100,100,100,100,100,100,100,100,100,100,100,100
800,"UGA","Uganda",6.3,6.3,6.3,6.3,6.3,6.3,6.3,6.3,6.3,7.3,8.7,10.2,8.6,7.7,9.1,7.1,4.9,6.3,3.5,2.4,0,10.4,9.7,5.6,4.1,4.7,6.4,5.9,5.9,5.9
804,"UKR","Ukraine",63.8,63.8,63.8,63.8,63.8,63.8,63.8,63.8,63.8,65.6,62.9,65.9,62.2,65.1,61.9,59.7,62.8,61.4,63.3,62.2,61,62.7,64.2,63.6,62.8,63,62.3,64.4,64.4,64.4
784,"ARE","United Arab Emirates",16.6,16.6,16.6,16.6,16.6,16.6,16.6,16.6,16.6,15.8,15.6,14.5,15,15.2,14.4,13.1,15.2,13.4,14.9,14.7,13.8,13.2,11.9,12.9,13.9,13.2,13.4,12.6,12.6,12.6
826,"GBR","United Kingdom",61.2,61.2,61.2,61.2,61.2,61.2,61.2,61.2,61.2,63.3,64.3,63.7,66,68,65.7,66.5,69.1,70,68.8,67.4,72,69.9,71.8,70.6,71.1,72.9,70.5,71.7,71.7,71.7
840,"USA","United States of America",37.9,37.9,37.9,37.9,37.9,37.9,37.9,37.9,37.9,37.9,36.5,34.3,35,36.7,40.7,35.1,35.3,34.5,38.5,35.9,32.5,31.7,34.6,35.1,34.7,34.1,33.6,35.5,35.5,35.5
858,"URY","Uruguay",24.6,24.6,24.6,24.6,24.6,24.6,24.6,24.6,24.6,35.7,40.8,33.6,27.9,43.7,40.5,36.5,41,31.6,33.9,33.4,34.7,45.1,44.6,39.4,35.6,39.2,39.8,38.8,38.8,38.8
860,"UZB","Uzbekistan",37.2,37.2,37.2,37.2,37.2,37.2,37.2,37.2,37.2,39.8,37.5,41.1,35.8,35.6,41.9,37.7,38.4,37.5,38.2,38.5,37.3,40.4,40.1,40,39.3,38.8,39.2,40.1,40.1,40.1
548,"VUT","Vanuatu",62.5,62.5,62.5,62.5,62.5,62.5,62.5,62.5,62.5,65.3,61.9,62.8,59,59.1,62.6,57.7,58,59.7,58.3,59,58.3,53.7,68.2,66.4,69.2,68.8,65.5,64.9,64.9,64.9
862,"VEN","Venezuela",14.4,14.4,14.4,14.4,14.4,14.4,14.4,14.4,14.4,16,12.9,13.6,14,14.7,15,8.2,11.4,10.9,11.5,13.3,10.4,4.1,5.9,11.9,10.7,10.3,10.3,9.4,9.4,9.4
704,"VNM","Viet Nam",16.9,16.9,16.9,16.9,16.9,16.9,16.9,16.9,16.9,15.3,16.4,18.9,18.3,20,20,15.5,17.5,16,17.2,15.8,14.8,11.7,17,16.6,17.8,17.5,17.1,15.8,15.8,15.8
876,"WLF","Wallis and Futuna Islands",100,100,100,100,100,100,100,100,100,100,100,100,100,100,100,100,100,100,100,100,100,100,100,100,100,100,100,100,100,100
732,"ESH","Western Sahara",92.6,92.6,92.6,92.6,92.6,92.6,92.6,92.6,92.6,93.6,92.8,93.5,93.9,94.3,94.4,93.9,94.7,93.7,94.3,94.7,94.7,93.8,94.6,94.8,95.2,94.8,94.2,94.9,94.9,94.9
887,"YEM","Yemen",29.8,29.8,29.8,29.8,29.8,29.8,29.8,29.8,29.8,27,27.8,28.7,28.9,28.5,26.2,27.4,23.3,23.1,24.6,24.7,23.4,22.6,21,22.9,23.6,23.8,23.3,24.8,24.8,24.8
894,"ZMB","Zambia",18.9,18.9,18.9,18.9,18.9,18.9,18.9,18.9,18.9,21.3,17.1,16.7,16.4,13.9,16.3,12,11.8,9.5,11.2,12,7.8,15.1,21,12.9,12.9,12.1,12.9,13.1,13.1,13.1
716,"ZWE","Zimbabwe",17.2,17.2,17.2,17.2,17.2,17.2,17.2,17.2,17.2,21.9,17.7,19,20.8,18.2,20.5,13.1,14.2,14.2,16.8,18.7,11.9,14.8,21.7,17.4,17.7,17.6,16.6,17.5,17.5,17.5
