"code","iso","country","WWG.ind.1995","WWG.ind.1996","WWG.ind.1997","WWG.ind.1998","WWG.ind.1999","WWG.ind.2000","WWG.ind.2001","WWG.ind.2002","WWG.ind.2003","WWG.ind.2004","WWG.ind.2005","WWG.ind.2006","WWG.ind.2007","WWG.ind.2008","WWG.ind.2009","WWG.ind.2010","WWG.ind.2011","WWG.ind.2012","WWG.ind.2013","WWG.ind.2014","WWG.ind.2015","WWG.ind.2016","WWG.ind.2017","WWG.ind.2018","WWG.ind.2019","WWG.ind.2020","WWG.ind.2021","WWG.ind.2022","WWG.ind.2023","WWG.ind.2024"
4,"AFG","Afghanistan",89.7,89.7,89.7,89.7,89.7,89.7,89.7,89.7,89.7,89.7,89.7,89.7,89.7,89.7,89.7,89.7,89.7,89.7,89.7,89.7,89.7,89.7,89.7,89.7,89.7,89.7,89.7,89.7,89.7,89.7
8,"ALB","Albania",64.8,64.8,64.8,64.8,64.8,64.8,64.8,64.8,64.8,64.8,64.8,64.8,64.8,64.8,64.8,64.8,64.8,64.8,64.8,64.8,64.8,64.6,64.3,64.7,59,58.7,56.6,56.6,56.6,56.6
12,"DZA","Algeria",62.7,62.7,62.7,62.7,62.7,62.7,62.7,62.7,62.7,62.7,62.7,62.7,62.7,62.7,62.7,62.7,62.7,62.7,62.7,62.7,62.7,62.7,62.7,62.7,62.7,62.7,62.7,62.7,62.7,62.7
20,"AND","Andorra",0,0,0,0,0,0,0,0,0,0,0,0,0,0,0,0,0,0,0,0,0,0,0.6,0,0,0,0,0,0,0
24,"AGO","Angola",86.5,86.5,86.5,86.5,86.5,86.5,86.5,86.5,86.5,86.5,86.5,86.5,86.5,86.5,86.5,86.5,86.5,86.5,86.5,86.5,86.5,86.5,86.5,86.5,86.5,86.5,86.5,86.5,86.5,86.5
660,"AIA","Anguilla",NA,NA,NA,NA,NA,NA,NA,NA,NA,NA,NA,NA,NA,NA,NA,NA,NA,NA,NA,NA,NA,NA,NA,NA,NA,NA,NA,NA,NA,NA
28,"ATG","Antigua and Barbuda",56.5,56.5,56.5,56.5,56.5,56.5,56.5,56.5,56.5,56.5,56.5,56.5,56.5,56.5,56.5,56.5,56.5,56.5,56.5,56.5,56.5,56.5,56.5,56.5,56.5,56.5,56.7,56.7,56.7,56.7
32,"ARG","Argentina",32.8,32.8,32.8,32.8,32.8,32.8,32.8,32.8,32.8,32.8,32.8,32.8,32.8,32.8,32.8,32.8,32.8,32.8,32.8,32.8,32.8,32.8,32.8,32.8,32.8,32.8,32.8,32.8,32.8,32.8
51,"ARM","Armenia",0,0,0,0,0,0,0,0,0,0,0,0,0,0,0,0,0,0,0,0,0,0,7.5,4.7,0,0,0,0,0,0
533,"ABW","Aruba",29.3,29.3,29.3,29.3,29.3,29.3,29.3,29.3,29.3,29.3,29.3,29.3,29.3,29.3,29.3,29.3,29.3,29.3,29.3,29.3,29.3,29.3,29.3,29.3,29.3,29.3,29.3,29.3,29.3,29.3
36,"AUS","Australia",26.2,26.2,26.2,26.2,26.2,26.2,26.2,26.2,26.2,26.2,26.2,26.2,26.2,26.2,26.2,26.2,26.2,26.2,26.2,26.2,26.2,26.2,26.2,26.2,26.2,26.2,26.2,26.2,26.2,26.2
40,"AUT","Austria",0,0,0,0,0,0,0,0,0,0,0,0,0,0,0,0,0,0,0,0,0,0,0,0,0,0.1,10.8,10.8,10.8,10.8
31,"AZE","Azerbaijan",43,43,43,43,43,43,43,43,43,43,43,43,43,43,43,43,43,43,43,43,43,44,45.3,42,41.7,42,44,44,44,44
44,"BHS","Bahamas",28.6,28.6,28.6,28.6,28.6,28.6,28.6,28.6,28.6,28.6,28.6,28.6,28.6,28.6,28.6,28.6,28.6,28.6,28.6,28.6,28.6,28.6,28.6,28.6,28.6,28.6,28.6,28.6,28.6,28.6
48,"BHR","Bahrain",20.4,20.4,20.4,20.4,20.4,20.4,20.4,20.4,20.4,20.4,20.4,20.4,20.4,20.4,20.4,20.4,20.4,20.4,20.4,20.4,20.4,20.8,21.5,21.9,22.4,20.2,20,20,20,20
50,"BGD","Bangladesh",48,48,48,48,48,48,48,48,48,48,48,48,48,48,48,48,48,48,48,48,48,48,48,48,48,50.1,48.9,48.9,48.9,48.9
52,"BRB","Barbados",33.8,33.8,33.8,33.8,33.8,33.8,33.8,33.8,33.8,33.8,33.8,33.8,33.8,33.8,33.8,33.8,33.8,33.8,33.8,33.8,33.8,33.8,33.8,33.8,33.8,33.8,33.8,33.8,33.8,33.8
112,"BLR","Belarus",23.6,23.6,23.6,23.6,23.6,23.6,23.6,23.6,23.6,23.6,23.6,23.6,23.6,23.6,23.6,23.6,23.6,23.6,23.6,23.6,23.6,18.8,18.6,18.7,18.9,18.5,16.3,16.3,16.3,16.3
56,"BEL","Belgium",29.3,29.3,29.3,29.3,29.3,29.3,29.3,29.3,29.3,29.3,29.3,29.3,29.3,29.3,29.3,29.3,29.3,29.3,29.3,29.3,29.3,29.3,29.3,29.3,29.3,29.3,29.3,29.3,29.3,29.3
84,"BLZ","Belize",50.9,50.9,50.9,50.9,50.9,50.9,50.9,50.9,50.9,50.9,50.9,50.9,50.9,50.9,50.9,50.9,50.9,50.9,50.9,50.9,50.9,50.9,50.9,50.9,50.9,50.9,50.9,50.9,50.9,50.9
204,"BEN","Benin",97.9,97.9,97.9,97.9,97.9,97.9,97.9,97.9,97.9,97.9,97.9,97.9,97.9,97.9,97.9,97.9,97.9,97.9,97.9,97.9,97.9,97.9,97.9,97.9,97.9,97.9,97.9,97.9,97.9,97.9
60,"BMU","Bermuda",43,43,43,43,43,43,43,43,43,43,43,43,43,43,43,43,43,43,43,43,43,39.6,47.2,47.2,47.2,47.2,47.2,47.2,47.2,47.2
64,"BTN","Bhutan",64.9,64.9,64.9,64.9,64.9,64.9,64.9,64.9,64.9,64.9,64.9,64.9,64.9,64.9,64.9,64.9,64.9,64.9,64.9,64.9,64.9,64.9,64.9,64.9,64.9,64.9,64.9,64.9,64.9,64.9
68,"BOL","Bolivia",66.7,66.7,66.7,66.7,66.7,66.7,66.7,66.7,66.7,66.7,66.7,66.7,66.7,66.7,66.7,66.7,66.7,66.7,66.7,66.7,66.7,66.7,66.7,66.7,66.7,66.7,66.7,66.7,66.7,66.7
70,"BIH","Bosnia and Herzegovina",42.8,42.8,42.8,42.8,42.8,42.8,42.8,42.8,42.8,42.8,42.8,42.8,42.8,42.8,42.8,42.8,42.8,42.8,42.8,42.8,42.8,42.8,42.8,42.8,42.8,42.8,42.8,42.8,42.8,42.8
72,"BWA","Botswana",53.3,53.3,53.3,53.3,53.3,53.3,53.3,53.3,53.3,53.3,53.3,53.3,53.3,53.3,53.3,53.3,53.3,53.3,53.3,53.3,53.3,53.3,53.3,53.3,53.3,53.3,53.3,53.3,53.3,53.3
76,"BRA","Brazil",15.1,15.1,15.1,15.1,15.1,15.1,15.1,15.1,15.1,15.1,15.1,15.1,15.1,15.1,15.1,15.1,15.1,15.1,15.1,15.1,15.1,14.9,15.4,15.4,15.4,15.4,15.4,15.4,15.4,15.4
92,"VGB","British Virgin Islands",28.2,28.2,28.2,28.2,28.2,28.2,28.2,28.2,28.2,28.2,28.2,28.2,28.2,28.2,28.2,28.2,28.2,28.2,28.2,28.2,28.2,28.2,28.2,28.2,28.2,28.2,28.2,28.2,28.2,28.2
96,"BRN","Brunei Darussalam",27.3,27.3,27.3,27.3,27.3,27.3,27.3,27.3,27.3,27.3,27.3,27.3,27.3,27.3,27.3,27.3,27.3,27.3,27.3,27.3,27.3,27.3,27.3,27.3,27.3,27.3,27.3,27.3,27.3,27.3
100,"BGR","Bulgaria",39.4,39.4,39.4,39.4,39.4,39.4,39.4,39.4,39.4,39.4,39.4,39.4,39.4,39.4,39.4,39.4,39.4,39.4,39.4,39.4,39.4,39.4,39.4,39.4,39.4,39.4,39.4,39.4,39.4,39.4
854,"BFA","Burkina Faso",100,100,100,100,100,100,100,100,100,100,100,100,100,100,100,100,100,100,100,100,100,100,100,100,100,100,100,100,100,100
108,"BDI","Burundi",97.2,97.2,97.2,97.2,97.2,97.2,97.2,97.2,97.2,97.2,97.2,97.2,97.2,97.2,97.2,97.2,97.2,97.2,97.2,97.2,97.2,97.2,97.2,97.2,97.2,97.2,97.2,97.2,97.2,97.2
132,"CPV","Cabo Verde",90.4,90.4,90.4,90.4,90.4,90.4,90.4,90.4,90.4,90.4,90.4,90.4,90.4,90.4,90.4,90.4,90.4,90.4,90.4,90.4,90.4,90.4,90.4,90.4,90.4,90.4,90.4,90.4,90.4,90.4
116,"KHM","Cambodia",77.8,77.8,77.8,77.8,77.8,77.8,77.8,77.8,77.8,77.8,77.8,77.8,77.8,77.8,77.8,77.8,77.8,77.8,77.8,77.8,77.8,77.8,77.8,77.8,77.8,77.8,77.8,77.8,77.8,77.8
120,"CMR","Cameroon",100,100,100,100,100,100,100,100,100,100,100,100,100,100,100,100,100,100,100,100,100,100,100,100,100,100,100,100,100,100
124,"CAN","Canada",6.9,6.9,6.9,6.9,6.9,6.9,6.9,6.9,6.9,6.9,6.9,6.9,6.9,6.9,6.9,6.9,6.9,6.9,6.9,6.9,6.9,6.9,6.9,6.9,6.9,6.9,6.9,6.9,6.9,6.9
136,"CYM","Cayman Islands",24.9,24.9,24.9,24.9,24.9,24.9,24.9,24.9,24.9,24.9,24.9,24.9,24.9,24.9,24.9,24.9,24.9,24.9,24.9,24.9,24.9,24.9,24.9,24.9,24.9,24.9,24.9,24.9,24.9,24.9
140,"CAF","Central African Republic",100,100,100,100,100,100,100,100,100,100,100,100,100,100,100,100,100,100,100,100,100,100,100,100,100,100,100,100,100,100
148,"TCD","Chad",99.9,99.9,99.9,99.9,99.9,99.9,99.9,99.9,99.9,99.9,99.9,99.9,99.9,99.9,99.9,99.9,99.9,99.9,99.9,99.9,99.9,99.9,99.9,99.9,99.9,99.9,99.9,99.9,99.9,99.9
152,"CHL","Chile",0,0,0,0,0,0,0,0,0,0,0,0,0,0,0,0,0,0,0,0,0,0,0,0,0,0,0,0,0,0
156,"CHN","China",42.6,42.6,42.6,42.6,42.6,42.6,42.6,42.6,42.6,42.6,42.6,42.6,42.6,42.6,42.6,42.6,42.6,42.6,42.6,42.6,42.6,42.6,42.6,42.6,42.6,42.6,42.6,42.6,42.6,42.6
170,"COL","Colombia",60.3,60.3,60.3,60.3,60.3,60.3,60.3,60.3,60.3,60.3,60.3,60.3,60.3,60.3,60.3,60.3,60.3,60.3,60.3,60.3,60.3,61.8,61.8,61.8,61.8,61.8,61.8,61.8,61.8,61.8
174,"COM","Comoros",83.9,83.9,83.9,83.9,83.9,83.9,83.9,83.9,83.9,83.9,83.9,83.9,83.9,83.9,83.9,83.9,83.9,83.9,83.9,83.9,83.9,83.9,83.9,83.9,83.9,83.9,83.9,83.9,83.9,83.9
184,"COK","Cook Islands",NA,NA,NA,NA,NA,NA,NA,NA,NA,NA,NA,NA,NA,NA,NA,NA,NA,NA,NA,NA,NA,NA,NA,NA,NA,NA,NA,NA,NA,NA
188,"CRI","Costa Rica",20.5,20.5,20.5,20.5,20.5,20.5,20.5,20.5,20.5,20.5,20.5,20.5,20.5,20.5,20.5,20.5,20.5,20.5,20.5,20.5,20.5,20.5,20.5,20,17.6,17.5,17.7,17.7,17.7,17.7
384,"CIV","Cote d'Ivoire",90.2,90.2,90.2,90.2,90.2,90.2,90.2,90.2,90.2,90.2,90.2,90.2,90.2,90.2,90.2,90.2,90.2,90.2,90.2,90.2,90.2,90.2,90.2,90.2,90.2,90.2,90.2,90.2,90.2,90.2
191,"HRV","Croatia",37.3,37.3,37.3,37.3,37.3,37.3,37.3,37.3,37.3,37.3,37.3,37.3,37.3,37.3,37.3,37.3,37.3,37.3,37.3,37.3,37.3,38.3,42.4,41.3,40.6,41.3,39.8,39.8,39.8,39.8
192,"CUB","Cuba",6.6,6.6,6.6,6.6,6.6,6.6,6.6,6.6,6.6,6.6,6.6,6.6,6.6,6.6,6.6,6.6,6.6,6.6,6.6,6.6,6.6,6.2,2.3,0,4,16.6,3.7,3.7,3.7,3.7
531,"CUW","Curacao",31.4,31.4,31.4,31.4,31.4,31.4,31.4,31.4,31.4,31.4,31.4,31.4,31.4,31.4,31.4,31.4,31.4,31.4,31.4,31.4,31.4,31.4,31.4,31.4,31.4,31.4,31.4,31.4,31.4,31.4
196,"CYP","Cyprus",61,61,61,61,61,61,61,61,61,61,61,61,61,61,61,61,61,61,61,61,61,61,61,61,61,61,61,61,61,61
203,"CZE","Czech Republic",27.3,27.3,27.3,27.3,27.3,27.3,27.3,27.3,27.3,27.3,27.3,27.3,27.3,27.3,27.3,27.3,27.3,27.3,27.3,27.3,27.3,27.3,27.3,27.3,27.3,27.3,27.3,27.3,27.3,27.3
180,"COD","Dem. Rep. Congo",100,100,100,100,100,100,100,100,100,100,100,100,100,100,100,100,100,100,100,100,100,100,100,100,100,100,100,100,100,100
208,"DNK","Denmark",20.4,20.4,20.4,20.4,20.4,20.4,20.4,20.4,20.4,20.4,20.4,20.4,20.4,20.4,20.4,20.4,20.4,20.4,20.4,20.4,20.4,22.1,22.5,21.4,22.6,22.8,21.4,21.4,21.4,21.4
262,"DJI","Djibouti",74.1,74.1,74.1,74.1,74.1,74.1,74.1,74.1,74.1,74.1,74.1,74.1,74.1,74.1,74.1,74.1,74.1,74.1,74.1,74.1,74.1,74.1,74.1,74.1,74.1,74.1,74.1,74.1,74.1,74.1
212,"DMA","Dominica",50.2,50.2,50.2,50.2,50.2,50.2,50.2,50.2,50.2,50.2,50.2,50.2,50.2,50.2,50.2,50.2,50.2,50.2,50.2,50.2,50.2,50.2,50.2,50.2,50.2,50.2,50.2,50.2,50.2,50.2
214,"DOM","Dominican Republic",24.4,24.4,24.4,24.4,24.4,24.4,24.4,24.4,24.4,24.4,24.4,24.4,24.4,24.4,24.4,24.4,24.4,24.4,24.4,24.4,24.4,24.4,24.4,24.4,24.4,27.2,27.2,27.2,27.2,27.2
218,"ECU","Ecuador",37.5,37.5,37.5,37.5,37.5,37.5,37.5,37.5,37.5,37.5,37.5,37.5,37.5,37.5,37.5,37.5,37.5,37.5,37.5,37.5,37.5,38.1,44,44.4,43,35.5,35.5,35.5,35.5,35.5
818,"EGY","Egypt",18.8,18.8,18.8,18.8,18.8,18.8,18.8,18.8,18.8,18.8,18.8,18.8,18.8,18.8,18.8,18.8,18.8,18.8,18.8,18.8,18.8,18.8,18.8,18.8,18.8,18.8,18.8,18.8,18.8,18.8
222,"SLV","El Salvador",50,50,50,50,50,50,50,50,50,50,50,50,50,50,50,50,50,50,50,50,50,50,50,50,50,50,50,50,50,50
226,"GNQ","Equatorial Guinea",52.8,52.8,52.8,52.8,52.8,52.8,52.8,52.8,52.8,52.8,52.8,52.8,52.8,52.8,52.8,52.8,52.8,52.8,52.8,52.8,52.8,52.8,52.8,52.8,52.8,52.8,52.8,52.8,52.8,52.8
232,"ERI","Eritrea",76.2,76.2,76.2,76.2,76.2,76.2,76.2,76.2,76.2,76.2,76.2,76.2,76.2,76.2,76.2,76.2,76.2,76.2,76.2,76.2,76.2,76.2,76.2,76.2,76.2,76.2,76.2,76.2,76.2,76.2
233,"EST","Estonia",25.2,25.2,25.2,25.2,25.2,25.2,25.2,25.2,25.2,25.2,25.2,25.2,25.2,25.2,25.2,25.2,25.2,25.2,25.2,25.2,25.2,25.2,24.6,28.4,26.3,25.4,25.7,25.7,25.7,25.7
748,"SWZ","Eswatini",65.7,65.7,65.7,65.7,65.7,65.7,65.7,65.7,65.7,65.7,65.7,65.7,65.7,65.7,65.7,65.7,65.7,65.7,65.7,65.7,65.7,65.7,65.7,65.7,65.7,65.7,65.7,65.7,65.7,65.7
231,"ETH","Ethiopia",100,100,100,100,100,100,100,100,100,100,100,100,100,100,100,100,100,100,100,100,100,100,100,100,100,100,100,100,100,100
234,"FRO","Faeroe Islands",24.9,24.9,24.9,24.9,24.9,24.9,24.9,24.9,24.9,24.9,24.9,24.9,24.9,24.9,24.9,24.9,24.9,24.9,24.9,24.9,24.9,24.9,24.9,24.9,24.9,24.9,24.9,24.9,24.9,24.9
238,"FLK","Falkland Islands",NA,NA,NA,NA,NA,NA,NA,NA,NA,NA,NA,NA,NA,NA,NA,NA,NA,NA,NA,NA,NA,NA,NA,NA,NA,NA,NA,NA,NA,NA
242,"FJI","Fiji",47.9,47.9,47.9,47.9,47.9,47.9,47.9,47.9,47.9,47.9,47.9,47.9,47.9,47.9,47.9,47.9,47.9,47.9,47.9,47.9,47.9,47.9,47.9,47.9,47.9,47.9,47.9,47.9,47.9,47.9
246,"FIN","Finland",32.4,32.4,32.4,32.4,32.4,32.4,32.4,32.4,32.4,32.4,32.4,32.4,32.4,32.4,32.4,32.4,32.4,32.4,32.4,32.4,32.4,32.4,32.4,32.4,32.4,32.4,32.4,32.4,32.4,32.4
250,"FRA","France",33.8,33.8,33.8,33.8,33.8,33.8,33.8,33.8,33.8,33.8,33.8,33.8,33.8,33.8,33.8,33.8,33.8,33.8,33.8,33.8,33.8,33.8,33.8,33.8,33.8,33.8,33.8,33.8,33.8,33.8
258,"PYF","French Polynesia",34.1,34.1,34.1,34.1,34.1,34.1,34.1,34.1,34.1,34.1,34.1,34.1,34.1,34.1,34.1,34.1,34.1,34.1,34.1,34.1,34.1,34.1,34.1,34.1,34.1,34.1,34.1,34.1,34.1,34.1
266,"GAB","Gabon",62.1,62.1,62.1,62.1,62.1,62.1,62.1,62.1,62.1,62.1,62.1,62.1,62.1,62.1,62.1,62.1,62.1,62.1,62.1,62.1,62.1,62.1,62.1,62.1,62.1,62.1,62.1,62.1,62.1,62.1
270,"GMB","Gambia",92.6,92.6,92.6,92.6,92.6,92.6,92.6,92.6,92.6,92.6,92.6,92.6,92.6,92.6,92.6,92.6,92.6,92.6,92.6,92.6,92.6,92.6,92.6,92.6,92.6,92.6,92.6,92.6,92.6,92.6
268,"GEO","Georgia",51.3,51.3,51.3,51.3,51.3,51.3,51.3,51.3,51.3,51.3,51.3,51.3,51.3,51.3,51.3,51.3,51.3,51.3,51.3,51.3,51.3,51.3,51.3,51.3,51.3,51.3,51.3,51.3,51.3,51.3
276,"DEU","Germany",25.7,25.7,25.7,25.7,25.7,25.7,25.7,25.7,25.7,25.7,25.7,25.7,25.7,25.7,25.7,25.7,25.7,25.7,25.7,25.7,25.7,25.7,25.7,25.7,25.7,25.7,25.7,25.7,25.7,25.7
288,"GHA","Ghana",65.5,65.5,65.5,65.5,65.5,65.5,65.5,65.5,65.5,65.5,65.5,65.5,65.5,65.5,65.5,65.5,65.5,65.5,65.5,65.5,65.5,65.5,65.5,65.5,65.5,65.5,65.5,65.5,65.5,65.5
300,"GRC","Greece",18.1,18.1,18.1,18.1,18.1,18.1,18.1,18.1,18.1,18.1,18.1,18.1,18.1,18.1,18.1,18.1,18.1,18.1,18.1,18.1,18.1,18.1,18.1,18.1,18.1,18.1,18.1,18.1,18.1,18.1
304,"GRL","Greenland",NA,NA,NA,NA,NA,NA,NA,NA,NA,NA,NA,NA,NA,NA,NA,NA,NA,NA,NA,NA,NA,NA,NA,NA,NA,NA,NA,NA,NA,NA
308,"GRD","Grenada",23.4,23.4,23.4,23.4,23.4,23.4,23.4,23.4,23.4,23.4,23.4,23.4,23.4,23.4,23.4,23.4,23.4,23.4,23.4,23.4,23.4,23.4,23.4,23.4,23.4,23.4,23.4,23.4,23.4,23.4
320,"GTM","Guatemala",25.3,25.3,25.3,25.3,25.3,25.3,25.3,25.3,25.3,25.3,25.3,25.3,25.3,25.3,25.3,25.3,25.3,25.3,25.3,25.3,25.3,25.3,25.3,25.3,25.3,25.3,25.3,25.3,25.3,25.3
831,"GGY","Guernsey",NA,NA,NA,NA,NA,NA,NA,NA,NA,NA,NA,NA,NA,NA,NA,NA,NA,NA,NA,NA,NA,NA,NA,NA,NA,NA,NA,NA,NA,NA
324,"GIN","Guinea",95.7,95.7,95.7,95.7,95.7,95.7,95.7,95.7,95.7,95.7,95.7,95.7,95.7,95.7,95.7,95.7,95.7,95.7,95.7,95.7,95.7,95.7,95.7,95.7,95.7,95.7,95.7,95.7,95.7,95.7
624,"GNB","Guinea-Bissau",100,100,100,100,100,100,100,100,100,100,100,100,100,100,100,100,100,100,100,100,100,100,100,100,100,100,100,100,100,100
328,"GUY","Guyana",52.7,52.7,52.7,52.7,52.7,52.7,52.7,52.7,52.7,52.7,52.7,52.7,52.7,52.7,52.7,52.7,52.7,52.7,52.7,52.7,52.7,52.7,52.7,52.7,52.7,52.7,52.7,52.7,52.7,52.7
332,"HTI","Haiti",89.9,89.9,89.9,89.9,89.9,89.9,89.9,89.9,89.9,89.9,89.9,89.9,89.9,89.9,89.9,89.9,89.9,89.9,89.9,89.9,89.9,89.9,89.9,89.9,89.9,89.9,89.9,89.9,89.9,89.9
336,"VAT","Holy See",NA,NA,NA,NA,NA,NA,NA,NA,NA,NA,NA,NA,NA,NA,NA,NA,NA,NA,NA,NA,NA,NA,NA,NA,NA,NA,NA,NA,NA,NA
340,"HND","Honduras",47.1,47.1,47.1,47.1,47.1,47.1,47.1,47.1,47.1,47.1,47.1,47.1,47.1,47.1,47.1,47.1,47.1,47.1,47.1,47.1,47.1,47.1,47.1,47.1,47.1,47.1,47.1,47.1,47.1,47.1
344,"HKG","Hong Kong",14.9,14.9,14.9,14.9,14.9,14.9,14.9,14.9,14.9,14.9,14.9,14.9,14.9,14.9,14.9,14.9,14.9,14.9,14.9,14.9,14.9,14.6,15,14.9,15,15,15,15,15,15
348,"HUN","Hungary",49.3,49.3,49.3,49.3,49.3,49.3,49.3,49.3,49.3,49.3,49.3,49.3,49.3,49.3,49.3,49.3,49.3,49.3,49.3,49.3,49.3,49.3,49.3,49.3,49.3,49.3,49.3,49.3,49.3,49.3
352,"ISL","Iceland",20.4,20.4,20.4,20.4,20.4,20.4,20.4,20.4,20.4,20.4,20.4,20.4,20.4,20.4,20.4,20.4,20.4,20.4,20.4,20.4,20.4,20.4,20.4,20.4,20.4,20.4,20.4,20.4,20.4,20.4
356,"IND","India",71.8,71.8,71.8,71.8,71.8,71.8,71.8,71.8,71.8,71.8,71.8,71.8,71.8,71.8,71.8,71.8,71.8,71.8,71.8,71.8,71.8,71.8,71.8,71.8,71.8,71.8,71.8,71.8,71.8,71.8
360,"IDN","Indonesia",39,39,39,39,39,39,39,39,39,39,39,39,39,39,39,39,39,39,39,39,39,39,39,39,39,39,39,39,39,39
364,"IRN","Iran",51.8,51.8,51.8,51.8,51.8,51.8,51.8,51.8,51.8,51.8,51.8,51.8,51.8,51.8,51.8,51.8,51.8,51.8,51.8,51.8,51.8,51.8,51.8,51.8,51.8,51.8,51.8,51.8,51.8,51.8
368,"IRQ","Iraq",64.9,64.9,64.9,64.9,64.9,64.9,64.9,64.9,64.9,64.9,64.9,64.9,64.9,64.9,64.9,64.9,64.9,64.9,64.9,64.9,64.9,61,52.7,57.3,56,55,55,55,55,55
372,"IRL","Ireland",10.4,10.4,10.4,10.4,10.4,10.4,10.4,10.4,10.4,10.4,10.4,10.4,10.4,10.4,10.4,10.4,10.4,10.4,10.4,10.4,10.4,10.4,10.4,10.4,10.4,10.4,10.4,10.4,10.4,10.4
833,"IMN","Isle of Man",15.9,15.9,15.9,15.9,15.9,15.9,15.9,15.9,15.9,15.9,15.9,15.9,15.9,15.9,15.9,15.9,15.9,15.9,15.9,15.9,15.9,15.9,15.9,15.9,15.9,15.9,15.9,15.9,15.9,15.9
376,"ISR","Israel",32.9,32.9,32.9,32.9,32.9,32.9,32.9,32.9,32.9,32.9,32.9,32.9,32.9,32.9,32.9,32.9,32.9,32.9,32.9,32.9,32.9,32.9,32.9,32.9,32.9,32.9,32.9,32.9,32.9,32.9
380,"ITA","Italy",28.5,28.5,28.5,28.5,28.5,28.5,28.5,28.5,28.5,28.5,28.5,28.5,28.5,28.5,28.5,28.5,28.5,28.5,28.5,28.5,28.5,28.5,28.5,28.5,28.5,28.5,28.5,28.5,28.5,28.5
388,"JAM","Jamaica",49.1,49.1,49.1,49.1,49.1,49.1,49.1,49.1,49.1,49.1,49.1,49.1,49.1,49.1,49.1,49.1,49.1,49.1,49.1,49.1,49.1,49.1,49.1,49.1,49.1,49.1,49.1,49.1,49.1,49.1
392,"JPN","Japan",24.6,24.6,24.6,24.6,24.6,24.6,24.6,24.6,24.6,24.6,24.6,24.6,24.6,24.6,24.6,24.6,24.6,24.6,24.6,24.6,24.6,24.6,24.6,24.6,24.6,24.6,24.6,24.6,24.6,24.6
832,"JEY","Jersey",NA,NA,NA,NA,NA,NA,NA,NA,NA,NA,NA,NA,NA,NA,NA,NA,NA,NA,NA,NA,NA,NA,NA,NA,NA,NA,NA,NA,NA,NA
400,"JOR","Jordan",53.4,53.4,53.4,53.4,53.4,53.4,53.4,53.4,53.4,53.4,53.4,53.4,53.4,53.4,53.4,53.4,53.4,53.4,53.4,53.4,53.4,54.5,54.3,54.3,54.3,54.3,54.3,54.3,54.3,54.3
398,"KAZ","Kazakhstan",0,0,0,0,0,0,0,0,0,0,0,0,0,0,0,0,0,0,0,0,0,0,0,0,0,0,0,0,0,0
404,"KEN","Kenya",48.5,48.5,48.5,48.5,48.5,48.5,48.5,48.5,48.5,48.5,48.5,48.5,48.5,48.5,48.5,48.5,48.5,48.5,48.5,48.5,48.5,48.5,48.5,48.5,48.5,48.5,48.5,48.5,48.5,48.5
296,"KIR","Kiribati",81.9,81.9,81.9,81.9,81.9,81.9,81.9,81.9,81.9,81.9,81.9,81.9,81.9,81.9,81.9,81.9,81.9,81.9,81.9,81.9,81.9,81.9,81.9,81.9,81.9,81.9,81.9,81.9,81.9,81.9
689,"XKX","Kosovo",NA,NA,NA,NA,NA,NA,NA,NA,NA,NA,NA,NA,NA,NA,NA,NA,NA,NA,NA,NA,NA,NA,NA,NA,NA,NA,NA,NA,NA,NA
414,"KWT","Kuwait",30.9,30.9,30.9,30.9,30.9,30.9,30.9,30.9,30.9,30.9,30.9,30.9,30.9,30.9,30.9,30.9,30.9,30.9,30.9,30.9,30.9,30.9,30.9,30.9,30.9,30.9,30.9,30.9,30.9,30.9
417,"KGZ","Kyrgyzstan",75.9,75.9,75.9,75.9,75.9,75.9,75.9,75.9,75.9,75.9,75.9,75.9,75.9,75.9,75.9,75.9,75.9,75.9,75.9,75.9,75.9,75.9,75.9,75.9,75.9,75.9,75.9,75.9,75.9,75.9
418,"LAO","Laos",51.2,51.2,51.2,51.2,51.2,51.2,51.2,51.2,51.2,51.2,51.2,51.2,51.2,51.2,51.2,51.2,51.2,51.2,51.2,51.2,51.2,51.2,51.2,51.2,51.2,51.2,51.2,51.2,51.2,51.2
428,"LVA","Latvia",22.2,22.2,22.2,22.2,22.2,22.2,22.2,22.2,22.2,22.2,22.2,22.2,22.2,22.2,22.2,22.2,22.2,22.2,22.2,22.2,22.2,22.2,22.2,22.2,22.2,22.2,22.2,22.2,22.2,22.2
422,"LBN","Lebanon",38.6,38.6,38.6,38.6,38.6,38.6,38.6,38.6,38.6,38.6,38.6,38.6,38.6,38.6,38.6,38.6,38.6,38.6,38.6,38.6,38.6,38.6,38.6,38.6,38.6,38.6,38.6,38.6,38.6,38.6
426,"LSO","Lesotho",84.8,84.8,84.8,84.8,84.8,84.8,84.8,84.8,84.8,84.8,84.8,84.8,84.8,84.8,84.8,84.8,84.8,84.8,84.8,84.8,84.8,84.8,84.8,84.8,84.8,84.8,84.8,84.8,84.8,84.8
430,"LBR","Liberia",99.1,99.1,99.1,99.1,99.1,99.1,99.1,99.1,99.1,99.1,99.1,99.1,99.1,99.1,99.1,99.1,99.1,99.1,99.1,99.1,99.1,99.1,99.1,99.1,99.1,99.1,99.1,99.1,99.1,99.1
434,"LBY","Libya",55.2,55.2,55.2,55.2,55.2,55.2,55.2,55.2,55.2,55.2,55.2,55.2,55.2,55.2,55.2,55.2,55.2,55.2,55.2,55.2,55.2,55.2,55.2,55.2,55.2,55.2,55.2,55.2,55.2,55.2
438,"LIE","Liechtenstein",8.2,8.2,8.2,8.2,8.2,8.2,8.2,8.2,8.2,8.2,8.2,8.2,8.2,8.2,8.2,8.2,8.2,8.2,8.2,8.2,8.2,8.2,8.2,8.2,8.2,8.2,8.2,8.2,8.2,8.2
440,"LTU","Lithuania",35.2,35.2,35.2,35.2,35.2,35.2,35.2,35.2,35.2,35.2,35.2,35.2,35.2,35.2,35.2,35.2,35.2,35.2,35.2,35.2,35.2,35.2,35.2,35.2,35.2,35.2,35.2,35.2,35.2,35.2
442,"LUX","Luxembourg",40.8,40.8,40.8,40.8,40.8,40.8,40.8,40.8,40.8,40.8,40.8,40.8,40.8,40.8,40.8,40.8,40.8,40.8,40.8,40.8,40.8,40.8,40.8,40.8,40.8,40.8,40.8,40.8,40.8,40.8
446,"MAC","Macao",16.1,16.1,16.1,16.1,16.1,16.1,16.1,16.1,16.1,16.1,16.1,16.1,16.1,16.1,16.1,16.1,16.1,16.1,16.1,16.1,16.1,16.1,16.1,16.1,16.1,16.1,16.1,16.1,16.1,16.1
450,"MDG","Madagascar",100,100,100,100,100,100,100,100,100,100,100,100,100,100,100,100,100,100,100,100,100,100,100,100,100,100,100,100,100,100
454,"MWI","Malawi",100,100,100,100,100,100,100,100,100,100,100,100,100,100,100,100,100,100,100,100,100,100,100,100,100,100,100,100,100,100
458,"MYS","Malaysia",35.3,35.3,35.3,35.3,35.3,35.3,35.3,35.3,35.3,35.3,35.3,35.3,35.3,35.3,35.3,35.3,35.3,35.3,35.3,35.3,35.3,34.4,34.3,33.7,33.2,33.2,33.2,33.2,33.2,33.2
462,"MDV","Maldives",38.4,38.4,38.4,38.4,38.4,38.4,38.4,38.4,38.4,38.4,38.4,38.4,38.4,38.4,38.4,38.4,38.4,38.4,38.4,38.4,38.4,38.4,38.4,38.4,38.4,38.4,38.4,38.4,38.4,38.4
466,"MLI","Mali",89.4,89.4,89.4,89.4,89.4,89.4,89.4,89.4,89.4,89.4,89.4,89.4,89.4,89.4,89.4,89.4,89.4,89.4,89.4,89.4,89.4,89.4,89.4,89.4,89.4,89.4,89.4,89.4,89.4,89.4
470,"MLT","Malta",17.8,17.8,17.8,17.8,17.8,17.8,17.8,17.8,17.8,17.8,17.8,17.8,17.8,17.8,17.8,17.8,17.8,17.8,17.8,17.8,17.8,23.4,20.1,16.3,18.1,22.9,18.5,18.5,18.5,18.5
584,"MHL","Marshall Islands",54.9,54.9,54.9,54.9,54.9,54.9,54.9,54.9,54.9,54.9,54.9,54.9,54.9,54.9,54.9,54.9,54.9,54.9,54.9,54.9,54.9,54.9,54.9,54.9,54.9,54.9,54.9,54.9,54.9,54.9
478,"MRT","Mauritania",90.8,90.8,90.8,90.8,90.8,90.8,90.8,90.8,90.8,90.8,90.8,90.8,90.8,90.8,90.8,90.8,90.8,90.8,90.8,90.8,90.8,90.8,90.8,90.8,90.8,90.8,90.8,90.8,90.8,90.8
480,"MUS","Mauritius",51.6,51.6,51.6,51.6,51.6,51.6,51.6,51.6,51.6,51.6,51.6,51.6,51.6,51.6,51.6,51.6,51.6,51.6,51.6,51.6,51.6,51.6,51.6,51.6,51.6,51.6,51.6,51.6,51.6,51.6
484,"MEX","Mexico",35,35,35,35,35,35,35,35,35,35,35,35,35,35,35,35,35,35,35,35,35,35,35,35,35,35,35,35,35,35
583,"FSM","Micronesia",57.1,57.1,57.1,57.1,57.1,57.1,57.1,57.1,57.1,57.1,57.1,57.1,57.1,57.1,57.1,57.1,57.1,57.1,57.1,57.1,57.1,57.1,57.1,57.1,57.1,57.1,57.1,57.1,57.1,57.1
498,"MDA","Moldova",2.4,2.4,2.4,2.4,2.4,2.4,2.4,2.4,2.4,2.4,2.4,2.4,2.4,2.4,2.4,2.4,2.4,2.4,2.4,2.4,2.4,2.2,1.7,0.9,0.5,0.4,0,0,0,0
492,"MCO","Monaco",11,11,11,11,11,11,11,11,11,11,11,11,11,11,11,11,11,11,11,11,11,11.6,12.3,8.7,8.5,13.1,12,12,12,12
496,"MNG","Mongolia",42.1,42.1,42.1,42.1,42.1,42.1,42.1,42.1,42.1,42.1,42.1,42.1,42.1,42.1,42.1,42.1,42.1,42.1,42.1,42.1,42.1,42.1,42.1,42.1,42.1,42.1,42.1,42.1,42.1,42.1
499,"MNE","Montenegro",43.8,43.8,43.8,43.8,43.8,43.8,43.8,43.8,43.8,43.8,43.8,43.8,43.8,43.8,43.8,43.8,43.8,43.8,43.8,43.8,43.8,43.8,43.8,43.8,43.8,43.8,43.8,43.8,43.8,43.8
504,"MAR","Morocco",61.2,61.2,61.2,61.2,61.2,61.2,61.2,61.2,61.2,61.2,61.2,61.2,61.2,61.2,61.2,61.2,61.2,61.2,61.2,61.2,61.2,61.2,61.2,61.2,61.2,61.2,61.2,61.2,61.2,61.2
508,"MOZ","Mozambique",96.1,96.1,96.1,96.1,96.1,96.1,96.1,96.1,96.1,96.1,96.1,96.1,96.1,96.1,96.1,96.1,96.1,96.1,96.1,96.1,96.1,96.1,96.1,96.1,96.1,96.1,96.1,96.1,96.1,96.1
104,"MMR","Myanmar",72.4,72.4,72.4,72.4,72.4,72.4,72.4,72.4,72.4,72.4,72.4,72.4,72.4,72.4,72.4,72.4,72.4,72.4,72.4,72.4,72.4,72.4,72.4,72.4,72.4,72.4,72.4,72.4,72.4,72.4
516,"NAM","Namibia",59.6,59.6,59.6,59.6,59.6,59.6,59.6,59.6,59.6,59.6,59.6,59.6,59.6,59.6,59.6,59.6,59.6,59.6,59.6,59.6,59.6,59.6,59.6,59.6,59.6,59.6,59.6,59.6,59.6,59.6
520,"NRU","Nauru",53.1,53.1,53.1,53.1,53.1,53.1,53.1,53.1,53.1,53.1,53.1,53.1,53.1,53.1,53.1,53.1,53.1,53.1,53.1,53.1,53.1,53.1,53.1,53.1,53.1,53.1,53.1,53.1,53.1,53.1
524,"NPL","Nepal",81.5,81.5,81.5,81.5,81.5,81.5,81.5,81.5,81.5,81.5,81.5,81.5,81.5,81.5,81.5,81.5,81.5,81.5,81.5,81.5,81.5,81.5,81.5,81.5,81.5,81.5,81.5,81.5,81.5,81.5
528,"NLD","Netherlands",19.4,19.4,19.4,19.4,19.4,19.4,19.4,19.4,19.4,19.4,19.4,19.4,19.4,19.4,19.4,19.4,19.4,19.4,19.4,19.4,19.4,19.4,19.4,19.4,18.1,18.1,18.1,18.1,18.1,18.1
540,"NCL","New Caledonia",24.5,24.5,24.5,24.5,24.5,24.5,24.5,24.5,24.5,24.5,24.5,24.5,24.5,24.5,24.5,24.5,24.5,24.5,24.5,24.5,24.5,24.5,24.5,24.5,24.5,24.5,24.5,24.5,24.5,24.5
554,"NZL","New Zealand",20.2,20.2,20.2,20.2,20.2,20.2,20.2,20.2,20.2,20.2,20.2,20.2,20.2,20.2,20.2,20.2,20.2,20.2,20.2,20.2,20.2,20.2,20.2,20.2,20.2,20.2,20.2,20.2,20.2,20.2
558,"NIC","Nicaragua",31.5,31.5,31.5,31.5,31.5,31.5,31.5,31.5,31.5,31.5,31.5,31.5,31.5,31.5,31.5,31.5,31.5,31.5,31.5,31.5,31.5,31.5,31.5,31.5,31.5,31.5,31.5,31.5,31.5,31.5
562,"NER","Niger",100,100,100,100,100,100,100,100,100,100,100,100,100,100,100,100,100,100,100,100,100,100,100,100,100,100,100,100,100,100
566,"NGA","Nigeria",74.8,74.8,74.8,74.8,74.8,74.8,74.8,74.8,74.8,74.8,74.8,74.8,74.8,74.8,74.8,74.8,74.8,74.8,74.8,74.8,74.8,74.8,74.8,74.8,74.8,74.8,74.8,74.8,74.8,74.8
570,"NIU","Niue",NA,NA,NA,NA,NA,NA,NA,NA,NA,NA,NA,NA,NA,NA,NA,NA,NA,NA,NA,NA,NA,NA,NA,NA,NA,NA,NA,NA,NA,NA
408,"PRK","North Korea",62.6,62.6,62.6,62.6,62.6,62.6,62.6,62.6,62.6,62.6,62.6,62.6,62.6,62.6,62.6,62.6,62.6,62.6,62.6,62.6,62.6,62.6,62.6,62.6,62.6,62.6,62.6,62.6,62.6,62.6
807,"MKD","North Macedonia",62.5,62.5,62.5,62.5,62.5,62.5,62.5,62.5,62.5,62.5,62.5,62.5,62.5,62.5,62.5,62.5,62.5,62.5,62.5,62.5,62.5,62.5,62.5,62.5,62.5,62.5,62.5,62.5,62.5,62.5
578,"NOR","Norway",10.1,10.1,10.1,10.1,10.1,10.1,10.1,10.1,10.1,10.1,10.1,10.1,10.1,10.1,10.1,10.1,10.1,10.1,10.1,10.1,10.1,10.1,10.1,10.1,10.1,10.1,10.1,10.1,10.1,10.1
512,"OMN","Oman",60.7,60.7,60.7,60.7,60.7,60.7,60.7,60.7,60.7,60.7,60.7,60.7,60.7,60.7,60.7,60.7,60.7,60.7,60.7,60.7,60.7,60.7,60.7,60.7,59.4,57.6,58.6,58.6,58.6,58.6
586,"PAK","Pakistan",55.9,55.9,55.9,55.9,55.9,55.9,55.9,55.9,55.9,55.9,55.9,55.9,55.9,55.9,55.9,55.9,55.9,55.9,55.9,55.9,55.9,55.9,55.9,55.9,55.9,55.9,55.9,55.9,55.9,55.9
585,"PLW","Palau",34.4,34.4,34.4,34.4,34.4,34.4,34.4,34.4,34.4,34.4,34.4,34.4,34.4,34.4,34.4,34.4,34.4,34.4,34.4,34.4,34.4,34.4,34.4,34.4,34.4,34.4,34.4,34.4,34.4,34.4
591,"PAN","Panama",28.6,28.6,28.6,28.6,28.6,28.6,28.6,28.6,28.6,28.6,28.6,28.6,28.6,28.6,28.6,28.6,28.6,28.6,28.6,28.6,28.6,28.2,27.9,27.9,27.9,28.3,28.5,28.5,28.5,28.5
598,"PNG","Papua New Guinea",86.1,86.1,86.1,86.1,86.1,86.1,86.1,86.1,86.1,86.1,86.1,86.1,86.1,86.1,86.1,86.1,86.1,86.1,86.1,86.1,86.1,86.1,86.1,86.1,86.1,86.1,86.1,86.1,86.1,86.1
600,"PRY","Paraguay",46.2,46.2,46.2,46.2,46.2,46.2,46.2,46.2,46.2,46.2,46.2,46.2,46.2,46.2,46.2,46.2,46.2,46.2,46.2,46.2,46.2,46.2,46.2,46.2,46.2,46.2,46.2,46.2,46.2,46.2
604,"PER","Peru",51.9,51.9,51.9,51.9,51.9,51.9,51.9,51.9,51.9,51.9,51.9,51.9,51.9,51.9,51.9,51.9,51.9,51.9,51.9,51.9,51.9,50.8,49.6,48.5,48.1,48.7,48.9,48.9,48.9,48.9
608,"PHL","Philippines",80.9,80.9,80.9,80.9,80.9,80.9,80.9,80.9,80.9,80.9,80.9,80.9,80.9,80.9,80.9,80.9,80.9,80.9,80.9,80.9,80.9,80.9,80.9,80.9,80.9,80.9,80.9,80.9,80.9,80.9
616,"POL","Poland",37.9,37.9,37.9,37.9,37.9,37.9,37.9,37.9,37.9,37.9,37.9,37.9,37.9,37.9,37.9,37.9,37.9,37.9,37.9,37.9,37.9,37.4,37.1,37.1,37.3,37,36.3,36.3,36.3,36.3
620,"PRT","Portugal",40.5,40.5,40.5,40.5,40.5,40.5,40.5,40.5,40.5,40.5,40.5,40.5,40.5,40.5,40.5,40.5,40.5,40.5,40.5,40.5,40.5,40.5,40.5,40.5,40.5,40.5,40.5,40.5,40.5,40.5
634,"QAT","Qatar",20.3,20.3,20.3,20.3,20.3,20.3,20.3,20.3,20.3,20.3,20.3,20.3,20.3,20.3,20.3,20.3,20.3,20.3,20.3,20.3,20.3,20.3,20.3,20.3,20.3,20.3,20.3,20.3,20.3,20.3
178,"COG","Republic of Congo",88.4,88.4,88.4,88.4,88.4,88.4,88.4,88.4,88.4,88.4,88.4,88.4,88.4,88.4,88.4,88.4,88.4,88.4,88.4,88.4,88.4,88.4,88.4,88.4,88.4,88.4,88.4,88.4,88.4,88.4
642,"ROU","Romania",24.1,24.1,24.1,24.1,24.1,24.1,24.1,24.1,24.1,24.1,24.1,24.1,24.1,24.1,24.1,24.1,24.1,24.1,24.1,24.1,24.1,23.8,24.6,24,24.2,26.6,25.1,25.1,25.1,25.1
643,"RUS","Russia",33.9,33.9,33.9,33.9,33.9,33.9,33.9,33.9,33.9,33.9,33.9,33.9,33.9,33.9,33.9,33.9,33.9,33.9,33.9,33.9,33.9,33.9,33.9,33.9,33.9,33.9,33.9,33.9,33.9,33.9
646,"RWA","Rwanda",79.6,79.6,79.6,79.6,79.6,79.6,79.6,79.6,79.6,79.6,79.6,79.6,79.6,79.6,79.6,79.6,79.6,79.6,79.6,79.6,79.6,79.6,79.6,79.6,79.6,79.6,79.6,79.6,79.6,79.6
652,"BLM","Saint Barthelemy",NA,NA,NA,NA,NA,NA,NA,NA,NA,NA,NA,NA,NA,NA,NA,NA,NA,NA,NA,NA,NA,NA,NA,NA,NA,NA,NA,NA,NA,NA
659,"KNA","Saint Kitts and Nevis",30.8,30.8,30.8,30.8,30.8,30.8,30.8,30.8,30.8,30.8,30.8,30.8,30.8,30.8,30.8,30.8,30.8,30.8,30.8,30.8,30.8,30.8,30.8,30.8,30.8,30.8,30.8,30.8,30.8,30.8
662,"LCA","Saint Lucia",43.5,43.5,43.5,43.5,43.5,43.5,43.5,43.5,43.5,43.5,43.5,43.5,43.5,43.5,43.5,43.5,43.5,43.5,43.5,43.5,43.5,43.5,43.5,43.5,43.5,43.5,43.5,43.5,43.5,43.5
670,"VCT","Saint Vincent and the Grenadines",47.2,47.2,47.2,47.2,47.2,47.2,47.2,47.2,47.2,47.2,47.2,47.2,47.2,47.2,47.2,47.2,47.2,47.2,47.2,47.2,47.2,47.2,47.2,47.2,47.2,47.2,47.2,47.2,47.2,47.2
882,"WSM","Samoa",50.1,50.1,50.1,50.1,50.1,50.1,50.1,50.1,50.1,50.1,50.1,50.1,50.1,50.1,50.1,50.1,50.1,50.1,50.1,50.1,50.1,50.1,50.1,50.1,50.1,50.1,50.1,50.1,50.1,50.1
674,"SMR","San Marino",22.9,22.9,22.9,22.9,22.9,22.9,22.9,22.9,22.9,22.9,22.9,22.9,22.9,22.9,22.9,22.9,22.9,22.9,22.9,22.9,22.9,22.9,22.9,22.9,22.9,22.9,22.9,22.9,22.9,22.9
678,"STP","Sao Tome and Principe",81.7,81.7,81.7,81.7,81.7,81.7,81.7,81.7,81.7,81.7,81.7,81.7,81.7,81.7,81.7,81.7,81.7,81.7,81.7,81.7,81.7,81.7,81.7,81.7,81.7,81.7,81.7,81.7,81.7,81.7
682,"SAU","Saudi Arabia",30.8,30.8,30.8,30.8,30.8,30.8,30.8,30.8,30.8,30.8,30.8,30.8,30.8,30.8,30.8,30.8,30.8,30.8,30.8,30.8,30.8,30.7,30.8,27,26.8,26.8,26.8,26.8,26.8,26.8
686,"SEN","Senegal",67.9,67.9,67.9,67.9,67.9,67.9,67.9,67.9,67.9,67.9,67.9,67.9,67.9,67.9,67.9,67.9,67.9,67.9,67.9,67.9,67.9,67.9,67.9,67.9,67.9,67.9,67.9,67.9,67.9,67.9
688,"SRB","Serbia",34.9,34.9,34.9,34.9,34.9,34.9,34.9,34.9,34.9,34.9,34.9,34.9,34.9,34.9,34.9,34.9,34.9,34.9,34.9,34.9,34.9,34.9,34.9,34.9,34.9,34.9,34.9,34.9,34.9,34.9
690,"SYC","Seychelles",34.6,34.6,34.6,34.6,34.6,34.6,34.6,34.6,34.6,34.6,34.6,34.6,34.6,34.6,34.6,34.6,34.6,34.6,34.6,34.6,34.6,34.6,34.6,34.6,34.6,34.6,34.6,34.6,34.6,34.6
694,"SLE","Sierra Leone",100,100,100,100,100,100,100,100,100,100,100,100,100,100,100,100,100,100,100,100,100,100,100,100,100,100,100,100,100,100
702,"SGP","Singapore",23.7,23.7,23.7,23.7,23.7,23.7,23.7,23.7,23.7,23.7,23.7,23.7,23.7,23.7,23.7,23.7,23.7,23.7,23.7,23.7,23.7,23.7,23.7,23.7,23.7,23.7,23.7,23.7,23.7,23.7
534,"SXM","Sint Maarten",28.6,28.6,28.6,28.6,28.6,28.6,28.6,28.6,28.6,28.6,28.6,28.6,28.6,28.6,28.6,28.6,28.6,28.6,28.6,28.6,28.6,28.6,28.6,28.6,28.6,28.6,28.6,28.6,28.6,28.6
703,"SVK","Slovakia",26.1,26.1,26.1,26.1,26.1,26.1,26.1,26.1,26.1,26.1,26.1,26.1,26.1,26.1,26.1,26.1,26.1,26.1,26.1,26.1,26.1,26.1,26.1,26.1,26.1,26.1,26.1,26.1,26.1,26.1
705,"SVN","Slovenia",37.9,37.9,37.9,37.9,37.9,37.9,37.9,37.9,37.9,37.9,37.9,37.9,37.9,37.9,37.9,37.9,37.9,37.9,37.9,37.9,37.9,39.6,38.6,39.4,39.2,40,38,38,38,38
90,"SLB","Solomon Islands",83,83,83,83,83,83,83,83,83,83,83,83,83,83,83,83,83,83,83,83,83,83,83,83,83,83,83,83,83,83
706,"SOM","Somalia",100,100,100,100,100,100,100,100,100,100,100,100,100,100,100,100,100,100,100,100,100,100,100,100,100,100,100,100,100,100
710,"ZAF","South Africa",34,34,34,34,34,34,34,34,34,34,34,34,34,34,34,34,34,34,34,34,34,34,34,34,34,34,34,34,34,34
410,"KOR","South Korea",14.9,14.9,14.9,14.9,14.9,14.9,14.9,14.9,14.9,14.9,14.9,14.9,14.9,14.9,14.9,14.9,14.9,14.9,14.9,14.9,14.9,14.9,14.9,14.9,14.9,14.9,14.9,14.9,14.9,14.9
728,"SSD","South Sudan",96.4,96.4,96.4,96.4,96.4,96.4,96.4,96.4,96.4,96.4,96.4,96.4,96.4,96.4,96.4,96.4,96.4,96.4,96.4,96.4,96.4,96.4,96.4,96.4,96.4,96.4,96.4,96.4,96.4,96.4
724,"ESP","Spain",25.6,25.6,25.6,25.6,25.6,25.6,25.6,25.6,25.6,25.6,25.6,25.6,25.6,25.6,25.6,25.6,25.6,25.6,25.6,25.6,25.6,25.6,25.6,25.6,25.6,25.6,25.6,25.6,25.6,25.6
144,"LKA","Sri Lanka",87.3,87.3,87.3,87.3,87.3,87.3,87.3,87.3,87.3,87.3,87.3,87.3,87.3,87.3,87.3,87.3,87.3,87.3,87.3,87.3,87.3,87.3,87.3,87.3,87.3,87.3,87.3,87.3,87.3,87.3
275,"PSE","State of Palestine",0,0,0,0,0,0,0,0,0,0,0,0,0,0,0,0,0,0,0,0,0,0,0,0,0,0,0,0,0,0
729,"SDN","Sudan",75.7,75.7,75.7,75.7,75.7,75.7,75.7,75.7,75.7,75.7,75.7,75.7,75.7,75.7,75.7,75.7,75.7,75.7,75.7,75.7,75.7,75.7,75.7,75.7,75.7,75.7,75.7,75.7,75.7,75.7
740,"SUR","Suriname",46.6,46.6,46.6,46.6,46.6,46.6,46.6,46.6,46.6,46.6,46.6,46.6,46.6,46.6,46.6,46.6,46.6,46.6,46.6,46.6,46.6,46.6,46.6,46.6,46.6,46.6,46.6,46.6,46.6,46.6
752,"SWE","Sweden",35.5,35.5,35.5,35.5,35.5,35.5,35.5,35.5,35.5,35.5,35.5,35.5,35.5,35.5,35.5,35.5,35.5,35.5,35.5,35.5,35.5,35.5,35.5,35.5,35.5,35.5,35.5,35.5,35.5,35.5
756,"CHE","Switzerland",10.1,10.1,10.1,10.1,10.1,10.1,10.1,10.1,10.1,10.1,10.1,10.1,10.1,10.1,10.1,10.1,10.1,10.1,10.1,10.1,10.1,10.1,10.1,10.1,10.1,10.1,10.1,10.1,10.1,10.1
760,"SYR","Syria",66.1,66.1,66.1,66.1,66.1,66.1,66.1,66.1,66.1,66.1,66.1,66.1,66.1,66.1,66.1,66.1,66.1,66.1,66.1,66.1,66.1,66.1,66.1,66.1,66.1,66.1,66.1,66.1,66.1,66.1
158,"TWN","Taiwan",31.5,31.5,31.5,31.5,31.5,31.5,31.5,31.5,31.5,31.5,31.5,31.5,31.5,31.5,31.5,31.5,31.5,31.5,31.5,31.5,31.5,31.5,31.5,31.5,31.5,31.5,31.5,31.5,31.5,31.5
762,"TJK","Tajikistan",64.3,64.3,64.3,64.3,64.3,64.3,64.3,64.3,64.3,64.3,64.3,64.3,64.3,64.3,64.3,64.3,64.3,64.3,64.3,64.3,64.3,64.3,64.3,64.3,64.3,64.3,64.3,64.3,64.3,64.3
834,"TZA","Tanzania",100,100,100,100,100,100,100,100,100,100,100,100,100,100,100,100,100,100,100,100,100,100,100,100,100,100,100,100,100,100
764,"THA","Thailand",31.3,31.3,31.3,31.3,31.3,31.3,31.3,31.3,31.3,31.3,31.3,31.3,31.3,31.3,31.3,31.3,31.3,31.3,31.3,31.3,31.3,31.3,31.3,31.3,31.3,31.3,31.3,31.3,31.3,31.3
626,"TLS","Timor-Leste",71.5,71.5,71.5,71.5,71.5,71.5,71.5,71.5,71.5,71.5,71.5,71.5,71.5,71.5,71.5,71.5,71.5,71.5,71.5,71.5,71.5,71.5,71.5,71.5,71.5,71.5,71.5,71.5,71.5,71.5
768,"TGO","Togo",100,100,100,100,100,100,100,100,100,100,100,100,100,100,100,100,100,100,100,100,100,100,100,100,100,100,100,100,100,100
776,"TON","Tonga",51.9,51.9,51.9,51.9,51.9,51.9,51.9,51.9,51.9,51.9,51.9,51.9,51.9,51.9,51.9,51.9,51.9,51.9,51.9,51.9,51.9,51.9,51.9,51.9,51.9,51.9,51.9,51.9,51.9,51.9
780,"TTO","Trinidad and Tobago",9.8,9.8,9.8,9.8,9.8,9.8,9.8,9.8,9.8,9.8,9.8,9.8,9.8,9.8,9.8,9.8,9.8,9.8,9.8,9.8,9.8,9.8,9.8,9.8,9.8,9.8,9.8,9.8,9.8,9.8
788,"TUN","Tunisia",58.8,58.8,58.8,58.8,58.8,58.8,58.8,58.8,58.8,58.8,58.8,58.8,58.8,58.8,58.8,58.8,58.8,58.8,58.8,58.8,58.8,58.8,58.8,58.8,58.8,58.8,58.8,58.8,58.8,58.8
792,"TUR","Turkiye",38.7,38.7,38.7,38.7,38.7,38.7,38.7,38.7,38.7,38.7,38.7,38.7,38.7,38.7,38.7,38.7,38.7,38.7,38.7,38.7,38.7,38.7,38.7,38.7,38.7,38.7,38.7,38.7,38.7,38.7
795,"TKM","Turkmenistan",43.2,43.2,43.2,43.2,43.2,43.2,43.2,43.2,43.2,43.2,43.2,43.2,43.2,43.2,43.2,43.2,43.2,43.2,43.2,43.2,43.2,43.2,43.2,43.2,43.2,43.2,43.2,43.2,43.2,43.2
796,"TCA","Turks and Caicos Islands",34.4,34.4,34.4,34.4,34.4,34.4,34.4,34.4,34.4,34.4,34.4,34.4,34.4,34.4,34.4,34.4,34.4,34.4,34.4,34.4,34.4,34.4,34.4,34.4,34.4,34.4,34.4,34.4,34.4,34.4
798,"TUV","Tuvalu",58.2,58.2,58.2,58.2,58.2,58.2,58.2,58.2,58.2,58.2,58.2,58.2,58.2,58.2,58.2,58.2,58.2,58.2,58.2,58.2,58.2,58.2,58.2,58.2,58.2,58.2,58.2,58.2,58.2,58.2
800,"UGA","Uganda",96,96,96,96,96,96,96,96,96,96,96,96,96,96,96,96,96,96,96,96,96,96,96,96,96,96,96,96,96,96
804,"UKR","Ukraine",19.5,19.5,19.5,19.5,19.5,19.5,19.5,19.5,19.5,19.5,19.5,19.5,19.5,19.5,19.5,19.5,19.5,19.5,19.5,19.5,19.5,19.2,22.4,19.8,18.9,19.8,22,22,22,22
784,"ARE","United Arab Emirates",36.7,36.7,36.7,36.7,36.7,36.7,36.7,36.7,36.7,36.7,36.7,36.7,36.7,36.7,36.7,36.7,36.7,36.7,36.7,36.7,36.7,36.7,36.7,36.7,36.7,36.7,36.7,36.7,36.7,36.7
826,"GBR","United Kingdom",25.7,25.7,25.7,25.7,25.7,25.7,25.7,25.7,25.7,25.7,25.7,25.7,25.7,25.7,25.7,25.7,25.7,25.7,25.7,25.7,25.7,25.7,25.7,25.7,25.7,25.7,25.7,25.7,25.7,25.7
840,"USA","United States of America",5.6,5.6,5.6,5.6,5.6,5.6,5.6,5.6,5.6,5.6,5.6,5.6,5.6,5.6,5.6,5.6,5.6,5.6,5.6,5.6,5.6,5.6,5.6,5.6,5.6,5.6,5.6,5.6,5.6,5.6
858,"URY","Uruguay",59,59,59,59,59,59,59,59,59,59,59,59,59,59,59,59,59,59,59,59,59,59,59,59,59,59,59,59,59,59
860,"UZB","Uzbekistan",54.2,54.2,54.2,54.2,54.2,54.2,54.2,54.2,54.2,54.2,54.2,54.2,54.2,54.2,54.2,54.2,54.2,54.2,54.2,54.2,54.2,54.9,55.2,55.3,53.6,53.6,53.6,53.6,53.6,53.6
548,"VUT","Vanuatu",77.2,77.2,77.2,77.2,77.2,77.2,77.2,77.2,77.2,77.2,77.2,77.2,77.2,77.2,77.2,77.2,77.2,77.2,77.2,77.2,77.2,77.2,77.2,77.2,77.2,77.2,77.2,77.2,77.2,77.2
862,"VEN","Venezuela",29.1,29.1,29.1,29.1,29.1,29.1,29.1,29.1,29.1,29.1,29.1,29.1,29.1,29.1,29.1,29.1,29.1,29.1,29.1,29.1,29.1,29.1,29.1,29.1,29.1,29.1,29.1,29.1,29.1,29.1
704,"VNM","Viet Nam",58.7,58.7,58.7,58.7,58.7,58.7,58.7,58.7,58.7,58.7,58.7,58.7,58.7,58.7,58.7,58.7,58.7,58.7,58.7,58.7,58.7,58.7,58.7,58.7,58.7,58.7,58.7,58.7,58.7,58.7
876,"WLF","Wallis and Futuna Islands",NA,NA,NA,NA,NA,NA,NA,NA,NA,NA,NA,NA,NA,NA,NA,NA,NA,NA,NA,NA,NA,NA,NA,NA,NA,NA,NA,NA,NA,NA
732,"ESH","Western Sahara",NA,NA,NA,NA,NA,NA,NA,NA,NA,NA,NA,NA,NA,NA,NA,NA,NA,NA,NA,NA,NA,NA,NA,NA,NA,NA,NA,NA,NA,NA
887,"YEM","Yemen",91.3,91.3,91.3,91.3,91.3,91.3,91.3,91.3,91.3,91.3,91.3,91.3,91.3,91.3,91.3,91.3,91.3,91.3,91.3,91.3,91.3,91.3,91.3,91.3,91.3,91.3,91.3,91.3,91.3,91.3
894,"ZMB","Zambia",94.9,94.9,94.9,94.9,94.9,94.9,94.9,94.9,94.9,94.9,94.9,94.9,94.9,94.9,94.9,94.9,94.9,94.9,94.9,94.9,94.9,94.9,94.9,94.9,94.9,94.9,94.9,94.9,94.9,94.9
716,"ZWE","Zimbabwe",76.5,76.5,76.5,76.5,76.5,76.5,76.5,76.5,76.5,76.5,76.5,76.5,76.5,76.5,76.5,76.5,76.5,76.5,76.5,76.5,76.5,73.1,75.1,75.1,75.1,75.1,75.1,75.1,75.1,75.1
