"code","iso","country","WWT.ind.1995","WWT.ind.1996","WWT.ind.1997","WWT.ind.1998","WWT.ind.1999","WWT.ind.2000","WWT.ind.2001","WWT.ind.2002","WWT.ind.2003","WWT.ind.2004","WWT.ind.2005","WWT.ind.2006","WWT.ind.2007","WWT.ind.2008","WWT.ind.2009","WWT.ind.2010","WWT.ind.2011","WWT.ind.2012","WWT.ind.2013","WWT.ind.2014","WWT.ind.2015","WWT.ind.2016","WWT.ind.2017","WWT.ind.2018","WWT.ind.2019","WWT.ind.2020","WWT.ind.2021","WWT.ind.2022","WWT.ind.2023","WWT.ind.2024"
4,"AFG","Afghanistan",0,0,0,0,0,0,0,0,0,0,0,0,0,0,0,0,0,0,0,0,0,0,0,0,0,0,0,0,0,0
8,"ALB","Albania",10.9,10.9,10.9,10.9,10.9,10.9,10.9,10.9,10.9,10.9,10.9,10.9,10.9,10.9,10.9,10.9,10.9,10.9,10.9,10.9,10.9,11.1,11.3,10.7,10.1,10.5,49,49,49,49
12,"DZA","Algeria",41.7,41.7,41.7,41.7,41.7,41.7,41.7,41.7,41.7,41.7,41.7,41.7,41.7,41.7,41.7,41.7,41.7,41.7,41.7,41.7,41.7,41.7,41.7,41.7,41.7,41.7,41.7,41.7,41.7,41.7
20,"AND","Andorra",100,100,100,100,100,100,100,100,100,100,100,100,100,100,100,100,100,100,100,100,100,100,100,100,100,100,100,100,100,100
24,"AGO","Angola",4.3,4.3,4.3,4.3,4.3,4.3,4.3,4.3,4.3,4.3,4.3,4.3,4.3,4.3,4.3,4.3,4.3,4.3,4.3,4.3,4.3,4.3,4.3,4.3,4.3,4.3,4.3,4.3,4.3,4.3
660,"AIA","Anguilla",NA,NA,NA,NA,NA,NA,NA,NA,NA,NA,NA,NA,NA,NA,NA,NA,NA,NA,NA,NA,NA,NA,NA,NA,NA,NA,NA,NA,NA,NA
28,"ATG","Antigua and Barbuda",44.4,44.4,44.4,44.4,44.4,44.4,44.4,44.4,44.4,44.4,44.4,44.4,44.4,44.4,44.4,44.4,44.4,44.4,44.4,44.4,44.4,44.4,44.4,44.4,44.4,44.4,44.4,44.4,44.4,44.4
32,"ARG","Argentina",55,55,55,55,55,55,55,55,55,55,55,55,55,55,55,55,55,55,55,55,55,55,55,55,55,55,55,55,55,55
51,"ARM","Armenia",38,38,38,38,38,38,38,38,38,38,38,38,38,38,38,38,38,38,38,38,38,38.1,38.3,44.1,34.9,41.1,42.9,42.9,42.9,42.9
533,"ABW","Aruba",65,65,65,65,65,65,65,65,65,65,65,65,65,65,65,65,65,65,65,65,65,65,65,65,65,65,65,65,65,65
36,"AUS","Australia",92.4,92.4,92.4,92.4,92.4,92.4,92.4,92.4,92.4,92.4,92.4,92.4,92.4,92.4,92.4,92.4,92.4,92.4,92.4,92.4,92.4,92.5,92.7,92.6,92.9,92.9,92.9,92.9,92.9,92.9
40,"AUT","Austria",95.2,95.2,95.2,95.2,95.2,95.2,95.2,95.2,95.2,95.2,95.2,95.2,95.2,95.2,95.2,95.2,95.2,95.2,95.2,95.2,95.2,95.2,95.6,96,96,96,96,96,96,96
31,"AZE","Azerbaijan",18.9,18.9,18.9,18.9,18.9,18.9,18.9,18.9,18.9,18.9,18.9,18.9,18.9,18.9,18.9,18.9,18.9,18.9,18.9,18.9,18.9,19.1,19.5,23.6,24.5,25.1,25.9,25.9,25.9,25.9
44,"BHS","Bahamas",63,63,63,63,63,63,63,63,63,63,63,63,63,63,63,63,63,63,63,63,63,63,63,63,63,63,63,63,63,63
48,"BHR","Bahrain",98.6,98.6,98.6,98.6,98.6,98.6,98.6,98.6,98.6,98.6,98.6,98.6,98.6,98.6,98.6,98.6,98.6,98.6,98.6,98.6,98.6,98.5,99.9,100,99.9,99.9,100,100,100,100
50,"BGD","Bangladesh",19.9,19.9,19.9,19.9,19.9,19.9,19.9,19.9,19.9,19.9,19.9,19.9,19.9,19.9,19.9,19.9,19.9,19.9,19.9,19.9,19.9,19.9,19.9,19.9,19.9,18.8,19.4,19.4,19.4,19.4
52,"BRB","Barbados",48.2,48.2,48.2,48.2,48.2,48.2,48.2,48.2,48.2,48.2,48.2,48.2,48.2,48.2,48.2,48.2,48.2,48.2,48.2,48.2,48.2,48.2,48.2,48.2,48.2,48.2,48.2,48.2,48.2,48.2
112,"BLR","Belarus",65.8,65.8,65.8,65.8,65.8,65.8,65.8,65.8,65.8,65.8,65.8,65.8,65.8,65.8,65.8,65.8,65.8,65.8,65.8,65.8,65.8,67,65.1,64.9,59.3,59.8,59.6,59.6,59.6,59.6
56,"BEL","Belgium",81.9,81.9,81.9,81.9,81.9,81.9,81.9,81.9,81.9,81.9,81.9,81.9,81.9,81.9,81.9,81.9,81.9,81.9,81.9,81.9,81.9,82.8,83.3,84.3,84.3,83.6,84,84,84,84
84,"BLZ","Belize",31,31,31,31,31,31,31,31,31,31,31,31,31,31,31,31,31,31,31,31,31,31,31,31,31,31,31,31,31,31
204,"BEN","Benin",0,0,0,0,0,0,0,0,0,0,0,0,0,0,0,0,0,0,0,0,0,0,0,0,0,0,0,0,0,0
60,"BMU","Bermuda",93.4,93.4,93.4,93.4,93.4,93.4,93.4,93.4,93.4,93.4,93.4,93.4,93.4,93.4,93.4,93.4,93.4,93.4,93.4,93.4,93.4,93.4,93.4,93.4,93.4,93.4,93.4,93.4,93.4,93.4
64,"BTN","Bhutan",14.4,14.4,14.4,14.4,14.4,14.4,14.4,14.4,14.4,14.4,14.4,14.4,14.4,14.4,14.4,14.4,14.4,14.4,14.4,14.4,14.4,14.4,14.4,14.4,14.4,14.4,14.4,14.4,14.4,14.4
68,"BOL","Bolivia",14,14,14,14,14,14,14,14,14,14,14,14,14,14,14,14,14,14,14,14,14,14,14,14,14,14,14,14,14,14
70,"BIH","Bosnia and Herzegovina",2.9,2.9,2.9,2.9,2.9,2.9,2.9,2.9,2.9,2.9,2.9,2.9,2.9,2.9,2.9,2.9,2.9,2.9,2.9,2.9,2.9,2.9,2.9,2.9,2.9,2.9,2.9,2.9,2.9,2.9
72,"BWA","Botswana",36,36,36,36,36,36,36,36,36,36,36,36,36,36,36,36,36,36,36,36,36,36,36,36,36,36,36,36,36,36
76,"BRA","Brazil",46.9,46.9,46.9,46.9,46.9,46.9,46.9,46.9,46.9,46.9,46.9,46.9,46.9,46.9,46.9,46.9,46.9,46.9,46.9,46.9,46.9,48.2,49.5,50.7,52,52,52,52,52,52
92,"VGB","British Virgin Islands",70.6,70.6,70.6,70.6,70.6,70.6,70.6,70.6,70.6,70.6,70.6,70.6,70.6,70.6,70.6,70.6,70.6,70.6,70.6,70.6,70.6,70.6,70.6,70.6,70.6,70.6,70.6,70.6,70.6,70.6
96,"BRN","Brunei Darussalam",68.1,68.1,68.1,68.1,68.1,68.1,68.1,68.1,68.1,68.1,68.1,68.1,68.1,68.1,68.1,68.1,68.1,68.1,68.1,68.1,68.1,68.1,68.1,68.1,68.1,68.1,68.1,68.1,68.1,68.1
100,"BGR","Bulgaria",54.6,54.6,54.6,54.6,54.6,54.6,54.6,54.6,54.6,54.6,54.6,54.6,54.6,54.6,54.6,54.6,54.6,54.6,54.6,54.6,54.6,54.6,54.6,54.6,54.6,54.6,54.6,54.6,54.6,54.6
854,"BFA","Burkina Faso",2,2,2,2,2,2,2,2,2,2,2,2,2,2,2,2,2,2,2,2,2,2,2,2,2,2,2,2,2,2
108,"BDI","Burundi",0,0,0,0,0,0,0,0,0,0,0,0,0,0,0,0,0,0,0,0,0,0,0,0,0,0,0,0,0,0
132,"CPV","Cabo Verde",16.5,16.5,16.5,16.5,16.5,16.5,16.5,16.5,16.5,16.5,16.5,16.5,16.5,16.5,16.5,16.5,16.5,16.5,16.5,16.5,16.5,16.5,16.5,16.5,16.5,16.5,16.5,16.5,16.5,16.5
116,"KHM","Cambodia",0,0,0,0,0,0,0,0,0,0,0,0,0,0,0,0,0,0,0,0,0,0,0,0,0,0,0,0,0,0
120,"CMR","Cameroon",0,0,0,0,0,0,0,0,0,0,0,0,0,0,0,0,0,0,0,0,0,0,0,0,0,0,0,0,0,0
124,"CAN","Canada",84,84,84,84,84,84,84,84,84,84,84,84,84,84,84,84,84,84,84,84,84,84,84,84,84,84,84,84,84,84
136,"CYM","Cayman Islands",88,88,88,88,88,88,88,88,88,88,88,88,88,88,88,88,88,88,88,88,88,88,88,88,88,88,88,88,88,88
140,"CAF","Central African Republic",0,0,0,0,0,0,0,0,0,0,0,0,0,0,0,0,0,0,0,0,0,0,0,0,0,0,0,0,0,0
148,"TCD","Chad",0,0,0,0,0,0,0,0,0,0,0,0,0,0,0,0,0,0,0,0,0,0,0,0,0,0,0,0,0,0
152,"CHL","Chile",99.9,99.9,99.9,99.9,99.9,99.9,99.9,99.9,99.9,99.9,99.9,99.9,99.9,99.9,99.9,99.9,99.9,99.9,99.9,99.9,99.9,99.9,100,100,100,100,100,100,100,100
156,"CHN","China",49,49,49,49,49,49,49,49,49,49,49,49,49,49,49,49,49,49,49,49,49,49,49,49,49,49,49,49,49,49
170,"COL","Colombia",20.2,20.2,20.2,20.2,20.2,20.2,20.2,20.2,20.2,20.2,20.2,20.2,20.2,20.2,20.2,20.2,20.2,20.2,20.2,20.2,20.2,20.2,20.2,20.2,20.2,20.2,20.2,20.2,20.2,20.2
174,"COM","Comoros",0,0,0,0,0,0,0,0,0,0,0,0,0,0,0,0,0,0,0,0,0,0,0,0,0,0,0,0,0,0
184,"COK","Cook Islands",NA,NA,NA,NA,NA,NA,NA,NA,NA,NA,NA,NA,NA,NA,NA,NA,NA,NA,NA,NA,NA,NA,NA,NA,NA,NA,NA,NA,NA,NA
188,"CRI","Costa Rica",7.6,7.6,7.6,7.6,7.6,7.6,7.6,7.6,7.6,7.6,7.6,7.6,7.6,7.6,7.6,7.6,7.6,7.6,7.6,7.6,7.6,7.6,7.6,7.5,7.4,7.2,7.1,7.1,7.1,7.1
384,"CIV","Cote d'Ivoire",0,0,0,0,0,0,0,0,0,0,0,0,0,0,0,0,0,0,0,0,0,0,0,0,0,0,0,0,0,0
191,"HRV","Croatia",81,81,81,81,81,81,81,81,81,81,81,81,81,81,81,81,81,81,81,81,81,81.5,79,78.6,78.8,80.1,80.9,80.9,80.9,80.9
192,"CUB","Cuba",33.7,33.7,33.7,33.7,33.7,33.7,33.7,33.7,33.7,33.7,33.7,33.7,33.7,33.7,33.7,33.7,33.7,33.7,33.7,33.7,33.7,33,26.9,26,26,24.5,24.3,24.3,24.3,24.3
531,"CUW","Curacao",61.7,61.7,61.7,61.7,61.7,61.7,61.7,61.7,61.7,61.7,61.7,61.7,61.7,61.7,61.7,61.7,61.7,61.7,61.7,61.7,61.7,61.7,61.7,61.7,61.7,61.7,61.7,61.7,61.7,61.7
196,"CYP","Cyprus",62.5,62.5,62.5,62.5,62.5,62.5,62.5,62.5,62.5,62.5,62.5,62.5,62.5,62.5,62.5,62.5,62.5,62.5,62.5,62.5,62.5,62.5,62.5,62.5,62.5,62.5,62.5,62.5,62.5,62.5
203,"CZE","Czech Republic",80.8,80.8,80.8,80.8,80.8,80.8,80.8,80.8,80.8,80.8,80.8,80.8,80.8,80.8,80.8,80.8,80.8,80.8,80.8,80.8,80.8,81.3,82.4,82.4,82.7,83.5,84.8,84.8,84.8,84.8
180,"COD","Dem. Rep. Congo",0,0,0,0,0,0,0,0,0,0,0,0,0,0,0,0,0,0,0,0,0,0,0,0,0,0,0,0,0,0
208,"DNK","Denmark",90.8,90.8,90.8,90.8,90.8,90.8,90.8,90.8,90.8,90.8,90.8,90.8,90.8,90.8,90.8,90.8,90.8,90.8,90.8,90.8,90.8,91.2,91.6,91.6,91.8,92,92,92,92,92
262,"DJI","Djibouti",3.2,3.2,3.2,3.2,3.2,3.2,3.2,3.2,3.2,3.2,3.2,3.2,3.2,3.2,3.2,3.2,3.2,3.2,3.2,3.2,3.2,3.2,3.2,3.2,3.2,3.2,3.2,3.2,3.2,3.2
212,"DMA","Dominica",39.1,39.1,39.1,39.1,39.1,39.1,39.1,39.1,39.1,39.1,39.1,39.1,39.1,39.1,39.1,39.1,39.1,39.1,39.1,39.1,39.1,39.1,39.1,39.1,39.1,39.1,39.1,39.1,39.1,39.1
214,"DOM","Dominican Republic",23.4,23.4,23.4,23.4,23.4,23.4,23.4,23.4,23.4,23.4,23.4,23.4,23.4,23.4,23.4,23.4,23.4,23.4,23.4,23.4,23.4,23.4,23.4,23.4,23.4,32.8,32.8,32.8,32.8,32.8
218,"ECU","Ecuador",25,25,25,25,25,25,25,25,25,25,25,25,25,25,25,25,25,25,25,25,25,29.3,43.4,48.9,37.8,29.8,29.8,29.8,29.8,29.8
818,"EGY","Egypt",32.1,32.1,32.1,32.1,32.1,32.1,32.1,32.1,32.1,32.1,32.1,32.1,32.1,32.1,32.1,32.1,32.1,32.1,32.1,32.1,32.1,32.1,32.1,32.1,32.1,32.1,32.1,32.1,32.1,32.1
222,"SLV","El Salvador",2.5,2.5,2.5,2.5,2.5,2.5,2.5,2.5,2.5,2.5,2.5,2.5,2.5,2.5,2.5,2.5,2.5,2.5,2.5,2.5,2.5,2.5,2.5,2.5,2.5,2.5,2.5,2.5,2.5,2.5
226,"GNQ","Equatorial Guinea",31.1,31.1,31.1,31.1,31.1,31.1,31.1,31.1,31.1,31.1,31.1,31.1,31.1,31.1,31.1,31.1,31.1,31.1,31.1,31.1,31.1,31.1,31.1,31.1,31.1,31.1,31.1,31.1,31.1,31.1
232,"ERI","Eritrea",0,0,0,0,0,0,0,0,0,0,0,0,0,0,0,0,0,0,0,0,0,0,0,0,0,0,0,0,0,0
233,"EST","Estonia",83,83,83,83,83,83,83,83,83,83,83,83,83,83,83,83,83,83,83,83,83,83,83,83,83,83,82,82,82,82
748,"SWZ","Eswatini",6.4,6.4,6.4,6.4,6.4,6.4,6.4,6.4,6.4,6.4,6.4,6.4,6.4,6.4,6.4,6.4,6.4,6.4,6.4,6.4,6.4,6.4,6.4,6.4,6.4,6.4,6.4,6.4,6.4,6.4
231,"ETH","Ethiopia",0,0,0,0,0,0,0,0,0,0,0,0,0,0,0,0,0,0,0,0,0,0,0,0,0,0,0,0,0,0
234,"FRO","Faeroe Islands",74.7,74.7,74.7,74.7,74.7,74.7,74.7,74.7,74.7,74.7,74.7,74.7,74.7,74.7,74.7,74.7,74.7,74.7,74.7,74.7,74.7,74.7,74.7,74.7,74.7,74.7,74.7,74.7,74.7,74.7
238,"FLK","Falkland Islands",NA,NA,NA,NA,NA,NA,NA,NA,NA,NA,NA,NA,NA,NA,NA,NA,NA,NA,NA,NA,NA,NA,NA,NA,NA,NA,NA,NA,NA,NA
242,"FJI","Fiji",36,36,36,36,36,36,36,36,36,36,36,36,36,36,36,36,36,36,36,36,36,36,36,36,36,36,36,36,36,36
246,"FIN","Finland",84,84,84,84,84,84,84,84,84,84,84,84,84,84,84,84,84,84,84,84,84,84,85,85,85,85,85,85,85,85
250,"FRA","France",82,82,82,82,82,82,82,82,82,82,82,82,82,82,82,82,82,82,82,82,82,82,82,82,82,82,82,82,82,82
258,"PYF","French Polynesia",50.1,50.1,50.1,50.1,50.1,50.1,50.1,50.1,50.1,50.1,50.1,50.1,50.1,50.1,50.1,50.1,50.1,50.1,50.1,50.1,50.1,50.1,50.1,50.1,50.1,50.1,50.1,50.1,50.1,50.1
266,"GAB","Gabon",35.9,35.9,35.9,35.9,35.9,35.9,35.9,35.9,35.9,35.9,35.9,35.9,35.9,35.9,35.9,35.9,35.9,35.9,35.9,35.9,35.9,35.9,35.9,35.9,35.9,35.9,35.9,35.9,35.9,35.9
270,"GMB","Gambia",0,0,0,0,0,0,0,0,0,0,0,0,0,0,0,0,0,0,0,0,0,0,0,0,0,0,0,0,0,0
268,"GEO","Georgia",32.1,32.1,32.1,32.1,32.1,32.1,32.1,32.1,32.1,32.1,32.1,32.1,32.1,32.1,32.1,32.1,32.1,32.1,32.1,32.1,32.1,33.5,35.7,36,36.5,36.5,37,37,37,37
276,"DEU","Germany",96.8,96.8,96.8,96.8,96.8,96.8,96.8,96.8,96.8,96.8,96.8,96.8,96.8,96.8,96.8,96.8,96.8,96.8,96.8,96.8,96.8,97.1,97.2,97.2,97.3,97.3,97.3,97.3,97.3,97.3
288,"GHA","Ghana",6.3,6.3,6.3,6.3,6.3,6.3,6.3,6.3,6.3,6.3,6.3,6.3,6.3,6.3,6.3,6.3,6.3,6.3,6.3,6.3,6.3,6.3,6.3,6.3,6.3,6.3,6.3,6.3,6.3,6.3
300,"GRC","Greece",93.4,93.4,93.4,93.4,93.4,93.4,93.4,93.4,93.4,93.4,93.4,93.4,93.4,93.4,93.4,93.4,93.4,93.4,93.4,93.4,93.4,93.4,94.8,94.8,94.2,94.7,94.7,94.7,94.7,94.7
304,"GRL","Greenland",NA,NA,NA,NA,NA,NA,NA,NA,NA,NA,NA,NA,NA,NA,NA,NA,NA,NA,NA,NA,NA,NA,NA,NA,NA,NA,NA,NA,NA,NA
308,"GRD","Grenada",44.5,44.5,44.5,44.5,44.5,44.5,44.5,44.5,44.5,44.5,44.5,44.5,44.5,44.5,44.5,44.5,44.5,44.5,44.5,44.5,44.5,44.5,44.5,44.5,44.5,44.5,44.5,44.5,44.5,44.5
320,"GTM","Guatemala",23.9,23.9,23.9,23.9,23.9,23.9,23.9,23.9,23.9,23.9,23.9,23.9,23.9,23.9,23.9,23.9,23.9,23.9,23.9,23.9,23.9,23.9,23.9,23.9,23.9,23.9,23.9,23.9,23.9,23.9
831,"GGY","Guernsey",NA,NA,NA,NA,NA,NA,NA,NA,NA,NA,NA,NA,NA,NA,NA,NA,NA,NA,NA,NA,NA,NA,NA,NA,NA,NA,NA,NA,NA,NA
324,"GIN","Guinea",0,0,0,0,0,0,0,0,0,0,0,0,0,0,0,0,0,0,0,0,0,0,0,0,0,0,0,0,0,0
624,"GNB","Guinea-Bissau",0,0,0,0,0,0,0,0,0,0,0,0,0,0,0,0,0,0,0,0,0,0,0,0,0,0,0,0,0,0
328,"GUY","Guyana",20.3,20.3,20.3,20.3,20.3,20.3,20.3,20.3,20.3,20.3,20.3,20.3,20.3,20.3,20.3,20.3,20.3,20.3,20.3,20.3,20.3,20.3,20.3,20.3,20.3,20.3,20.3,20.3,20.3,20.3
332,"HTI","Haiti",0,0,0,0,0,0,0,0,0,0,0,0,0,0,0,0,0,0,0,0,0,0,0,0,0,0,0,0,0,0
336,"VAT","Holy See",NA,NA,NA,NA,NA,NA,NA,NA,NA,NA,NA,NA,NA,NA,NA,NA,NA,NA,NA,NA,NA,NA,NA,NA,NA,NA,NA,NA,NA,NA
340,"HND","Honduras",19.5,19.5,19.5,19.5,19.5,19.5,19.5,19.5,19.5,19.5,19.5,19.5,19.5,19.5,19.5,19.5,19.5,19.5,19.5,19.5,19.5,19.5,19.5,19.5,19.5,19.5,19.5,19.5,19.5,19.5
344,"HKG","Hong Kong",100,100,100,100,100,100,100,100,100,100,100,100,100,100,100,100,100,100,100,100,100,100,100,100,100,100,100,100,100,100
348,"HUN","Hungary",76.6,76.6,76.6,76.6,76.6,76.6,76.6,76.6,76.6,76.6,76.6,76.6,76.6,76.6,76.6,76.6,76.6,76.6,76.6,76.6,76.6,78.2,79.2,80.4,80.3,81,97.9,97.9,97.9,97.9
352,"ISL","Iceland",79.7,79.7,79.7,79.7,79.7,79.7,79.7,79.7,79.7,79.7,79.7,79.7,79.7,79.7,79.7,79.7,79.7,79.7,79.7,79.7,79.7,79.7,79.7,79.7,79.7,79.7,79.7,79.7,79.7,79.7
356,"IND","India",19.2,19.2,19.2,19.2,19.2,19.2,19.2,19.2,19.2,19.2,19.2,19.2,19.2,19.2,19.2,19.2,19.2,19.2,19.2,19.2,19.2,19.2,19.2,19.2,19.2,19.2,19.2,19.2,19.2,19.2
360,"IDN","Indonesia",29.8,29.8,29.8,29.8,29.8,29.8,29.8,29.8,29.8,29.8,29.8,29.8,29.8,29.8,29.8,29.8,29.8,29.8,29.8,29.8,29.8,29.8,29.8,29.8,29.8,29.8,29.8,29.8,29.8,29.8
364,"IRN","Iran",21.8,21.8,21.8,21.8,21.8,21.8,21.8,21.8,21.8,21.8,21.8,21.8,21.8,21.8,21.8,21.8,21.8,21.8,21.8,21.8,21.8,21.8,21.8,21.8,21.8,21.8,21.8,21.8,21.8,21.8
368,"IRQ","Iraq",71.8,71.8,71.8,71.8,71.8,71.8,71.8,71.8,71.8,71.8,71.8,71.8,71.8,71.8,71.8,71.8,71.8,71.8,71.8,71.8,71.8,47.7,45,55,60.3,60.5,60.5,60.5,60.5,60.5
372,"IRL","Ireland",62.1,62.1,62.1,62.1,62.1,62.1,62.1,62.1,62.1,62.1,62.1,62.1,62.1,62.1,62.1,62.1,62.1,62.1,62.1,62.1,62.1,62.6,63,63.3,63.3,63.4,63.6,63.6,63.6,63.6
833,"IMN","Isle of Man",81.6,81.6,81.6,81.6,81.6,81.6,81.6,81.6,81.6,81.6,81.6,81.6,81.6,81.6,81.6,81.6,81.6,81.6,81.6,81.6,81.6,81.6,81.6,81.6,81.6,81.6,81.6,81.6,81.6,81.6
376,"ISR","Israel",96.8,96.8,96.8,96.8,96.8,96.8,96.8,96.8,96.8,96.8,96.8,96.8,96.8,96.8,96.8,96.8,96.8,96.8,96.8,96.8,96.8,96.8,96.7,96.8,96.9,97,97,97,97,97
380,"ITA","Italy",62.5,62.5,62.5,62.5,62.5,62.5,62.5,62.5,62.5,62.5,62.5,62.5,62.5,62.5,62.5,62.5,62.5,62.5,62.5,62.5,62.5,65,67.5,70,70,70,70,70,70,70
388,"JAM","Jamaica",33.7,33.7,33.7,33.7,33.7,33.7,33.7,33.7,33.7,33.7,33.7,33.7,33.7,33.7,33.7,33.7,33.7,33.7,33.7,33.7,33.7,33.7,33.7,33.7,33.7,33.7,33.7,33.7,33.7,33.7
392,"JPN","Japan",77.8,77.8,77.8,77.8,77.8,77.8,77.8,77.8,77.8,77.8,77.8,77.8,77.8,77.8,77.8,77.8,77.8,77.8,77.8,77.8,77.8,78.3,78.8,79.3,79.7,80.1,80.6,80.6,80.6,80.6
832,"JEY","Jersey",NA,NA,NA,NA,NA,NA,NA,NA,NA,NA,NA,NA,NA,NA,NA,NA,NA,NA,NA,NA,NA,NA,NA,NA,NA,NA,NA,NA,NA,NA
400,"JOR","Jordan",89.3,89.3,89.3,89.3,89.3,89.3,89.3,89.3,89.3,89.3,89.3,89.3,89.3,89.3,89.3,89.3,89.3,89.3,89.3,89.3,89.3,90.9,91.2,91.2,91.2,91.2,91.2,91.2,91.2,91.2
398,"KAZ","Kazakhstan",11.3,11.3,11.3,11.3,11.3,11.3,11.3,11.3,11.3,11.3,11.3,11.3,11.3,11.3,11.3,11.3,11.3,11.3,11.3,11.3,11.3,12.6,11.9,13.5,12.4,12.8,13.2,13.2,13.2,13.2
404,"KEN","Kenya",76,76,76,76,76,76,76,76,76,76,76,76,76,76,76,76,76,76,76,76,76,76,76,76,76,76,76,76,76,76
296,"KIR","Kiribati",6.3,6.3,6.3,6.3,6.3,6.3,6.3,6.3,6.3,6.3,6.3,6.3,6.3,6.3,6.3,6.3,6.3,6.3,6.3,6.3,6.3,6.3,6.3,6.3,6.3,6.3,6.3,6.3,6.3,6.3
689,"XKX","Kosovo",NA,NA,NA,NA,NA,NA,NA,NA,NA,NA,NA,NA,NA,NA,NA,NA,NA,NA,NA,NA,NA,NA,NA,NA,NA,NA,NA,NA,NA,NA
414,"KWT","Kuwait",88.7,88.7,88.7,88.7,88.7,88.7,88.7,88.7,88.7,88.7,88.7,88.7,88.7,88.7,88.7,88.7,88.7,88.7,88.7,88.7,88.7,88.7,88.7,88.7,88.7,88.7,88.7,88.7,88.7,88.7
417,"KGZ","Kyrgyzstan",8.7,8.7,8.7,8.7,8.7,8.7,8.7,8.7,8.7,8.7,8.7,8.7,8.7,8.7,8.7,8.7,8.7,8.7,8.7,8.7,8.7,8.7,8.7,8.7,8.7,8.7,8.7,8.7,8.7,8.7
418,"LAO","Laos",11.8,11.8,11.8,11.8,11.8,11.8,11.8,11.8,11.8,11.8,11.8,11.8,11.8,11.8,11.8,11.8,11.8,11.8,11.8,11.8,11.8,11.8,11.8,11.8,11.8,11.8,11.8,11.8,11.8,11.8
428,"LVA","Latvia",74.8,74.8,74.8,74.8,74.8,74.8,74.8,74.8,74.8,74.8,74.8,74.8,74.8,74.8,74.8,74.8,74.8,74.8,74.8,74.8,74.8,73.1,77.8,75.8,78.3,77.1,76.9,76.9,76.9,76.9
422,"LBN","Lebanon",42.8,42.8,42.8,42.8,42.8,42.8,42.8,42.8,42.8,42.8,42.8,42.8,42.8,42.8,42.8,42.8,42.8,42.8,42.8,42.8,42.8,42.8,42.8,42.8,42.8,42.8,42.8,42.8,42.8,42.8
426,"LSO","Lesotho",0,0,0,0,0,0,0,0,0,0,0,0,0,0,0,0,0,0,0,0,0,0,0,0,0,0,0,0,0,0
430,"LBR","Liberia",0,0,0,0,0,0,0,0,0,0,0,0,0,0,0,0,0,0,0,0,0,0,0,0,0,0,0,0,0,0
434,"LBY","Libya",20.3,20.3,20.3,20.3,20.3,20.3,20.3,20.3,20.3,20.3,20.3,20.3,20.3,20.3,20.3,20.3,20.3,20.3,20.3,20.3,20.3,20.3,20.3,20.3,20.3,20.3,20.3,20.3,20.3,20.3
438,"LIE","Liechtenstein",74.3,74.3,74.3,74.3,74.3,74.3,74.3,74.3,74.3,74.3,74.3,74.3,74.3,74.3,74.3,74.3,74.3,74.3,74.3,74.3,74.3,74.3,74.3,74.3,74.3,74.3,74.3,74.3,74.3,74.3
440,"LTU","Lithuania",72.4,72.4,72.4,72.4,72.4,72.4,72.4,72.4,72.4,72.4,72.4,72.4,72.4,72.4,72.4,72.4,72.4,72.4,72.4,72.4,72.4,73.6,73.9,75.9,76.6,77.1,77,77,77,77
442,"LUX","Luxembourg",98.5,98.5,98.5,98.5,98.5,98.5,98.5,98.5,98.5,98.5,98.5,98.5,98.5,98.5,98.5,98.5,98.5,98.5,98.5,98.5,98.5,98.5,98.6,99.2,99.3,99.3,99.4,99.4,99.4,99.4
446,"MAC","Macao",85.6,85.6,85.6,85.6,85.6,85.6,85.6,85.6,85.6,85.6,85.6,85.6,85.6,85.6,85.6,85.6,85.6,85.6,85.6,85.6,85.6,85.6,85.6,85.6,85.6,85.6,85.6,85.6,85.6,85.6
450,"MDG","Madagascar",0,0,0,0,0,0,0,0,0,0,0,0,0,0,0,0,0,0,0,0,0,0,0,0,0,0,0,0,0,0
454,"MWI","Malawi",13.2,13.2,13.2,13.2,13.2,13.2,13.2,13.2,13.2,13.2,13.2,13.2,13.2,13.2,13.2,13.2,13.2,13.2,13.2,13.2,13.2,13.2,13.2,13.2,32.5,32.5,32.5,32.5,32.5,32.5
458,"MYS","Malaysia",22.9,22.9,22.9,22.9,22.9,22.9,22.9,22.9,22.9,22.9,22.9,22.9,22.9,22.9,22.9,22.9,22.9,22.9,22.9,22.9,22.9,22.9,22.9,22.9,22.9,22.9,22.9,22.9,22.9,22.9
462,"MDV","Maldives",37.1,37.1,37.1,37.1,37.1,37.1,37.1,37.1,37.1,37.1,37.1,37.1,37.1,37.1,37.1,37.1,37.1,37.1,37.1,37.1,37.1,37.1,37.1,37.1,37.1,37.1,37.1,37.1,37.1,37.1
466,"MLI","Mali",0,0,0,0,0,0,0,0,0,0,0,0,0,0,0,0,0,0,0,0,0,0,0,0,0,0,0,0,0,0
470,"MLT","Malta",0,0,0,0,0,0,0,0,0,0,0,0,0,0,0,0,0,0,0,0,0,0,0,0,0,0,0,0,0,0
584,"MHL","Marshall Islands",30.8,30.8,30.8,30.8,30.8,30.8,30.8,30.8,30.8,30.8,30.8,30.8,30.8,30.8,30.8,30.8,30.8,30.8,30.8,30.8,30.8,30.8,30.8,30.8,30.8,30.8,30.8,30.8,30.8,30.8
478,"MRT","Mauritania",0,0,0,0,0,0,0,0,0,0,0,0,0,0,0,0,0,0,0,0,0,0,0,0,0,0,0,0,0,0
480,"MUS","Mauritius",40.9,40.9,40.9,40.9,40.9,40.9,40.9,40.9,40.9,40.9,40.9,40.9,40.9,40.9,40.9,40.9,40.9,40.9,40.9,40.9,40.9,40.9,40.9,40.9,40.9,40.9,40.9,40.9,40.9,40.9
484,"MEX","Mexico",57,57,57,57,57,57,57,57,57,57,57,57,57,57,57,57,57,57,57,57,57,58.2,63,63.8,65.7,67.2,67.5,67.5,67.5,67.5
583,"FSM","Micronesia",16.1,16.1,16.1,16.1,16.1,16.1,16.1,16.1,16.1,16.1,16.1,16.1,16.1,16.1,16.1,16.1,16.1,16.1,16.1,16.1,16.1,16.1,16.1,16.1,16.1,16.1,16.1,16.1,16.1,16.1
498,"MDA","Moldova",16.6,16.6,16.6,16.6,16.6,16.6,16.6,16.6,16.6,16.6,16.6,16.6,16.6,16.6,16.6,16.6,16.6,16.6,16.6,16.6,16.6,13.9,17,18,18.2,17.7,18.1,18.1,18.1,18.1
492,"MCO","Monaco",100,100,100,100,100,100,100,100,100,100,100,100,100,100,100,100,100,100,100,100,100,100,100,100,100,100,100,100,100,100
496,"MNG","Mongolia",36.9,36.9,36.9,36.9,36.9,36.9,36.9,36.9,36.9,36.9,36.9,36.9,36.9,36.9,36.9,36.9,36.9,36.9,36.9,36.9,36.9,36.9,36.9,36.9,36.9,36.9,36.9,36.9,36.9,36.9
499,"MNE","Montenegro",30.6,30.6,30.6,30.6,30.6,30.6,30.6,30.6,30.6,30.6,30.6,30.6,30.6,30.6,30.6,30.6,30.6,30.6,30.6,30.6,30.6,30.6,30.6,30.6,30.6,30.6,30.6,30.6,30.6,30.6
504,"MAR","Morocco",40.1,40.1,40.1,40.1,40.1,40.1,40.1,40.1,40.1,40.1,40.1,40.1,40.1,40.1,40.1,40.1,40.1,40.1,40.1,40.1,40.1,40.1,40.1,40.1,40.1,40.1,40.1,40.1,40.1,40.1
508,"MOZ","Mozambique",0,0,0,0,0,0,0,0,0,0,0,0,0,0,0,0,0,0,0,0,0,0,0,0,0,0,0,0,0,0
104,"MMR","Myanmar",0,0,0,0,0,0,0,0,0,0,0,0,0,0,0,0,0,0,0,0,0,0,0,0,0,0,0,0,0,0
516,"NAM","Namibia",20.7,20.7,20.7,20.7,20.7,20.7,20.7,20.7,20.7,20.7,20.7,20.7,20.7,20.7,20.7,20.7,20.7,20.7,20.7,20.7,20.7,20.7,20.7,20.7,20.7,20.7,20.7,20.7,20.7,20.7
520,"NRU","Nauru",43.2,43.2,43.2,43.2,43.2,43.2,43.2,43.2,43.2,43.2,43.2,43.2,43.2,43.2,43.2,43.2,43.2,43.2,43.2,43.2,43.2,43.2,43.2,43.2,43.2,43.2,43.2,43.2,43.2,43.2
524,"NPL","Nepal",0,0,0,0,0,0,0,0,0,0,0,0,0,0,0,0,0,0,0,0,0,0,0,0,0,0,0,0,0,0
528,"NLD","Netherlands",99.4,99.4,99.4,99.4,99.4,99.4,99.4,99.4,99.4,99.4,99.4,99.4,99.4,99.4,99.4,99.4,99.4,99.4,99.4,99.4,99.4,99.4,99.5,99.5,99.5,99.5,99.5,99.5,99.5,99.5
540,"NCL","New Caledonia",62,62,62,62,62,62,62,62,62,62,62,62,62,62,62,62,62,62,62,62,62,62,62,62,62,62,62,62,62,62
554,"NZL","New Zealand",84.1,84.1,84.1,84.1,84.1,84.1,84.1,84.1,84.1,84.1,84.1,84.1,84.1,84.1,84.1,84.1,84.1,84.1,84.1,84.1,84.1,84.1,84.1,84.1,84.1,84.1,84.1,84.1,84.1,84.1
558,"NIC","Nicaragua",33.3,33.3,33.3,33.3,33.3,33.3,33.3,33.3,33.3,33.3,33.3,33.3,33.3,33.3,33.3,33.3,33.3,33.3,33.3,33.3,33.3,33.3,33.3,33.3,33.3,33.3,33.3,33.3,33.3,33.3
562,"NER","Niger",0,0,0,0,0,0,0,0,0,0,0,0,0,0,0,0,0,0,0,0,0,0,0,0,0,0,0,0,0,0
566,"NGA","Nigeria",3.4,3.4,3.4,3.4,3.4,3.4,3.4,3.4,3.4,3.4,3.4,3.4,3.4,3.4,3.4,3.4,3.4,3.4,3.4,3.4,3.4,3.4,3.4,3.4,3.4,3.4,3.4,3.4,3.4,3.4
570,"NIU","Niue",NA,NA,NA,NA,NA,NA,NA,NA,NA,NA,NA,NA,NA,NA,NA,NA,NA,NA,NA,NA,NA,NA,NA,NA,NA,NA,NA,NA,NA,NA
408,"PRK","North Korea",28.1,28.1,28.1,28.1,28.1,28.1,28.1,28.1,28.1,28.1,28.1,28.1,28.1,28.1,28.1,28.1,28.1,28.1,28.1,28.1,28.1,28.1,28.1,28.1,28.1,28.1,28.1,28.1,28.1,28.1
807,"MKD","North Macedonia",33.7,33.7,33.7,33.7,33.7,33.7,33.7,33.7,33.7,33.7,33.7,33.7,33.7,33.7,33.7,33.7,33.7,33.7,33.7,33.7,33.7,33.7,33.7,33.7,33.7,33.7,33.7,33.7,33.7,33.7
578,"NOR","Norway",84.1,84.1,84.1,84.1,84.1,84.1,84.1,84.1,84.1,84.1,84.1,84.1,84.1,84.1,84.1,84.1,84.1,84.1,84.1,84.1,84.1,84.4,84.2,85.4,85.1,85.8,86.7,86.7,86.7,86.7
512,"OMN","Oman",99,99,99,99,99,99,99,99,99,99,99,99,99,99,99,99,99,99,99,99,99,99,99,99,99,99,99,99,99,99
586,"PAK","Pakistan",7.9,7.9,7.9,7.9,7.9,7.9,7.9,7.9,7.9,7.9,7.9,7.9,7.9,7.9,7.9,7.9,7.9,7.9,7.9,7.9,7.9,7.9,7.9,7.9,7.9,7.9,7.9,7.9,7.9,7.9
585,"PLW","Palau",55.2,55.2,55.2,55.2,55.2,55.2,55.2,55.2,55.2,55.2,55.2,55.2,55.2,55.2,55.2,55.2,55.2,55.2,55.2,55.2,55.2,55.2,55.2,55.2,55.2,55.2,55.2,55.2,55.2,55.2
591,"PAN","Panama",53.4,53.4,53.4,53.4,53.4,53.4,53.4,53.4,53.4,53.4,53.4,53.4,53.4,53.4,53.4,53.4,53.4,53.4,53.4,53.4,53.4,55.1,55.4,55.3,55.7,54.7,54.4,54.4,54.4,54.4
598,"PNG","Papua New Guinea",0,0,0,0,0,0,0,0,0,0,0,0,0,0,0,0,0,0,0,0,0,0,0,0,0,0,0,0,0,0
600,"PRY","Paraguay",4.8,4.8,4.8,4.8,4.8,4.8,4.8,4.8,4.8,4.8,4.8,4.8,4.8,4.8,4.8,4.8,4.8,4.8,4.8,4.8,4.8,4.8,4.8,4.8,4.8,4.8,4.8,4.8,4.8,4.8
604,"PER","Peru",53.5,53.5,53.5,53.5,53.5,53.5,53.5,53.5,53.5,53.5,53.5,53.5,53.5,53.5,53.5,53.5,53.5,53.5,53.5,53.5,53.5,54.6,65.8,66.4,65.7,65,66.9,66.9,66.9,66.9
608,"PHL","Philippines",2.8,2.8,2.8,2.8,2.8,2.8,2.8,2.8,2.8,2.8,2.8,2.8,2.8,2.8,2.8,2.8,2.8,2.8,2.8,2.8,2.8,2.8,2.8,2.8,2.8,2.8,2.8,2.8,2.8,2.8
616,"POL","Poland",72.6,72.6,72.6,72.6,72.6,72.6,72.6,72.6,72.6,72.6,72.6,72.6,72.6,72.6,72.6,72.6,72.6,72.6,72.6,72.6,72.6,73.4,73.5,74,74.4,74.8,75.2,75.2,75.2,75.2
620,"PRT","Portugal",91.8,91.8,91.8,91.8,91.8,91.8,91.8,91.8,91.8,91.8,91.8,91.8,91.8,91.8,91.8,91.8,91.8,91.8,91.8,91.8,91.8,91.8,91.8,91.8,91.8,91.8,91.8,91.8,91.8,91.8
634,"QAT","Qatar",89.3,89.3,89.3,89.3,89.3,89.3,89.3,89.3,89.3,89.3,89.3,89.3,89.3,89.3,89.3,89.3,89.3,89.3,89.3,89.3,89.3,89.3,89.3,89.3,89.3,89.3,89.3,89.3,89.3,89.3
178,"COG","Republic of Congo",7.9,7.9,7.9,7.9,7.9,7.9,7.9,7.9,7.9,7.9,7.9,7.9,7.9,7.9,7.9,7.9,7.9,7.9,7.9,7.9,7.9,7.9,7.9,7.9,7.9,7.9,7.9,7.9,7.9,7.9
642,"ROU","Romania",46.4,46.4,46.4,46.4,46.4,46.4,46.4,46.4,46.4,46.4,46.4,46.4,46.4,46.4,46.4,46.4,46.4,46.4,46.4,46.4,46.4,50.5,49.4,49.2,50.8,54.4,55.2,55.2,55.2,55.2
643,"RUS","Russia",55.1,55.1,55.1,55.1,55.1,55.1,55.1,55.1,55.1,55.1,55.1,55.1,55.1,55.1,55.1,55.1,55.1,55.1,55.1,55.1,55.1,55.1,55.1,55.1,55.1,55.1,55.1,55.1,55.1,55.1
646,"RWA","Rwanda",0,0,0,0,0,0,0,0,0,0,0,0,0,0,0,0,0,0,0,0,0,0,0,0,0,0,0,0,0,0
652,"BLM","Saint Barthelemy",NA,NA,NA,NA,NA,NA,NA,NA,NA,NA,NA,NA,NA,NA,NA,NA,NA,NA,NA,NA,NA,NA,NA,NA,NA,NA,NA,NA,NA,NA
659,"KNA","Saint Kitts and Nevis",46.1,46.1,46.1,46.1,46.1,46.1,46.1,46.1,46.1,46.1,46.1,46.1,46.1,46.1,46.1,46.1,46.1,46.1,46.1,46.1,46.1,46.1,46.1,46.1,46.1,46.1,46.1,46.1,46.1,46.1
662,"LCA","Saint Lucia",34.6,34.6,34.6,34.6,34.6,34.6,34.6,34.6,34.6,34.6,34.6,34.6,34.6,34.6,34.6,34.6,34.6,34.6,34.6,34.6,34.6,34.6,34.6,34.6,34.6,34.6,34.6,34.6,34.6,34.6
670,"VCT","Saint Vincent and the Grenadines",36.1,36.1,36.1,36.1,36.1,36.1,36.1,36.1,36.1,36.1,36.1,36.1,36.1,36.1,36.1,36.1,36.1,36.1,36.1,36.1,36.1,36.1,36.1,36.1,36.1,36.1,36.1,36.1,36.1,36.1
882,"WSM","Samoa",25.2,25.2,25.2,25.2,25.2,25.2,25.2,25.2,25.2,25.2,25.2,25.2,25.2,25.2,25.2,25.2,25.2,25.2,25.2,25.2,25.2,25.2,25.2,25.2,25.2,25.2,25.2,25.2,25.2,25.2
674,"SMR","San Marino",83.9,83.9,83.9,83.9,83.9,83.9,83.9,83.9,83.9,83.9,83.9,83.9,83.9,83.9,83.9,83.9,83.9,83.9,83.9,83.9,83.9,83.9,83.9,83.9,83.9,83.9,83.9,83.9,83.9,83.9
678,"STP","Sao Tome and Principe",6.7,6.7,6.7,6.7,6.7,6.7,6.7,6.7,6.7,6.7,6.7,6.7,6.7,6.7,6.7,6.7,6.7,6.7,6.7,6.7,6.7,6.7,6.7,6.7,6.7,6.7,6.7,6.7,6.7,6.7
682,"SAU","Saudi Arabia",60.1,60.1,60.1,60.1,60.1,60.1,60.1,60.1,60.1,60.1,60.1,60.1,60.1,60.1,60.1,60.1,60.1,60.1,60.1,60.1,60.1,59.8,61.4,61,61,61,61,61,61,61
686,"SEN","Senegal",8.6,8.6,8.6,8.6,8.6,8.6,8.6,8.6,8.6,8.6,8.6,8.6,8.6,8.6,8.6,8.6,8.6,8.6,8.6,8.6,8.6,8.6,8.6,8.6,8.6,8.6,8.6,8.6,8.6,8.6
688,"SRB","Serbia",10.1,10.1,10.1,10.1,10.1,10.1,10.1,10.1,10.1,10.1,10.1,10.1,10.1,10.1,10.1,10.1,10.1,10.1,10.1,10.1,10.1,10.1,10.1,10.1,10.1,10.1,10.1,10.1,10.1,10.1
690,"SYC","Seychelles",49.7,49.7,49.7,49.7,49.7,49.7,49.7,49.7,49.7,49.7,49.7,49.7,49.7,49.7,49.7,49.7,49.7,49.7,49.7,49.7,49.7,49.7,49.7,49.7,49.7,49.7,49.7,49.7,49.7,49.7
694,"SLE","Sierra Leone",0,0,0,0,0,0,0,0,0,0,0,0,0,0,0,0,0,0,0,0,0,0,0,0,0,0,0,0,0,0
702,"SGP","Singapore",100,100,100,100,100,100,100,100,100,100,100,100,100,100,100,100,100,100,100,100,100,100,100,100,100,100,100,100,100,100
534,"SXM","Sint Maarten",66.3,66.3,66.3,66.3,66.3,66.3,66.3,66.3,66.3,66.3,66.3,66.3,66.3,66.3,66.3,66.3,66.3,66.3,66.3,66.3,66.3,66.3,66.3,66.3,66.3,66.3,66.3,66.3,66.3,66.3
703,"SVK","Slovakia",64.5,64.5,64.5,64.5,64.5,64.5,64.5,64.5,64.5,64.5,64.5,64.5,64.5,64.5,64.5,64.5,64.5,64.5,64.5,64.5,64.5,65.8,67.2,67.9,68.7,69.3,70.2,70.2,70.2,70.2
705,"SVN","Slovenia",56.5,56.5,56.5,56.5,56.5,56.5,56.5,56.5,56.5,56.5,56.5,56.5,56.5,56.5,56.5,56.5,56.5,56.5,56.5,56.5,56.5,62.1,66,67.2,67.5,67.3,67.6,67.6,67.6,67.6
90,"SLB","Solomon Islands",0,0,0,0,0,0,0,0,0,0,0,0,0,0,0,0,0,0,0,0,0,0,0,0,0,0,0,0,0,0
706,"SOM","Somalia",0,0,0,0,0,0,0,0,0,0,0,0,0,0,0,0,0,0,0,0,0,0,0,0,0,0,0,0,0,0
710,"ZAF","South Africa",58,58,58,58,58,58,58,58,58,58,58,58,58,58,58,58,58,58,58,58,58,58,57,58,57,57,56,56,56,56
410,"KOR","South Korea",92.9,92.9,92.9,92.9,92.9,92.9,92.9,92.9,92.9,92.9,92.9,92.9,92.9,92.9,92.9,92.9,92.9,92.9,92.9,92.9,92.9,93.2,93.2,93.6,93.9,94.1,94.4,94.4,94.4,94.4
728,"SSD","South Sudan",0,0,0,0,0,0,0,0,0,0,0,0,0,0,0,0,0,0,0,0,0,0,0,0,0,0,0,0,0,0
724,"ESP","Spain",88.3,88.3,88.3,88.3,88.3,88.3,88.3,88.3,88.3,88.3,88.3,88.3,88.3,88.3,88.3,88.3,88.3,88.3,88.3,88.3,88.3,88.3,88.3,88.3,88.3,88.3,88.3,88.3,88.3,88.3
144,"LKA","Sri Lanka",1.1,1.1,1.1,1.1,1.1,1.1,1.1,1.1,1.1,1.1,1.1,1.1,1.1,1.1,1.1,1.1,1.1,1.1,1.1,1.1,1.1,1.1,1.1,1.1,1.1,1.1,1.1,1.1,1.1,1.1
275,"PSE","State of Palestine",29.6,29.6,29.6,29.6,29.6,29.6,29.6,29.6,29.6,29.6,29.6,29.6,29.6,29.6,29.6,29.6,29.6,29.6,29.6,29.6,29.6,29.6,29.6,29.6,29.6,29.6,29.6,29.6,29.6,29.6
729,"SDN","Sudan",0,0,0,0,0,0,0,0,0,0,0,0,0,0,0,0,0,0,0,0,0,0,0,0,0,0,0,0,0,0
740,"SUR","Suriname",39.6,39.6,39.6,39.6,39.6,39.6,39.6,39.6,39.6,39.6,39.6,39.6,39.6,39.6,39.6,39.6,39.6,39.6,39.6,39.6,39.6,39.6,39.6,39.6,39.6,39.6,39.6,39.6,39.6,39.6
752,"SWE","Sweden",87,87,87,87,87,87,87,87,87,87,87,87,87,87,87,87,87,87,87,87,87,87,87,88,88,88,88,88,88,88
756,"CHE","Switzerland",93.9,93.9,93.9,93.9,93.9,93.9,93.9,93.9,93.9,93.9,93.9,93.9,93.9,93.9,93.9,93.9,93.9,93.9,93.9,93.9,93.9,93.9,93.9,93.9,93.9,93.9,93.9,93.9,93.9,93.9
760,"SYR","Syria",7.2,7.2,7.2,7.2,7.2,7.2,7.2,7.2,7.2,7.2,7.2,7.2,7.2,7.2,7.2,7.2,7.2,7.2,7.2,7.2,7.2,7.2,7.2,7.2,7.2,7.2,7.2,7.2,7.2,7.2
158,"TWN","Taiwan",16.2,16.2,16.2,16.2,16.2,16.2,16.2,16.2,16.2,16.2,16.2,16.2,16.2,16.2,16.2,16.2,16.2,16.2,16.2,16.2,16.2,16.2,16.2,16.2,16.2,16.2,16.2,16.2,16.2,16.2
762,"TJK","Tajikistan",5.2,5.2,5.2,5.2,5.2,5.2,5.2,5.2,5.2,5.2,5.2,5.2,5.2,5.2,5.2,5.2,5.2,5.2,5.2,5.2,5.2,5.2,5.2,5.2,5.2,5.2,5.2,5.2,5.2,5.2
834,"TZA","Tanzania",22.7,22.7,22.7,22.7,22.7,22.7,22.7,22.7,22.7,22.7,22.7,22.7,22.7,22.7,22.7,22.7,22.7,22.7,22.7,22.7,22.7,19.6,16.3,14.4,14.4,14.4,14.4,14.4,14.4,14.4
764,"THA","Thailand",18.1,18.1,18.1,18.1,18.1,18.1,18.1,18.1,18.1,18.1,18.1,18.1,18.1,18.1,18.1,18.1,18.1,18.1,18.1,18.1,18.1,18.1,18.1,18.1,18.1,18.1,18.1,18.1,18.1,18.1
626,"TLS","Timor-Leste",8.7,8.7,8.7,8.7,8.7,8.7,8.7,8.7,8.7,8.7,8.7,8.7,8.7,8.7,8.7,8.7,8.7,8.7,8.7,8.7,8.7,8.7,8.7,8.7,8.7,8.7,8.7,8.7,8.7,8.7
768,"TGO","Togo",0,0,0,0,0,0,0,0,0,0,0,0,0,0,0,0,0,0,0,0,0,0,0,0,0,0,0,0,0,0
776,"TON","Tonga",27.6,27.6,27.6,27.6,27.6,27.6,27.6,27.6,27.6,27.6,27.6,27.6,27.6,27.6,27.6,27.6,27.6,27.6,27.6,27.6,27.6,27.6,27.6,27.6,27.6,27.6,27.6,27.6,27.6,27.6
780,"TTO","Trinidad and Tobago",4.2,4.2,4.2,4.2,4.2,4.2,4.2,4.2,4.2,4.2,4.2,4.2,4.2,4.2,4.2,4.2,4.2,4.2,4.2,4.2,4.2,4.2,4.2,4.2,4.2,4.2,4.2,4.2,4.2,4.2
788,"TUN","Tunisia",73.7,73.7,73.7,73.7,73.7,73.7,73.7,73.7,73.7,73.7,73.7,73.7,73.7,73.7,73.7,73.7,73.7,73.7,73.7,73.7,73.7,73.7,73.7,73.7,73.7,73.7,73.7,73.7,73.7,73.7
792,"TUR","Turkiye",69.9,69.9,69.9,69.9,69.9,69.9,69.9,69.9,69.9,69.9,69.9,69.9,69.9,69.9,69.9,69.9,69.9,69.9,69.9,69.9,69.9,70.7,74.2,74.4,73.9,74,74,74,74,74
795,"TKM","Turkmenistan",34.1,34.1,34.1,34.1,34.1,34.1,34.1,34.1,34.1,34.1,34.1,34.1,34.1,34.1,34.1,34.1,34.1,34.1,34.1,34.1,34.1,34.1,34.1,34.1,34.1,34.1,34.1,34.1,34.1,34.1
796,"TCA","Turks and Caicos Islands",68.5,68.5,68.5,68.5,68.5,68.5,68.5,68.5,68.5,68.5,68.5,68.5,68.5,68.5,68.5,68.5,68.5,68.5,68.5,68.5,68.5,68.5,68.5,68.5,68.5,68.5,68.5,68.5,68.5,68.5
798,"TUV","Tuvalu",28.6,28.6,28.6,28.6,28.6,28.6,28.6,28.6,28.6,28.6,28.6,28.6,28.6,28.6,28.6,28.6,28.6,28.6,28.6,28.6,28.6,28.6,28.6,28.6,28.6,28.6,28.6,28.6,28.6,28.6
800,"UGA","Uganda",0,0,0,0,0,0,0,0,0,0,0,0,0,0,0,0,0,0,0,0,0,0,0,0,0,0,0,0,0,0
804,"UKR","Ukraine",34.2,34.2,34.2,34.2,34.2,34.2,34.2,34.2,34.2,34.2,34.2,34.2,34.2,34.2,34.2,34.2,34.2,34.2,34.2,34.2,34.2,34.2,34.2,34.2,34.2,34.2,34.2,34.2,34.2,34.2
784,"ARE","United Arab Emirates",100,100,100,100,100,100,100,100,100,100,100,100,100,100,100,100,100,100,100,100,100,100,100,100,100,100,100,100,100,100
826,"GBR","United Kingdom",85.8,85.8,85.8,85.8,85.8,85.8,85.8,85.8,85.8,85.8,85.8,85.8,85.8,85.8,85.8,85.8,85.8,85.8,85.8,85.8,85.8,85.8,85.8,85.8,85.8,85.8,85.8,85.8,85.8,85.8
840,"USA","United States of America",67.7,67.7,67.7,67.7,67.7,67.7,67.7,67.7,67.7,67.7,67.7,67.7,67.7,67.7,67.7,67.7,67.7,67.7,67.7,67.7,67.7,67.7,67.7,67.7,67.7,67.7,67.7,67.7,67.7,67.7
858,"URY","Uruguay",26.3,26.3,26.3,26.3,26.3,26.3,26.3,26.3,26.3,26.3,26.3,26.3,26.3,26.3,26.3,26.3,26.3,26.3,26.3,26.3,26.3,26.3,26.3,26.3,26.3,26.3,26.3,26.3,26.3,26.3
860,"UZB","Uzbekistan",93.5,93.5,93.5,93.5,93.5,93.5,93.5,93.5,93.5,93.5,93.5,93.5,93.5,93.5,93.5,93.5,93.5,93.5,93.5,93.5,93.5,94.1,92.2,93.3,97.2,97.2,97.2,97.2,97.2,97.2
548,"VUT","Vanuatu",7.1,7.1,7.1,7.1,7.1,7.1,7.1,7.1,7.1,7.1,7.1,7.1,7.1,7.1,7.1,7.1,7.1,7.1,7.1,7.1,7.1,7.1,7.1,7.1,7.1,7.1,7.1,7.1,7.1,7.1
862,"VEN","Venezuela",32,32,32,32,32,32,32,32,32,32,32,32,32,32,32,32,32,32,32,32,32,32,32,32,32,32,32,32,32,32
704,"VNM","Viet Nam",10,10,10,10,10,10,10,10,10,10,10,10,10,10,10,10,10,10,10,10,10,10,10,10,10,10,10,10,10,10
876,"WLF","Wallis and Futuna Islands",NA,NA,NA,NA,NA,NA,NA,NA,NA,NA,NA,NA,NA,NA,NA,NA,NA,NA,NA,NA,NA,NA,NA,NA,NA,NA,NA,NA,NA,NA
732,"ESH","Western Sahara",NA,NA,NA,NA,NA,NA,NA,NA,NA,NA,NA,NA,NA,NA,NA,NA,NA,NA,NA,NA,NA,NA,NA,NA,NA,NA,NA,NA,NA,NA
887,"YEM","Yemen",0,0,0,0,0,0,0,0,0,0,0,0,0,0,0,0,0,0,0,0,0,0,0,0,0,0,0,0,0,0
894,"ZMB","Zambia",0.5,0.5,0.5,0.5,0.5,0.5,0.5,0.5,0.5,0.5,0.5,0.5,0.5,0.5,0.5,0.5,0.5,0.5,0.5,0.5,0.5,0.5,0.5,0.5,0.5,0.5,0.5,0.5,0.5,0.5
716,"ZWE","Zimbabwe",61.2,61.2,61.2,61.2,61.2,61.2,61.2,61.2,61.2,61.2,61.2,61.2,61.2,61.2,61.2,61.2,61.2,61.2,61.2,61.2,61.2,57.1,53.9,53.9,53.9,53.9,53.9,53.9,53.9,53.9
