iso3,year,Gender Inequality Index,Gross National Income Per Capita,Income Inequality,Life Expectancy at Birth,Country,population_density,infant_mortality_rate,employment_rate,total_displacement,Drought,Earthquake,Erosion,Extreme Temperature,Flood,Mass Movement,Storm,Volcanic activity,Wave action,Wildfire,total_events,log_population_density,log_infant_mortality_rate,log_Gross National Income Per Capita,log_total_displacement
BGD,2013,0.578,4932.186405,30.74995804,69.487,Bangladesh,1202.52086502266,32.7,54.649,1159829.0,0.0,0.0,0.0,0.0,2.0,0.0,2.0,0.0,0.0,0.0,4.0,7.093006594025614,3.517497837358316,8.50374038787031,13.963784000618656
BGD,2014,0.569,5205.479375,30.74995804,70.016,Bangladesh,1213.52791733886,31.4,54.308,543000.0,0.0,0.0,0.0,0.0,1.0,0.0,1.0,0.0,0.0,0.0,2.0,7.102110734871212,3.4781584227982836,8.557659162567694,13.204866440535003
BGD,2015,0.563,5582.619597,30.74995804,70.543,Bangladesh,1224.42328493508,30.0,53.972,531099.0,0.0,1.0,0.0,0.0,2.0,0.0,2.0,0.0,0.0,0.0,5.0,7.111041602016586,3.4339872044851463,8.627592518375263,13.18270560641049
BGD,2016,0.557,5987.015851,35.71949768,71.075,Bangladesh,1235.3993393255,28.6,53.65,613710.0,0.0,0.0,0.0,0.0,2.0,0.0,1.0,0.0,0.0,0.0,3.0,7.119958675904454,3.3877743613300146,8.697515392663604,13.327279412283689
BGD,2017,0.541,6228.122571,35.71949768,71.606,Bangladesh,1245.95641852962,27.4,55.778,946119.0,0.0,0.0,1.0,0.0,2.0,2.0,2.0,0.0,0.0,0.0,7.0,7.12846099601527,3.3463891451671604,8.736990762536866,13.76012468988354
BGD,2018,0.532,6641.699214,35.71949768,72.122,Bangladesh,1256.22726434662,26.3,56.339,77788.0,0.0,0.0,0.0,0.0,5.0,3.0,3.0,0.0,0.0,0.0,11.0,7.136663991250957,3.3068867021909143,8.801273668000963,11.261755311995426
BGD,2019,0.52,7092.492311,35.71949768,72.625,Bangladesh,1266.90523930245,25.4,56.868,4083940.0,0.0,0.0,0.0,0.0,2.0,2.0,4.0,0.0,0.0,0.0,8.0,7.145121399793248,3.2733640101522705,8.866933066801357,15.22257301154138
BGD,2020,0.5,7256.570492,35.71949768,71.421,Bangladesh,1277.54493354844,24.9,56.598,4443088.0,0.0,0.0,0.0,0.0,2.0,5.0,5.0,0.0,0.0,0.0,12.0,7.153477939634528,3.254242968705492,8.88980040883818,15.306860413227659
BGD,2021,0.494,7754.226262,35.71949768,71.103,Bangladesh,1287.99918568026,24.5,57.925,98770.0,0.0,0.0,0.0,0.0,8.0,3.0,2.0,0.0,0.0,0.0,13.0,7.16162137119365,3.2386784521643803,8.956122251458392,11.500559318382662
BGD,2022,0.487,8114.366836,35.94155502,74.265,Bangladesh,1300.36002610164,24.4,59.031,1523951.0,0.0,0.0,6.0,0.0,8.0,7.0,3.0,0.0,0.0,0.0,24.0,7.171165170515399,3.2347491740244907,9.001514683609678,14.236817518669724
BGD,2023,0.487,8497.658639,35.94155502,74.672,Bangladesh,1319.17979689183,24.4,58.987,1790885.0,0.0,0.0,10.0,0.0,1.0,0.0,5.0,0.0,0.0,0.0,16.0,7.185523216071246,3.2347491740244907,9.047663622849075,14.398221027425711
BRN,2013,0.44325,85387.9719,11.19643116,74.854,Brunei Darussalam,78.026944971537,8.4,61.779,0.0,0.0,0.0,0.0,0.0,0.0,0.0,0.0,0.0,0.0,0.0,0.0,4.369788869903042,2.2407096892759584,11.354972236777641,0.0
BRN,2014,0.3994999999999999,83238.48088,11.19643116,74.862,Brunei Darussalam,79.0796963946869,8.5,61.421,51.0,0.0,0.0,0.0,0.0,1.0,0.0,0.0,0.0,0.0,0.0,1.0,4.383022343724639,2.2512917986064953,11.329477044063328,3.9512437185814275
BRN,2015,0.35575,86007.92843,11.19643116,74.88,Brunei Darussalam,80.1161290322581,8.5,60.608,0.0,0.0,0.0,0.0,0.0,0.0,0.0,0.0,0.0,0.0,0.0,0.0,4.395881819673935,2.2512917986064953,11.362206388800319,0.0
BRN,2016,0.312,84318.95836,12.12374306,74.905,Brunei Darussalam,81.1316888045541,8.6,59.811,0.0,0.0,0.0,0.0,0.0,0.0,0.0,0.0,0.0,0.0,0.0,0.0,4.408323920118973,2.2617630984737906,11.342373869942051,0.0
BRN,2017,0.286,83858.37553,12.12374306,74.943,Brunei Darussalam,82.1199240986717,8.6,59.118,94.0,0.0,0.0,0.0,0.0,1.0,0.0,0.0,0.0,0.0,0.0,1.0,4.420284433636942,2.2617630984737906,11.336896574119399,4.553876891600541
BRN,2018,0.286,79230.72402,12.12374306,74.992,Brunei Darussalam,83.0759013282732,8.6,60.653,0.0,0.0,0.0,0.0,0.0,0.0,0.0,0.0,0.0,0.0,0.0,0.0,4.431719978095461,2.2617630984737906,11.280132053409536,0.0
BRN,2019,0.286,83229.96799,12.12374306,75.049,Brunei Darussalam,84.0,8.5,60.517,0.0,0.0,0.0,0.0,0.0,0.0,0.0,0.0,0.0,0.0,0.0,0.0,4.442651256490317,2.2512917986064953,11.329374768974084,0.0
BRN,2020,0.276,83430.85014,12.12374306,75.114,Brunei Darussalam,84.896394686907,8.5,59.292,0.0,0.0,0.0,0.0,0.0,0.0,0.0,0.0,0.0,0.0,0.0,0.0,4.453141857060588,2.2512917986064953,11.331785411606129,0.0
BRN,2021,0.272,79872.07039,12.12374306,74.869,Brunei Darussalam,85.715559772296,8.4,60.761,0.0,0.0,0.0,0.0,0.0,0.0,0.0,0.0,0.0,0.0,0.0,0.0,4.462633334492744,2.2407096892759584,11.288194033516355,0.0
BRN,2022,0.276,75362.43696,12.12374306,72.917,Brunei Darussalam,86.4079696394687,8.3,60.756,0.0,0.0,0.0,0.0,0.0,0.0,0.0,0.0,0.0,0.0,0.0,0.0,4.470586464310595,2.2300144001592104,11.23007751542895,0.0
BRN,2023,0.257,75826.87338,12.12374306,75.327,Brunei Darussalam,87.0870967741936,8.2,60.668,0.0,0.0,0.0,0.0,0.0,0.0,0.0,0.0,0.0,0.0,0.0,0.0,4.478326061082779,2.2192034840549946,11.236221226728338,0.0
BTN,2013,0.43,10324.26436,39.1293335,70.161,Bhutan,19.0275467639111,26.5,63.426,0.0,0.0,0.0,0.0,0.0,0.0,0.0,0.0,0.0,0.0,0.0,0.0,2.9971086640893594,3.3141860046725258,9.242349021375551,0.0
BTN,2014,0.404,10781.65184,39.1293335,70.504,Bhutan,19.2339113781252,25.4,60.963,0.0,0.0,0.0,0.0,0.0,0.0,0.0,0.0,0.0,0.0,0.0,0.0,3.0073599779246063,3.2733640101522705,9.285693810500288,0.0
BTN,2015,0.385,11365.18601,39.1293335,70.797,Bhutan,19.4301230422121,24.4,61.593,2851.0,0.0,0.0,0.0,0.0,0.0,0.0,1.0,0.0,0.0,0.0,1.0,3.0170104314355797,3.2347491740244907,9.338398087199135,7.955775781534187
BTN,2016,0.363,12043.98898,39.1293335,71.119,Bhutan,19.6063863255034,23.4,61.258,638.0,0.0,0.0,0.0,0.0,1.0,0.0,0.0,0.0,0.0,0.0,1.0,3.0256010435517022,3.1945831322991562,9.396404000146104,6.459904454377535
BTN,2017,0.347,12334.453,37.95978928,71.413,Bhutan,19.7759804949664,22.6,60.889,0.0,0.0,0.0,0.0,0.0,0.0,0.0,0.0,0.0,0.0,0.0,0.0,3.0337975355347466,3.1612467120315646,9.420232753056043,0.0
BTN,2018,0.277,12637.89661,37.95978928,71.711,Bhutan,19.920267435763,21.8,60.506,0.0,0.0,0.0,0.0,0.0,0.0,0.0,0.0,0.0,0.0,0.0,0.0,3.0407184228512922,3.126760535960395,9.44453437037789,0.0
BTN,2019,0.265,13305.30091,37.95978928,72.005,Bhutan,20.0530676455165,21.1,64.559,0.0,0.0,0.0,0.0,0.0,0.0,0.0,0.0,0.0,0.0,0.0,0.0,3.047046280889061,3.095577608523707,9.495992954656076,0.0
BTN,2020,0.266,12182.50475,37.95978928,72.253,Bhutan,20.1889355007866,20.3,64.415,120.0,0.0,0.0,0.0,0.0,0.0,1.0,1.0,0.0,0.0,0.0,2.0,3.053479135095104,3.0587070727153796,9.407838246178278,4.795790545596741
BTN,2021,0.266,12664.17093,37.95978928,72.448,Bhutan,20.3314630309386,19.8,65.775,0.0,0.0,0.0,0.0,0.0,0.0,0.0,0.0,0.0,0.0,0.0,0.0,3.060183120423533,3.0349529867072724,9.44661105859421,0.0
BTN,2022,0.283,13334.54642,28.57549095,72.754,Bhutan,20.4749344520189,19.1,59.342,0.0,0.0,0.0,0.0,0.0,0.0,0.0,0.0,0.0,0.0,0.0,0.0,3.0668864155731765,3.0007198150650303,9.498188412154558,0.0
BTN,2023,0.278,13842.80353,28.57549095,72.975,Bhutan,20.6183796539067,18.5,62.962,0.0,0.0,0.0,0.0,0.0,0.0,0.0,0.0,0.0,0.0,0.0,0.0,3.0735438627746112,2.970414465569701,9.535593012946933,0.0
CHN,2013,0.217,12724.80478,31.42461777,76.452,China,145.207643927049,9.7,66.751,5924143.0,0.0,7.0,0.0,0.0,4.0,2.0,7.0,0.0,0.0,0.0,20.0,4.985027829991658,2.3702437414678603,9.451387083426765,15.594546761974462
CHN,2014,0.21,13714.12598,28.86303139,76.714,China,146.125816729087,8.9,66.425,3611522.0,0.0,7.0,0.0,0.0,13.0,1.0,6.0,0.0,0.0,0.0,27.0,4.991288116824757,2.2925347571405443,9.526254588892769,15.099640124997686
CHN,2015,0.202,14505.20493,30.35230637,76.975,China,146.977949259981,8.2,66.078,3602368.0,0.0,4.0,0.0,0.0,6.0,1.0,10.0,0.0,0.0,0.0,21.0,4.997063271177166,2.2192034840549946,9.582331763081255,15.097102242558277
CHN,2016,0.192,15406.83992,30.80799866,77.214,China,147.822641376791,7.6,65.739,7434305.0,0.0,8.0,0.0,1.0,26.0,2.0,16.0,0.0,0.0,0.0,53.0,5.002755270614127,2.151762203259462,9.642631744575837,15.821615791219797
CHN,2017,0.181,16439.18921,31.23165894,77.235,China,148.720043543977,7.0,65.295,4463319.0,0.0,13.0,0.0,0.0,48.0,7.0,41.0,0.0,0.0,0.0,109.0,5.00876717387226,2.0794415416798357,9.707484177668029,15.311403441690825
CHN,2018,0.163,17412.53887,31.73748016,77.709,China,149.417194545073,6.4,64.887,4032786.0,0.0,7.0,0.0,5.0,13.0,4.0,52.0,0.0,0.0,0.0,81.0,5.0134127304137515,2.0014800002101243,9.765003278619893,15.209968258178609
CHN,2019,0.159,18413.61937,30.69449997,77.94,China,149.948179684945,6.0,64.307,4033553.0,0.0,9.0,0.0,0.0,27.0,6.0,19.0,0.0,0.0,2.0,63.0,5.016936597020481,1.9459101490553132,9.82090015910269,15.210158431146084
CHN,2020,0.154,18683.02015,30.56137848,78.019,China,150.305542803154,5.5,62.678,5074039.0,0.0,4.0,0.0,0.0,12.0,9.0,10.0,0.0,0.0,1.0,36.0,5.01930125464512,1.8718021769015913,9.835423900084272,15.439647902437056
CHN,2021,0.145,20264.56554,30.2875576,78.117,China,150.439753691066,5.1,64.056,6037150.0,0.0,5.0,0.0,0.0,31.0,6.0,9.0,0.0,0.0,0.0,51.0,5.020187880454063,1.8082887711792655,9.916678445902223,15.613442769889147
CHN,2022,0.138,20888.85431,30.2875576,78.202,China,150.42004812419,4.8,62.523,3632196.0,0.0,6.0,0.0,1.0,31.0,2.0,6.0,0.0,0.0,1.0,47.0,5.020057750494354,1.7578579175523736,9.94701888037598,15.105348257320486
CHN,2023,0.132,22029.22253,30.2875576,77.953,China,150.264001337848,4.5,62.756,4702167.0,0.0,3.0,0.0,0.0,20.0,6.0,6.0,0.0,0.0,2.0,37.0,5.019026663455283,1.7047480922384253,10.000170540970974,15.363534236920687
HKG,2013,0.1611666666666666,59980.93693,24.22236443,83.695,"Hong Kong SAR, China",6837.04761904762,6.133333333333334,58.437,0.0,0.0,0.0,0.0,0.0,0.0,0.0,0.0,0.0,0.0,0.0,0.0,8.83025753406029,1.9647786333596962,11.001798744712572,0.0
HKG,2014,0.1903333333333333,61142.37203,24.22236443,83.927,"Hong Kong SAR, China",6885.2380952381,7.7666666666666675,58.338,0.0,0.0,0.0,0.0,0.0,0.0,0.0,0.0,0.0,0.0,0.0,0.0,8.837280220012602,2.1709566505156093,11.020976746524566,0.0
HKG,2015,0.2195,62900.52333,24.22236443,84.147,"Hong Kong SAR, China",6944.09523809524,9.4,58.462,0.0,0.0,0.0,0.0,0.0,0.0,0.0,0.0,0.0,0.0,0.0,0.0,8.84579096828308,2.341805806147327,11.049325660678264,0.0
HKG,2016,0.2486666666666666,64518.39536,24.08448029,84.38,"Hong Kong SAR, China",6987.2380952381,11.033333333333337,58.349,218.0,0.0,0.0,0.0,0.0,0.0,0.0,1.0,0.0,0.0,0.0,1.0,8.85198374268812,2.487680576670726,11.074721160837516,5.389071729816501
HKG,2017,0.2778333333333333,67681.99345,24.08448029,84.662,"Hong Kong SAR, China",7041.14285714286,12.666666666666668,58.577,3292.0,0.0,0.0,0.0,0.0,1.0,0.0,2.0,0.0,0.0,0.0,3.0,8.859667785953828,2.6149597780361984,11.122590222764186,8.099554282376364
HKG,2018,0.307,69519.03533,24.08448029,84.987,"Hong Kong SAR, China",7097.71428571429,14.3,58.946,1400.0,0.0,0.0,0.0,0.0,0.0,0.0,1.0,0.0,0.0,0.0,1.0,8.86766896011215,2.72785282839839,11.149370268138224,7.244941546337007
HKG,2019,0.3361666666666666,67818.44314,24.08448029,85.263,"Hong Kong SAR, China",7150.38095238095,15.933333333333335,58.245,205.0,0.0,0.0,0.0,0.0,0.0,0.0,1.0,0.0,0.0,0.0,1.0,8.875060757232028,2.8292840659163265,11.124604204793664,5.327876168789581
HKG,2020,0.3653333333333333,64125.19919,24.08448029,84.707,"Hong Kong SAR, China",7124.7619047619,17.56666666666667,55.55,163.0,0.0,0.0,0.0,0.0,0.0,0.0,2.0,0.0,0.0,0.0,2.0,8.871471933421489,2.921367858265129,11.068608283116927,5.099866427824199
HKG,2021,0.3944999999999999,70450.33815,24.08448029,85.082,"Hong Kong SAR, China",7060.09523809524,19.200000000000003,55.704,395.0,0.0,0.0,0.0,0.0,0.0,0.0,2.0,0.0,0.0,0.0,2.0,8.862355451330108,3.005682604407159,11.162677511468651,5.981414211254481
HKG,2022,0.4236666666666666,67927.26128,24.08448029,83.485,"Hong Kong SAR, China",6996.28571428571,20.833333333333336,55.353,333.0,0.0,0.0,0.0,0.0,0.0,0.0,3.0,0.0,0.0,0.0,3.0,8.85327759773896,3.0834378539730967,11.126207446097428,5.811140992976701
HKG,2023,0.4528333333333333,69435.75706,24.08448029,85.511,"Hong Kong SAR, China",7177.2380952381,22.46666666666667,55.703,1261.0,0.0,0.0,0.0,0.0,0.0,0.0,4.0,0.0,0.0,0.0,4.0,8.8788092412937,3.155580974495887,11.148171646918806,7.140453043101158
IDN,2013,0.482,9920.760752,25.65043259,69.064,Indonesia,136.271572751061,24.1,63.862,427422.0,0.0,3.0,0.0,0.0,79.0,1.0,2.0,4.0,0.0,0.0,89.0,4.921961246552497,3.2228678461377385,9.202485679689806,12.96552943417688
IDN,2014,0.482,10262.76634,25.18886566,69.292,Indonesia,137.882705314833,23.2,63.926,943059.0,0.0,1.0,0.0,0.0,81.0,13.0,19.0,5.0,0.0,1.0,120.0,4.933629730235803,3.186352633162641,9.236375141032449,13.756885186314724
IDN,2015,0.477,10650.62841,25.52736473,69.52,Indonesia,139.438934572699,22.3,63.574,203913.0,0.0,4.0,0.0,0.0,74.0,27.0,22.0,3.0,0.0,0.0,130.0,4.944772764919269,3.1484533605716547,9.273468061796617,12.225453615313867
IDN,2016,0.471,11083.03148,24.89160538,69.733,Indonesia,140.945267664402,21.5,63.462,1204487.0,0.0,4.0,0.0,0.0,64.0,14.0,19.0,1.0,0.0,2.0,104.0,4.955441544317479,3.1135153092103742,9.313260746108753,14.001565138347337
IDN,2017,0.455,11528.33126,24.57862473,69.953,Indonesia,142.393583234045,20.7,64.171,375393.0,0.0,5.0,0.0,0.0,79.0,11.0,27.0,2.0,0.0,0.0,124.0,4.965593179842466,3.077312260546414,9.35264961158104,12.835731420055298
IDN,2018,0.444,12028.82869,24.35676575,70.08,Indonesia,143.781152680745,19.9,64.684,853155.0,0.0,9.0,0.0,0.0,81.0,23.0,47.0,6.0,0.0,1.0,167.0,4.975223310435354,3.039749158970765,9.39514456863458,13.656697693691626
IDN,2019,0.436,12510.5906,23.60615349,70.349,Indonesia,145.132688936836,19.3,65.788,462646.0,0.0,11.0,0.0,0.0,125.0,105.0,195.0,3.0,3.0,3.0,445.0,4.98451503730841,3.0106208860477417,9.434410741661527,13.044719623272709
IDN,2020,0.429,12192.41305,23.62862587,68.817,Indonesia,146.371283592869,18.6,64.533,704513.0,0.0,6.0,0.0,0.0,154.0,14.0,20.0,4.0,0.0,0.0,198.0,4.992955141188387,2.975529566236472,9.408651170980908,13.465263482373244
IDN,2021,0.425,12546.96347,23.83100128,67.452,Indonesia,146.235107708626,18.0,63.347,749418.0,0.0,8.0,0.0,0.0,29.0,8.0,18.0,1.0,4.0,1.0,69.0,4.992030681312688,2.9444389791664403,9.437313658085419,13.527053518636553
IDN,2022,0.422,13106.56401,23.63562012,70.925,Indonesia,147.330175215419,17.5,64.698,307985.0,0.0,9.0,0.0,0.0,144.0,46.0,87.0,1.0,0.0,1.0,288.0,4.999440702588912,2.917770732084279,9.48094474789843,12.637809606377168
IDN,2023,0.423,13700.12989,23.63562012,71.146,Indonesia,148.57692229227,17.0,64.751,238456.0,2.0,15.0,0.0,0.0,181.0,55.0,122.0,3.0,1.0,4.0,383.0,5.007810790888449,2.8903717578961645,9.525233582138073,12.381944279554657
IND,2013,0.55,5687.828662,38.42444611,68.499,India,435.838110245225,40.5,49.257,2144671.0,0.0,1.0,0.0,0.0,1.0,0.0,3.0,0.0,0.0,0.0,5.0,6.079562669354657,3.7256934272366524,8.646259646877526,14.578497184898842
IND,2014,0.528,6037.901703,38.42444611,68.932,India,441.370107863944,38.5,49.134,3427618.0,0.0,0.0,0.0,0.0,12.0,0.0,2.0,0.0,0.0,0.0,14.0,6.092146879805822,3.676300671907076,8.705977437142808,15.047376408998987
IND,2015,0.496,6443.561001,38.42444611,69.326,India,446.666542669658,36.6,48.996,3654637.0,0.0,2.0,0.0,0.0,10.0,2.0,2.0,0.0,0.0,0.0,16.0,6.104048630869962,3.6270040503958487,8.770991798390849,15.111507603853331
IND,2016,0.484,6894.228147,37.19915009,69.709,India,452.020992940243,34.7,48.846,2400307.0,0.0,1.0,0.0,0.0,13.0,0.0,1.0,0.0,0.0,0.0,15.0,6.115938466440717,3.5751506887855933,8.838584878439953,14.69110762041749
IND,2017,0.488,7282.890554,37.44141006,70.068,India,457.30592394028,33.0,48.668,1345994.0,0.0,0.0,0.0,0.0,2.0,0.0,1.0,0.0,0.0,0.0,3.0,6.1275369173322165,3.5263605246161616,8.893420415199193,14.112644074469658
IND,2018,0.487,7670.645786,38.81474686,70.415,India,462.351569862673,31.3,48.471,2675414.0,0.0,0.0,0.0,0.0,2.0,1.0,5.0,0.0,0.0,2.0,10.0,6.138486096097907,3.475067230228611,8.94528644578939,14.799615066466165
IND,2019,0.464,7895.441397,38.20975876,70.746,India,467.185182245332,29.7,48.881,5017722.0,1.0,0.0,0.0,0.0,3.0,1.0,7.0,0.0,0.0,0.0,12.0,6.148863906211975,3.4242626545931514,8.974167480893348,15.42848680310945
IND,2020,0.441,7331.951385,39.35733795,70.156,India,471.755150192218,28.2,47.496,3856213.0,0.0,0.0,0.0,0.0,32.0,20.0,8.0,0.0,0.0,0.0,60.0,6.158577601592855,3.374168709274236,8.900133358452296,15.165196431097932
IND,2021,0.438,7992.775136,38.85117722,67.282,India,475.652042419085,26.8,49.171,4903210.0,0.0,0.0,0.0,0.0,27.0,2.0,5.0,0.0,0.0,0.0,34.0,6.166786753875513,3.3250360206965914,8.986418409778816,15.405400854584002
IND,2022,0.427,8475.67988,37.36087036,71.698,India,479.425536881262,25.6,50.981,2507107.0,0.0,0.0,0.0,0.0,34.0,1.0,7.0,0.0,0.0,0.0,42.0,6.17467224633103,3.2809112157876537,9.045074128535672,14.734640455590283
IND,2023,0.403,9046.756336,37.36087036,72.003,India,483.679010086809,24.5,52.369,528442.0,0.0,0.0,0.0,0.0,85.0,4.0,44.0,0.0,0.0,0.0,133.0,6.183486836955543,3.2386784521643803,9.110272087283024,13.17769022606345
JPN,2013,0.128,43921.64278,15.80273819,83.402,Japan,349.643347050754,2.2,56.853,638987.0,0.0,1.0,0.0,0.0,2.0,0.0,3.0,0.0,0.0,0.0,6.0,5.8597696016124345,1.1631508098056809,10.690185246959636,13.367640953840615
JPN,2014,0.126,44147.97475,17.12347794,83.643,Japan,349.179698216735,2.1,57.31,707470.0,0.0,1.0,0.0,0.0,0.0,0.0,4.0,0.0,0.0,0.0,5.0,5.858446446203108,1.1314021114911006,10.695324983791917,13.469451918260148
JPN,2015,0.118,45665.37189,17.12347794,83.883,Japan,348.809327846365,2.0,57.485,486114.0,0.0,0.0,0.0,1.0,0.0,1.0,5.0,3.0,0.0,0.0,10.0,5.857388228456423,1.0986122886681098,10.729117461157815,13.094200500405632
JPN,2016,0.104,46232.07854,17.12347794,84.057,Japan,348.631001371742,2.0,58.107,862740.0,0.0,3.0,0.0,1.0,1.0,0.0,6.0,1.0,0.0,0.0,12.0,5.856878316542461,1.0986122886681098,10.741450806588626,13.667869809146929
JPN,2017,0.096,46868.46444,17.12347794,84.189,Japan,348.345679012346,1.9,58.738,20796.0,0.0,0.0,0.0,0.0,1.0,0.0,5.0,0.0,0.0,0.0,6.0,5.8560619162726075,1.0647107369924282,10.755121664352643,9.942564024517921
JPN,2018,0.091,46930.16418,17.12347794,84.289,Japan,347.903978052126,1.9,59.93,145997.0,0.0,3.0,0.0,1.0,0.0,1.0,8.0,1.0,0.0,0.0,14.0,5.854796749824852,1.0647107369924282,10.756437215214214,11.89134820196651
JPN,2019,0.082,46914.56326,17.12347794,84.418,Japan,347.415637860082,1.8,60.55,264567.0,0.0,3.0,0.0,0.0,0.0,0.0,11.0,0.0,0.0,0.0,14.0,5.853396128758892,1.0296194171811581,10.75610473862032,12.485853586085698
JPN,2020,0.079,45394.73338,17.12347794,84.67,Japan,346.395061728395,1.8,60.207,185868.0,0.0,1.0,0.0,0.0,1.0,0.0,1.0,0.0,0.0,0.0,3.0,5.8504626387618,1.0296194171811581,10.723173401199094,12.132797403483552
JPN,2021,0.072,46678.91661,17.12347794,84.55,Japan,344.80546776406,1.8,60.367,13593.0,0.0,2.0,0.0,2.0,1.0,2.0,1.0,0.0,0.0,3.0,11.0,5.8458763850503255,1.0296194171811581,10.751069299980731,9.517383797906584
JPN,2022,0.062,46656.39246,17.12347794,84.054,Japan,343.278433470508,1.8,60.875,50980.0,0.0,1.0,0.0,1.0,3.0,0.0,7.0,1.0,0.0,0.0,13.0,5.841450729609739,1.0296194171811581,10.750586660173312,10.839208293273229
JPN,2023,0.059,47774.60973,17.12347794,84.712,Japan,341.54455749932,1.8,61.265,8573.0,0.0,1.0,0.0,0.0,2.0,0.0,4.0,0.0,0.0,0.0,7.0,5.8364017441291995,1.0296194171811581,10.774270531559738,9.056489647157923
KHM,2013,0.517,3253.885007,30.26323318,68.755,Cambodia,85.9404486743712,30.8,79.868,144496.0,0.0,0.0,0.0,0.0,1.0,0.0,1.0,0.0,0.0,0.0,2.0,4.465223386283138,3.459466289786131,8.087912225908019,11.881014025073432
KHM,2014,0.516,3437.208214,35.81778717,69.117,Cambodia,87.2239519601178,29.1,79.737,151073.0,0.0,0.0,0.0,0.0,2.0,2.0,2.0,0.0,0.0,1.0,7.0,4.479878490319541,3.40452517175483,8.142705746645317,11.925525061978993
KHM,2015,0.519,3629.062277,35.81778717,69.398,Cambodia,88.5069737140267,27.7,79.29,8859.0,0.0,0.0,0.0,0.0,1.0,0.0,7.0,0.0,0.0,0.0,8.0,4.494316540837791,3.3568971227655755,8.197005083310078,9.089302043599126
KHM,2016,0.506,3839.195285,35.81778717,69.635,Cambodia,89.8074042601405,26.5,81.15,8275.0,0.0,0.0,0.0,0.0,4.0,0.0,2.0,0.0,0.0,0.0,6.0,4.508740826997862,3.3141860046725258,8.253278499757426,9.021115038865434
KHM,2017,0.502,4057.349823,35.81778717,69.842,Cambodia,91.0569453886245,25.4,81.294,15067.0,0.0,0.0,0.0,0.0,4.0,3.0,24.0,0.0,0.0,0.0,31.0,4.5224073571806045,3.2733640101522705,8.308531722436644,9.620328568811932
KHM,2018,0.498,4284.367097,35.81778717,69.993,Cambodia,92.1964763199638,24.4,81.81,37177.0,0.0,0.0,0.0,0.0,3.0,0.0,14.0,0.0,0.0,0.0,17.0,4.534709913251105,3.2347491740244907,8.362961497607435,10.523472467467089
KHM,2019,0.496,4508.785685,35.81778717,70.127,Cambodia,93.3679129843644,23.5,82.328,70108.0,0.0,0.0,0.0,0.0,2.0,0.0,41.0,0.0,0.0,0.0,43.0,4.5472011105440675,3.1986731175506815,8.414004911411961,11.157806452798765
KHM,2020,0.492,4415.429931,35.81778717,70.059,Cambodia,94.7511556764106,22.6,82.097,66250.0,0.0,0.0,0.0,0.0,1.0,0.0,1.0,0.0,0.0,0.0,2.0,4.561752697715443,3.1612467120315646,8.393086940781396,11.101205838074172
KHM,2021,0.487,4425.366928,35.81778717,69.301,Cambodia,96.160803308407,21.9,79.195,14639.0,0.0,0.0,0.0,0.0,7.0,0.0,16.0,0.0,0.0,0.0,23.0,4.576367371992002,3.131136910560194,8.395334420021559,9.591512787515303
KHM,2022,0.489,4612.258422,35.81778717,70.528,Cambodia,97.4491502379334,21.1,79.833,28347.0,0.0,0.0,0.0,0.0,6.0,0.0,1.0,0.0,0.0,0.0,7.0,4.589540173640402,3.095577608523707,8.436689702365932,10.252311759930146
KHM,2023,0.506,4931.016842,35.81778717,70.668,Cambodia,98.7076818490823,20.3,79.807,46453.0,0.0,0.0,0.0,0.0,8.0,2.0,20.0,0.0,0.0,0.0,30.0,4.602242723639364,3.0587070727153796,8.503503279120254,10.746217854635562
KOR,2013,0.073,40255.33351,16.89422607,81.836,"Korea, Rep.",517.612269825303,3.0,59.513,4233.0,0.0,0.0,0.0,0.0,14.0,0.0,1.0,0.0,0.0,0.0,15.0,6.2511565323412706,1.3862943611198906,10.603022624753537,8.350902451694811
KOR,2014,0.07,41400.04471,16.35941505,82.364,"Korea, Rep.",520.852499230217,2.9,60.358,0.0,0.0,0.0,0.0,0.0,0.0,0.0,0.0,0.0,0.0,0.0,0.0,6.257384979428142,1.3609765531356006,10.631061394036083,0.0
KOR,2015,0.067,43783.18848,16.35941505,82.54,"Korea, Rep.",523.525547744882,2.9,60.361,0.0,0.0,0.0,0.0,0.0,0.0,0.0,0.0,0.0,0.0,0.0,0.0,6.262494135410618,1.3609765531356006,10.687028037583353,0.0
KOR,2016,0.061,45534.88868,16.4216156,82.92,"Korea, Rep.",525.370072521002,2.8,60.34,7482.0,0.0,1.0,0.0,1.0,0.0,0.0,2.0,0.0,0.0,0.0,4.0,6.26600452528131,1.33500106673234,10.72625605622742,8.920389060080359
KOR,2017,0.054,46902.49287,16.4216156,83.278,"Korea, Rep.",526.734806686494,2.7,60.612,4333.0,0.0,1.0,0.0,0.0,1.0,0.0,0.0,0.0,0.0,1.0,3.0,6.268593897467968,1.308332819650179,10.755847426501342,8.374246182096304
KOR,2018,0.055,47437.2646,16.4216156,83.34,"Korea, Rep.",528.969011484824,2.7,60.357,1084.0,0.0,0.0,0.0,0.0,0.0,0.0,3.0,0.0,0.0,1.0,4.0,6.272818535940236,1.308332819650179,10.767184452058157,6.98933526597456
KOR,2019,0.051,47438.39174,16.4216156,83.685,"Korea, Rep.",530.377274590164,2.6,60.635,5647.0,0.0,0.0,0.0,0.0,0.0,0.0,4.0,0.0,0.0,1.0,5.0,6.2754722672440835,1.2809338454620642,10.767208211919932,8.639056779173078
KOR,2020,0.042,47399.80403,16.4216156,83.675,"Korea, Rep.",531.109006147541,2.5,59.826,19021.0,0.0,0.0,0.0,0.0,4.0,1.0,3.0,0.0,0.0,2.0,10.0,6.276848367126331,1.252762968495368,10.76639447019753,9.853351483042331
KOR,2021,0.04,49118.1239,16.4216156,83.852,"Korea, Rep.",530.425604508197,2.4,60.274,2919.0,0.0,1.0,0.0,0.0,2.0,0.0,2.0,0.0,0.0,1.0,6.0,6.275563215281611,1.2237754316221157,10.802003726749911,7.979338895262328
KOR,2022,0.04,48871.14448,16.4216156,82.727,"Korea, Rep.",529.43205942623,2.4,61.971,30304.0,0.0,0.0,0.0,0.0,3.0,1.0,2.0,0.0,0.0,5.0,11.0,6.273691880910437,1.2237754316221157,10.796962870619225,10.319067994385385
KOR,2023,0.038,49726.45327,16.4216156,84.329,"Korea, Rep.",529.842407786885,2.3,62.547,39897.0,0.0,0.0,0.0,1.0,8.0,0.0,1.0,0.0,0.0,6.0,16.0,6.274465193364061,1.1939224684724346,10.814312439257293,10.594081476308356
LAO,2013,0.517,5462.146155,21.41804314,65.723,Lao PDR,28.6455155979203,51.4,59.262,9908.0,0.0,0.0,0.0,0.0,1.0,0.0,2.0,0.0,0.0,0.0,3.0,3.3893108694155836,3.9589065913269965,8.605780121653076,9.201198714058899
LAO,2014,0.5,5856.758282,21.41804314,66.35,Lao PDR,29.0432062391681,49.2,58.901,793.0,0.0,0.0,0.0,0.0,1.0,0.0,0.0,0.0,0.0,0.0,1.0,3.4026365535296086,3.9160150266976834,8.675522263647984,6.677083461247136
LAO,2015,0.498,6189.311562,21.41804314,66.688,Lao PDR,29.4698656845754,47.1,58.542,11951.0,0.0,0.0,0.0,0.0,1.0,1.0,0.0,0.0,0.0,0.0,2.0,3.416738184867633,3.8732821771117156,8.730740697529905,9.388653907372598
LAO,2016,0.485,6531.324934,21.41804314,67.014,Lao PDR,29.934150779896,45.2,58.183,659.0,0.0,0.0,0.0,0.0,0.0,0.0,2.0,0.0,0.0,0.0,2.0,3.4318607768491067,3.832979798087693,8.784518197801065,6.492239835020471
LAO,2017,0.485,6802.300675,21.41804314,67.345,Lao PDR,30.4079159445407,43.5,57.828,188.0,0.0,0.0,0.0,0.0,0.0,0.0,1.0,0.0,0.0,0.0,1.0,3.4470599612869144,3.7954891891721947,8.82516316678129,5.241747015059643
LAO,2018,0.484,7186.89666,21.41804314,67.594,Lao PDR,30.8840771230503,41.9,59.192,19021.0,0.0,0.0,0.0,0.0,1.0,1.0,1.0,0.0,0.0,0.0,3.0,3.4621067354264543,3.758871825933971,8.880153871061093,9.853351483042331
LAO,2019,0.478,7350.533493,23.56079292,67.911,Lao PDR,31.3589081455806,40.4,60.575,102540.0,0.0,1.0,0.0,0.0,0.0,0.0,1.0,0.0,0.0,0.0,2.0,3.4768893507551897,3.7232808808312687,8.902664208948298,11.538017997581926
LAO,2020,0.464,7517.883201,23.56079292,68.339,Lao PDR,31.8307322357019,39.0,61.354,12360.0,0.0,0.0,0.0,0.0,2.0,0.0,0.0,0.0,0.0,0.0,2.0,3.491365035124107,3.6888794541139363,8.925172895409789,9.422301633887823
LAO,2021,0.476,7649.125111,23.56079292,67.807,Lao PDR,32.2928682842288,37.7,62.982,5.0,0.0,0.0,0.0,0.0,0.0,0.0,1.0,0.0,0.0,0.0,1.0,3.505343208410888,3.655839600035736,8.942477281065935,1.791759469228055
LAO,2022,0.476,7839.114477,23.56079292,68.715,Lao PDR,32.7513301559792,36.4,65.203,561.0,0.0,0.0,0.0,0.0,1.0,0.0,0.0,0.0,0.0,0.0,1.0,3.5190198285709187,3.6216707044204863,8.967008714896014,6.331501849893691
LAO,2023,0.475,8106.153218,23.56079292,68.964,Lao PDR,33.2105415944541,35.2,65.193,1066.0,0.0,0.0,0.0,0.0,1.0,0.0,0.0,0.0,0.0,0.0,1.0,3.5325338303302622,3.5890591188317256,9.00050206427871,6.9726062513017535
LKA,2013,0.387,11848.21093,40.26765823,75.546,Sri Lanka,328.257056290863,8.1,49.874,324236.0,0.0,0.0,0.0,0.0,6.0,2.0,4.0,0.0,0.0,3.0,15.0,5.796838771801069,2.2082744135228043,9.380016556160532,12.68923000885376
LKA,2014,0.374,12527.14802,40.26765823,75.757,Sri Lanka,331.334715356403,7.7,49.454,151800.0,0.0,0.0,0.0,0.0,3.0,1.0,0.0,0.0,0.0,0.0,4.0,5.806142639829925,2.163323025660538,9.435733233294886,11.930325731537252
LKA,2015,0.378,12785.98477,40.26765823,75.99,Sri Lanka,338.810527846445,7.4,51.244,65562.0,0.0,0.0,0.0,0.0,5.0,0.0,0.0,0.0,0.0,0.0,5.0,5.8283881912371225,2.128231705849268,9.456183117757046,11.090766791420345
LKA,2016,0.363,13357.40609,38.25992203,76.136,Sri Lanka,342.672030762768,7.0,51.446,500200.0,0.0,0.0,0.0,0.0,0.0,0.0,2.0,0.0,0.0,0.0,2.0,5.839687803654105,2.0794415416798357,9.499901135332554,13.122765296623978
LKA,2017,0.361,14172.86973,38.25992203,76.239,Sri Lanka,346.614318258931,6.7,51.807,135038.0,0.0,0.0,0.0,0.0,2.0,1.0,2.0,0.0,0.0,2.0,7.0,5.851093584311956,2.0412203288596382,9.55915538855613,11.813318904589096
LKA,2018,0.365,14380.40569,38.25992203,76.485,Sri Lanka,350.284495021337,6.5,49.488,113025.0,0.0,0.0,0.0,0.0,14.0,15.0,47.0,0.0,0.0,0.0,76.0,5.861596422292456,2.0149030205422647,9.573691379626858,11.635373159723754
LKA,2019,0.367,14227.17535,36.57940674,76.698,Sri Lanka,352.431694638296,6.2,49.809,87006.0,0.0,0.0,0.0,0.0,13.0,15.0,48.0,0.0,0.0,0.0,76.0,5.867690240748969,1.9740810260220096,9.562979457282534,11.373743854170122
LKA,2020,0.368,13504.51058,36.57940674,76.928,Sri Lanka,354.332363401229,6.0,47.786,19363.0,0.0,0.0,0.0,0.0,24.0,10.0,45.0,0.0,0.0,0.0,79.0,5.873053586413886,1.9459101490553132,9.510853072250304,9.871170951059584
LKA,2021,0.37,13994.62279,36.57940674,76.278,Sri Lanka,358.163595215002,5.8,47.354,121119.0,0.0,0.0,0.0,0.0,21.0,5.0,4.0,0.0,0.0,0.0,30.0,5.883777981667665,1.916922612182061,9.546499901852595,11.704537068671275
LKA,2022,0.367,12910.50608,36.57940674,77.3,Sri Lanka,358.567733591982,5.5,47.475,10900.0,0.0,0.0,1.0,0.0,16.0,2.0,10.0,0.0,0.0,0.0,29.0,5.884902569961996,1.8718021769015913,9.465874136989969,9.296609807128359
LKA,2023,0.367,12615.60045,36.57940674,77.483,Sri Lanka,356.239896540576,5.3,46.844,16551.0,0.0,0.0,4.0,0.0,54.0,18.0,20.0,0.0,0.0,0.0,96.0,5.878407535208029,1.840549633397487,9.442768721834968,9.714262219425379
MDV,2013,0.358,15741.52054,40.39656067,77.847,Maldives,1333.56666666667,9.8,51.173,0.0,0.0,0.0,0.0,0.0,0.0,0.0,0.0,0.0,0.0,0.0,0.0,7.196361923885055,2.379546134130174,9.664120645110339,0.0
MDV,2014,0.369,16678.26509,40.39656067,78.187,Maldives,1378.72333333333,9.1,52.482,0.0,0.0,0.0,0.0,0.0,0.0,0.0,0.0,0.0,0.0,0.0,0.0,7.229638274960039,2.312535423847214,9.721921615589578,0.0
MDV,2015,0.364,17039.75049,40.39656067,78.607,Maldives,1427.18,8.5,53.83,0.0,0.0,0.0,0.0,0.0,0.0,0.0,0.0,0.0,0.0,0.0,0.0,7.264156185376011,2.2512917986064953,9.743362842253825,0.0
MDV,2016,0.348,17548.09179,31.05229187,78.913,Maldives,1477.69333333333,8.0,55.166,0.0,0.0,0.0,0.0,0.0,0.0,0.0,0.0,0.0,0.0,0.0,0.0,7.298914093904634,2.1972245773362196,9.772757477697391,0.0
MDV,2017,0.328,18212.43042,31.05229187,79.228,Maldives,1527.62333333333,7.4,57.012,76.0,0.0,0.0,0.0,0.0,0.0,0.0,1.0,0.0,0.0,0.0,1.0,7.33212282720447,2.128231705849268,9.80991453608944,4.343805421853684
MDV,2018,0.318,18898.40322,31.05229187,79.433,Maldives,1576.99666666667,6.9,58.897,20.0,0.0,0.0,0.0,0.0,1.0,0.0,0.0,0.0,0.0,0.0,1.0,7.363911389025052,2.066862759472976,9.846885624887836,3.044522437723423
MDV,2019,0.325,19525.30874,31.05229187,79.707,Maldives,1625.77,6.4,60.729,296.0,0.0,0.0,0.0,0.0,2.0,0.0,0.0,0.0,0.0,0.0,2.0,7.3943517327516455,2.0014800002101243,9.879518001398807,5.6937321388027
MDV,2020,0.325,12941.62258,28.56470871,78.713,Maldives,1673.72666666667,6.0,59.357,0.0,0.0,0.0,0.0,0.0,0.0,0.0,0.0,0.0,0.0,0.0,0.0,7.423405246863596,1.9459101490553132,9.468281219853477,0.0
MDV,2021,0.319,17114.26417,28.56470871,78.052,Maldives,1720.51333333333,5.6,60.967,0.0,0.0,0.0,0.0,0.0,0.0,0.0,0.0,0.0,0.0,0.0,0.0,7.450959027932047,1.8870696490323797,9.747725985843706,0.0
MDV,2022,0.312,19228.53106,28.56470871,80.76,Maldives,1747.02,5.3,60.775,373.0,0.0,0.0,0.0,0.0,0.0,0.0,0.0,0.0,1.0,0.0,1.0,7.466238997797623,1.840549633397487,9.864202452430051,5.924255797414532
MDV,2023,0.309,19317.31882,28.56470871,81.041,Maldives,1765.08053691275,5.0,60.725,54.0,0.0,0.0,0.0,0.0,1.0,0.0,0.0,0.0,0.0,0.0,1.0,7.476517984264923,1.791759469228055,9.868809086381914,4.007333185232471
MMR,2013,0.371,3895.463599,26.70585251,64.617,Myanmar,76.9624823911313,48.1,64.511,223000.0,0.0,0.0,0.0,0.0,2.0,0.0,2.0,0.0,0.0,0.0,4.0,4.356227715988901,3.893859034800475,8.267824651266412,12.314931534737134
MMR,2014,0.433,4161.702806,24.84699631,64.994,Myanmar,77.6040209468978,46.3,64.358,81032.0,0.0,0.0,0.0,0.0,13.0,5.0,6.0,0.0,0.0,0.0,24.0,4.364422855211895,3.856510295497887,8.333919855263975,11.30261175809412
MMR,2015,0.495,4416.568884,22.98814011,65.288,Myanmar,78.2278679487965,44.6,64.215,1618261.0,0.0,0.0,0.0,0.0,2.0,0.0,0.0,0.0,0.0,0.0,2.0,4.372328104969699,3.8199077165203406,8.393344797507476,14.296863291798152
MMR,2016,0.512,4563.909557,22.98814011,65.64,Myanmar,78.8867551089188,43.1,62.707,509238.0,0.0,0.0,0.0,0.0,4.0,0.0,1.0,0.0,0.0,0.0,5.0,4.380610070682186,3.7864597824528,8.426153980565552,13.140672733463026
MMR,2017,0.512,4769.6184,17.55600166,65.909,Myanmar,79.5020114898506,41.6,61.182,351436.0,0.0,0.0,0.0,0.0,1.0,0.0,2.0,0.0,0.0,0.0,3.0,4.388282171563897,3.751854253275325,8.470231219085251,12.769785742305464
MMR,2018,0.501,4938.563063,17.55600166,66.232,Myanmar,80.0861758847863,40.2,61.883,298023.0,0.0,0.0,0.0,0.0,8.0,24.0,52.0,0.0,0.0,0.0,84.0,4.395512488944293,3.7184382563554808,8.505032157484719,12.60492929915737
MMR,2019,0.5,5146.98387,17.55600166,66.457,Myanmar,80.6507017006282,38.9,60.256,270014.0,0.0,0.0,0.0,0.0,1.0,7.0,6.0,0.0,0.0,0.0,14.0,4.402450413386015,3.686376323895818,8.546360435455476,12.506232791992915
MMR,2020,0.472,5042.360997,17.55600166,66.612,Myanmar,81.2302112859485,37.6,59.263,49547.0,0.0,0.0,0.0,0.0,29.0,15.0,7.0,0.0,0.0,1.0,52.0,4.409522768430415,3.653252276470785,8.525828003294226,10.81069717567409
MMR,2021,0.478,5056.175583,17.55600166,65.553,Myanmar,81.7980020531049,36.4,52.796,158219.0,0.0,0.0,0.0,0.0,14.0,9.0,12.0,0.0,0.0,0.0,35.0,4.416403931306666,3.6216707044204863,8.528563421260303,11.971741748575388
MMR,2022,0.479,4825.400216,17.55600166,66.506,Myanmar,82.3644215300228,35.2,53.467,13144.0,0.0,0.0,0.0,0.0,5.0,25.0,23.0,0.0,0.0,0.0,53.0,4.423221617985442,3.5890591188317256,8.481856171880406,9.483796737163981
MMR,2023,0.478,4918.810577,17.55600166,66.889,Myanmar,82.9420656687147,34.1,53.551,995055.0,0.0,0.0,2.0,0.0,10.0,27.0,31.0,0.0,0.0,0.0,70.0,4.43012686647464,3.55820113047182,8.50102530813543,13.810554295964026
MNG,2013,0.339,13140.9961,19.85429001,68.21,Mongolia,1.8616184405066,17.3,56.98,0.0,0.0,0.0,0.0,0.0,0.0,0.0,0.0,0.0,0.0,0.0,0.0,1.0513873530663835,2.9069010598473755,9.483568190699286,0.0
MNG,2014,0.332,13519.08107,18.69776726,68.737,Mongolia,1.90278211075515,16.5,56.782,0.0,0.0,0.0,0.0,0.0,0.0,0.0,0.0,0.0,0.0,0.0,0.0,1.0656696256479805,2.8622008809294686,9.511931345880752,0.0
MNG,2015,0.336,13566.25225,18.69776726,69.239,Mongolia,1.94371713207737,15.7,56.773,807.0,0.0,0.0,0.0,1.0,0.0,0.0,0.0,0.0,0.0,0.0,1.0,1.0796731133962225,2.8154087194227095,9.515414245221727,6.694562058521095
MNG,2016,0.331,13448.9696,18.81085777,69.736,Mongolia,1.98352563105577,15.0,54.172,0.0,0.0,0.0,0.0,0.0,0.0,0.0,0.0,0.0,0.0,0.0,0.0,1.093105698878499,2.772588722239781,9.506732124804383,0.0
MNG,2017,0.33,12876.63142,18.81085777,70.171,Mongolia,2.02209412791248,14.2,55.378,0.0,0.0,0.0,0.0,0.0,0.0,0.0,0.0,0.0,0.0,0.0,0.0,1.105950010920893,2.7212954278522306,9.463247086784676,0.0
MNG,2018,0.322,14385.63584,19.19270515,70.574,Mongolia,2.06015649331677,13.5,56.534,5931.0,1.0,0.0,0.0,1.0,2.0,0.0,1.0,0.0,0.0,0.0,5.0,1.1184660562633897,2.6741486494265287,9.57405498797692,8.688116703257823
MNG,2019,0.311,14506.60923,19.19270515,70.663,Mongolia,2.09835043390369,12.8,58.345,13.0,0.0,0.0,0.0,0.0,1.0,0.0,0.0,0.0,0.0,0.0,1.0,1.1308698517704396,2.624668592163159,9.582428565245449,2.6390573296152584
MNG,2020,0.301,13853.01869,19.19270515,70.029,Mongolia,2.13623721809195,12.2,57.881,4156.0,0.0,0.0,0.0,0.0,2.0,0.0,0.0,0.0,0.0,0.0,2.0,1.143023743151553,2.580216829592325,9.536330627650502,8.332548939252638
MNG,2021,0.292,12768.34,19.19270515,68.565,Mongolia,2.17253662423347,11.8,55.533,6331.0,0.0,0.0,0.0,0.0,1.0,0.0,1.0,0.0,0.0,0.0,2.0,1.1545314648214005,2.5494451709255714,9.454802264057424,8.753371421000903
MNG,2022,0.284,13682.72439,19.19270515,71.505,Mongolia,2.2046394565685,11.6,57.826,75.0,0.0,0.0,0.0,1.0,1.0,0.0,0.0,0.0,0.0,0.0,2.0,1.1645995899943131,2.533696813957432,9.52396240485403,4.330733340286331
MNG,2023,0.284,14787.08237,19.19270515,71.734,Mongolia,2.23365125312889,11.4,57.781,3855.0,0.0,0.0,0.0,2.0,2.0,0.0,0.0,0.0,0.0,2.0,6.0,1.1736119177175377,2.517696472610991,9.601576890097812,8.257385655730436
MYS,2013,0.246,24921.13949,27.88484955,75.464,Malaysia,91.8407091766854,6.5,61.932,42626.0,0.0,0.0,0.0,0.0,1.0,0.0,0.0,0.0,0.0,0.0,1.0,4.530885220074664,2.0149030205422647,10.123511823549986,10.660243134306185
MYS,2014,0.236,25975.74669,24.8326683,75.345,Malaysia,93.4291188555775,6.6,63.081,255711.0,0.0,0.0,0.0,0.0,6.0,0.0,0.0,0.0,0.0,0.0,6.0,4.547849488039845,2.028148247292285,10.164957058749893,12.451807090174189
MYS,2015,0.233,26990.64742,24.8326683,75.288,Malaysia,95.0625414700959,6.6,63.153,20607.0,0.0,0.0,0.0,0.0,8.0,2.0,0.0,0.0,0.0,0.0,10.0,4.564999452997833,2.028148247292285,10.203282742311579,9.933434628904081
MYS,2016,0.224,27874.58117,24.8326683,75.371,Malaysia,96.7575254907929,6.7,62.839,18475.0,0.0,0.0,0.0,0.0,9.0,0.0,0.0,0.0,0.0,0.0,9.0,4.582490183020205,2.0412203288596382,10.235506357693062,9.824227871550496
MYS,2017,0.212,29080.52955,24.59498787,75.542,Malaysia,98.4801217470705,6.7,62.966,82393.0,0.0,0.0,0.0,0.0,45.0,1.0,3.0,0.0,0.0,0.0,49.0,4.599957842769101,2.0412203288596382,10.27785852826973,11.319267897712402
MYS,2018,0.193,29894.81191,24.59498787,75.734,Malaysia,100.170345457312,6.7,63.397,37983.0,0.0,0.0,0.0,0.0,69.0,1.0,0.0,0.0,0.0,0.0,70.0,4.616805684834011,2.0412203288596382,10.305473679668408,10.544920297409394
MYS,2019,0.193,31008.55597,24.75876427,75.9,Malaysia,101.782364936844,6.7,63.711,63228.0,0.0,0.0,0.0,0.0,43.0,6.0,5.0,0.0,0.0,0.0,54.0,4.632613790998177,2.0412203288596382,10.3420506930626,11.054518335650037
MYS,2020,0.182,29117.14812,24.75876427,76.057,Malaysia,103.148860143053,6.7,62.513,23418.0,0.0,0.0,0.0,0.0,51.0,1.0,0.0,0.0,0.0,0.0,52.0,4.645821223269299,2.0412203288596382,10.279116905508168,10.06130293769185
MYS,2021,0.173,29627.2397,24.75876427,73.917,Malaysia,104.344541165728,6.7,62.612,128536.0,0.0,0.0,0.0,0.0,26.0,0.0,0.0,0.0,0.0,0.0,26.0,4.657236322730456,2.0412203288596382,10.29648322942042,11.763972079614486
MYS,2022,0.173,31629.45608,24.75876427,75.444,Malaysia,105.601865773855,6.7,63.094,156024.0,0.0,0.0,0.0,0.0,161.0,5.0,9.0,0.0,0.0,2.0,177.0,4.669101014147572,2.0412203288596382,10.361875735417996,11.957771529802244
MYS,2023,0.172,32553.09108,24.75876427,76.657,Malaysia,106.913096941105,6.8,63.118,205623.0,0.0,0.0,0.0,0.0,127.0,1.0,2.0,0.0,0.0,0.0,130.0,4.681326245260507,2.0541237336955462,10.390658325760395,12.233804537268064
NPL,2013,0.51,3474.564017,31.91333199,67.598,Nepal,192.465964422742,35.6,36.213,12474.0,0.0,0.0,0.0,0.0,1.0,0.0,0.0,0.0,0.0,0.0,1.0,5.265101602542479,3.6000482404073204,8.153512051878888,9.431481920619719
NPL,2014,0.515,3701.313402,31.91333199,67.812,Nepal,193.040599930241,34.1,36.074,74400.0,0.0,0.0,0.0,0.0,1.0,1.0,0.0,0.0,0.0,0.0,2.0,5.2680674151586775,3.55820113047182,8.216713147032642,11.217224661591072
NPL,2015,0.511,3825.117284,31.91333199,67.374,Nepal,194.095772584583,32.6,35.954,2622828.0,0.0,1.0,0.0,0.0,0.0,1.0,0.0,0.0,0.0,0.0,2.0,5.273490579452656,3.5145260669691587,8.24960580399978,14.779764064196245
NPL,2016,0.512,3802.475928,31.91333199,68.444,Nepal,195.015430763865,31.2,35.795,31338.0,0.0,0.0,0.0,0.0,1.0,0.0,0.0,0.0,0.0,1.0,2.0,5.278193384518667,3.4719664525503626,8.243670645509743,10.352618607296279
NPL,2017,0.536,4087.44999,31.91333199,68.74,Nepal,195.404659923265,29.9,35.66,383904.0,0.0,0.0,0.0,0.0,2.0,2.0,1.0,0.0,0.0,1.0,6.0,5.28017712233576,3.4307561839036995,8.315921201657343,12.858150405129134
NPL,2018,0.519,4333.614868,31.91333199,69.036,Nepal,195.882029996512,28.5,35.545,12191.0,0.0,0.0,0.0,0.0,53.0,75.0,27.0,0.0,0.0,0.0,155.0,5.282604716861176,3.3843902633457743,8.374388042822705,9.408535277926427
NPL,2019,0.503,4588.130854,31.91333199,69.299,Nepal,198.214607603767,27.3,35.664,120899.0,0.0,0.0,0.0,0.0,11.0,12.0,23.0,0.0,0.0,0.0,46.0,5.294382673806098,3.342861804649192,8.431445928697384,11.702719036602884
NPL,2020,0.494,4405.203587,31.91333199,69.106,Nepal,202.068880362749,26.1,34.306,48141.0,0.0,0.0,0.0,0.0,1.0,2.0,0.0,0.0,0.0,0.0,3.0,5.313545233620213,3.299533727885655,8.390768733058293,10.781910255966388
NPL,2021,0.49,4485.33701,31.91333199,68.385,Nepal,205.61569584932,25.1,34.742,32492.0,0.0,0.0,0.0,0.0,2.0,5.0,14.0,0.0,0.0,4.0,25.0,5.330860525964949,3.261935314328648,8.408791837091238,10.388779960503847
NPL,2022,0.487,4660.851964,31.91333199,70.087,Nepal,207.292891524241,24.2,35.483,93086.0,0.0,2.0,0.0,0.0,7.0,2.0,11.0,0.0,0.0,6.0,28.0,5.33894522154079,3.2268439945173775,8.447168065337788,11.441289818714022
NPL,2023,0.487,4725.930613,31.91333199,70.354,Nepal,207.147638646669,23.3,35.57,110349.0,0.0,5.0,0.0,0.0,45.0,28.0,12.0,0.0,0.0,2.0,92.0,5.338247629097505,3.190476350346503,8.461031351819413,11.611412411684883
PAK,2013,0.576,4468.532718,28.22674561,65.129,Pakistan,273.809124636779,67.9,49.931,407436.0,0.0,2.0,0.0,0.0,1.0,0.0,0.0,0.0,0.0,0.0,3.0,5.616076764443144,4.232656178019613,8.405039144783025,12.917641598484058
PAK,2014,0.572,4585.480401,28.20985413,65.374,Pakistan,277.948120330012,66.0,50.065,770577.0,0.0,2.0,0.0,0.0,19.0,0.0,1.0,0.0,0.0,0.0,22.0,5.631025815892825,4.204692619390966,8.430868211747514,13.554896161584203
PAK,2015,0.563,4713.527393,28.20985413,65.641,Pakistan,281.873810450394,64.1,50.171,1001665.0,0.0,1.0,0.0,0.0,2.0,1.0,1.0,0.0,0.0,0.0,5.0,5.645000898731935,4.175924549214524,8.458403955261108,13.81717517172571
PAK,2016,0.563,4953.573222,29.57144356,65.943,Pakistan,285.568271326276,62.2,50.501,12673.0,0.0,0.0,0.0,0.0,2.0,0.0,0.0,0.0,0.0,0.0,2.0,5.6579768020997605,4.146304301152812,8.508066312277627,9.447307929883463
PAK,2017,0.559,5116.221719,29.57144356,66.223,Pakistan,289.635179275633,60.3,49.688,1750.0,0.0,0.0,0.0,0.0,2.0,1.0,0.0,0.0,0.0,0.0,3.0,5.672068801192787,4.115779842942166,8.54036693774717,7.467942332285852
PAK,2018,0.563,5345.547682,29.57144356,66.481,Pakistan,294.376416562889,58.5,48.912,1926.0,0.0,1.0,0.0,0.0,2.0,2.0,1.0,0.0,0.0,0.0,6.0,5.6882505313072995,4.085976312551584,8.584206338514747,7.563719668414366
PAK,2019,0.555,5379.131929,28.15555573,66.729,Pakistan,299.399256693649,56.8,49.105,100082.0,1.0,2.0,0.0,0.0,4.0,3.0,4.0,0.0,0.0,0.0,14.0,5.7051124454982665,4.056988775678332,8.590468174974127,11.513755120710705
PAK,2020,0.544,5214.820827,28.15555573,65.701,Pakistan,304.848674242424,55.1,48.48,828524.0,0.0,1.0,0.0,6.0,7.0,3.0,0.0,0.0,0.0,0.0,17.0,5.7230904510132445,4.027135812528651,8.559451752364652,13.627402290408586
PAK,2021,0.541,5484.459418,28.15555573,65.773,Pakistan,310.65509677252,53.4,49.388,69721.0,0.0,1.0,0.0,0.0,9.0,0.0,0.0,0.0,0.0,0.0,10.0,5.7418971172764985,3.996364153861897,8.609856128180777,11.152271185395781
PAK,2022,0.538,5631.496898,28.15555573,67.417,Pakistan,316.133077781237,51.8,49.667,8168491.0,0.0,1.0,0.0,0.0,9.0,0.0,6.0,0.0,0.0,1.0,17.0,5.75932148951065,3.966511190712216,8.63630812157389,15.915794872076242
PAK,2023,0.536,5501.132932,28.15555573,67.649,Pakistan,321.067474833956,50.1,49.73,731836.0,0.0,1.0,0.0,0.0,4.0,1.0,9.0,0.0,0.0,0.0,15.0,5.774761072765823,3.933784497209659,8.612891101861504,13.503313090551483
PHL,2013,0.421,8051.880836,30.19841576,69.283,Philippines,342.342744072174,22.4,59.297,7022195.0,0.0,2.0,0.0,0.0,3.0,3.0,16.0,0.0,0.0,0.0,24.0,5.838729202098881,3.152736022363656,8.993785174219278,15.764586547596679
PHL,2014,0.407,8412.417648,30.19841576,69.311,Philippines,348.013314552101,22.3,59.933,5786981.0,0.0,0.0,0.0,0.0,3.0,0.0,9.0,1.0,0.0,0.0,13.0,5.855110072053798,3.1484533605716547,9.037583049489914,15.571121470131231
PHL,2015,0.403,8779.327936,27.88748741,69.45,Philippines,353.197813327967,22.2,59.521,2221158.0,0.0,0.0,0.0,0.0,1.0,0.0,12.0,1.0,0.0,0.0,14.0,5.869855551777918,3.1441522786722644,9.080269036273341,14.613539689688324
PHL,2016,0.394,9213.155486,27.88748741,69.49,Philippines,357.969342992253,22.3,59.93,5929853.0,0.0,0.0,0.0,1.0,10.0,3.0,9.0,0.0,0.0,1.0,24.0,5.8832369892771155,3.1484533605716547,9.12849622032635,15.59551015009746
PHL,2017,0.391,9671.37681,27.88748741,69.966,Philippines,362.61090317604,22.4,57.632,2528620.0,0.0,7.0,0.0,0.0,15.0,4.0,14.0,0.0,0.0,0.0,40.0,5.8960843485865135,3.152736022363656,9.177029350386041,14.743184652816351
PHL,2018,0.381,10070.39487,25.25799561,69.761,Philippines,367.123744843546,22.6,57.602,3801620.0,0.0,2.0,0.0,0.0,6.0,3.0,12.0,1.0,1.0,0.0,25.0,5.908419144806954,3.1612467120315646,9.217454493498312,15.15093811268505
PHL,2019,0.371,10437.61364,25.25799561,69.68,Philippines,371.615799711574,22.7,58.114,4495400.0,1.0,9.0,0.0,1.0,14.0,1.0,26.0,0.0,1.0,0.0,53.0,5.92054786121794,3.1654750481410856,9.253267059515396,15.318565432142455
PHL,2020,0.362,9092.283344,25.25799561,70.097,Philippines,375.897186168964,22.8,53.365,4449771.0,0.0,1.0,0.0,0.0,26.0,3.0,21.0,1.0,0.0,0.0,52.0,5.931972434522122,3.169685580677429,9.115291325913475,15.30836341687476
PHL,2021,0.356,9110.06227,23.55632591,66.675,Philippines,379.317000368917,22.7,54.552,5713819.0,0.0,3.0,0.0,0.0,50.0,5.0,29.0,2.0,0.0,0.0,89.0,5.941005116456561,3.1654750481410856,9.117244588286047,15.558398359701592
PHL,2022,0.352,9865.370726,23.55632591,69.472,Philippines,382.21262367106,22.4,59.843,5453194.0,0.0,3.0,0.0,0.0,59.0,5.0,32.0,2.0,2.0,0.0,103.0,5.948589988328269,3.152736022363656,9.196887357207727,15.511712233400857
PHL,2023,0.351,10731.20422,23.55632591,69.833,Philippines,385.321122178623,22.1,60.024,2594639.0,0.0,7.0,1.0,0.0,74.0,16.0,30.0,1.0,0.0,0.0,129.0,5.956668946351456,3.139832617527748,9.281004240436399,14.768958336634762
SGP,2013,0.06,100235.182,25.93509483,82.468,Singapore,7636.72135785007,2.2,65.152,0.0,0.0,0.0,0.0,0.0,0.0,0.0,0.0,0.0,0.0,0.0,0.0,8.94085458608441,1.1631508098056809,11.51528450025717,0.0
SGP,2014,0.054,104872.3135,25.93509483,82.615,Singapore,7714.7023977433,2.2,65.992,0.0,0.0,0.0,0.0,0.0,0.0,0.0,0.0,0.0,0.0,0.0,0.0,8.951012803782485,1.1631508098056809,11.560508362591339,0.0
SGP,2015,0.05,102979.4802,25.93509483,82.748,Singapore,7806.77291960508,2.2,66.895,0.0,0.0,0.0,0.0,0.0,0.0,0.0,0.0,0.0,0.0,0.0,0.0,8.962875044627626,1.1631508098056809,11.542294736630629,0.0
SGP,2016,0.048,106529.8271,25.93509483,82.897,Singapore,7908.72073342736,2.2,66.419,0.0,0.0,0.0,0.0,0.0,0.0,0.0,0.0,0.0,0.0,0.0,0.0,8.975847754629894,1.1631508098056809,11.57618967858524,0.0
SGP,2017,0.049,109795.0054,25.93509483,83.095,Singapore,7882.37780898876,2.1,66.047,0.0,0.0,0.0,0.0,0.0,0.0,0.0,0.0,0.0,0.0,0.0,0.0,8.972511746968244,1.1314021114911006,11.606379426703606,0.0
SGP,2018,0.049,106603.852,25.93509483,83.378,Singapore,7897.30532212885,2.1,66.103,0.0,0.0,0.0,0.0,0.0,0.0,0.0,0.0,0.0,0.0,0.0,0.0,8.974403499257003,1.1314021114911006,11.57688430562553,0.0
SGP,2019,0.047,108155.711,25.93509483,83.662,Singapore,7965.87849162011,2.0,66.847,0.0,0.0,0.0,0.0,0.0,0.0,0.0,0.0,0.0,0.0,0.0,0.0,8.983048037804304,1.0986122886681098,11.591336482160592,0.0
SGP,2020,0.034,102455.7883,25.93509483,83.661,Singapore,7918.95125348189,1.9,65.895,0.0,0.0,0.0,0.0,0.0,0.0,0.0,0.0,0.0,0.0,0.0,0.0,8.977140329926133,1.0647107369924282,11.537196411110822,0.0
SGP,2021,0.03,112141.2343,25.93509483,83.485,Singapore,7595.49582172702,1.9,67.406,0.0,0.0,0.0,0.0,0.0,0.0,0.0,0.0,0.0,0.0,0.0,0.0,8.935442343857607,1.0647107369924282,11.627523293681069,0.0
SGP,2022,0.032,108655.3781,25.93509483,82.921,Singapore,7851.00557103064,1.8,67.23,0.0,0.0,0.0,0.0,0.0,0.0,0.0,0.0,0.0,0.0,0.0,0.0,8.968524264900767,1.0296194171811581,11.595945687136945,0.0
SGP,2023,0.031,111239.2291,25.93509483,83.736,Singapore,8241.8495821727,1.7,66.984,0.0,0.0,0.0,0.0,0.0,0.0,0.0,0.0,0.0,0.0,0.0,0.0,9.01710138619971,0.9932517730102833,11.619447367856747,0.0
THA,2013,0.352,17105.91345,23.8492794,75.96,Thailand,136.712626984282,11.0,69.796,13282.0,0.0,0.0,0.0,0.0,3.0,0.0,4.0,0.0,0.0,0.0,7.0,4.9251691007627505,2.4849066497880004,9.747237956107057,9.494240301132503
THA,2014,0.408,17411.83749,23.21826363,76.279,Thailand,137.439305917125,10.6,69.392,27155.0,0.0,0.0,0.0,0.0,6.0,0.0,9.0,0.0,0.0,0.0,15.0,4.930432005153918,2.451005098112319,9.764962999953354,10.209353295421538
THA,2015,0.403,17872.37665,22.2010498,76.563,Thailand,138.07433106931,10.3,68.856,237.0,0.0,0.0,0.0,0.0,0.0,0.0,1.0,0.0,0.0,0.0,1.0,4.9350085460940285,2.424802725718295,9.791067546654897,5.472270673671475
THA,2016,0.394,18492.58271,22.94498062,76.769,Thailand,138.698821664155,10.0,67.845,90025.0,0.0,0.0,0.0,1.0,7.0,0.0,8.0,0.0,0.0,1.0,17.0,4.939488831468252,2.3978952727983707,9.825179070348904,11.40785379648093
THA,2017,0.4,19227.64409,22.71498299,76.989,Thailand,139.286709467791,9.6,66.965,50371.0,0.0,0.0,0.0,0.0,5.0,0.0,3.0,0.0,0.0,0.0,8.0,4.943688253239914,2.3608540011180215,9.864156325956463,10.827190744125737
THA,2018,0.385,19905.1853,22.66008186,77.19,Thailand,139.709289670966,9.4,67.28,4648.0,0.0,0.0,0.0,0.0,5.0,3.0,11.0,0.0,0.0,0.0,19.0,4.946695986610079,2.341805806147327,9.898785781513814,8.444407421690585
THA,2019,0.31,20530.9818,21.445364,77.197,Thailand,139.995441288731,9.1,66.46,61352.0,0.0,0.0,0.0,0.0,3.0,0.0,4.0,0.0,0.0,0.0,7.0,4.948727558569905,2.312535423847214,9.929739037258605,11.024399348699005
THA,2020,0.307,19548.52951,21.55355453,77.331,Thailand,140.228785061364,8.8,66.285,13491.0,0.0,0.0,0.0,0.0,4.0,0.0,7.0,0.0,0.0,0.0,11.0,4.950381164490434,2.2823823856765264,9.880706499139267,9.50985219618154
THA,2021,0.301,19576.49728,21.70993423,77.606,Thailand,140.396821233534,8.5,66.139,9405.0,0.0,0.0,0.0,0.0,1.0,0.0,5.0,0.0,0.0,1.0,7.0,4.951570272541702,2.2512917986064953,9.882136087690082,9.149103062504993
THA,2022,0.298,20180.50927,21.70993423,75.291,Thailand,140.412474309538,8.3,66.549,21792.0,0.0,0.0,0.0,0.0,6.0,0.0,1.0,0.0,0.0,0.0,7.0,4.951680969582193,2.2300144001592104,9.91252208149746,9.989344096295811
THA,2023,0.288,20569.90176,21.70993423,76.412,Thailand,140.348088629646,8.0,66.407,2761.0,0.0,0.0,0.0,0.0,2.0,1.0,5.0,0.0,0.0,0.0,8.0,4.951225561795934,2.1972245773362196,9.931632820286023,7.923710333969238
TLS,2013,0.466,11852.33383,15.45111847,64.719,Timor-Leste,77.9216543375925,46.6,64.848,1291.0,0.0,0.0,0.0,0.0,8.0,2.0,4.0,0.0,0.0,16.0,30.0,4.368455643144448,3.8628327612373745,9.380364442860742,7.163946684342547
TLS,2014,0.455,9526.116324,16.07556725,65.027,Timor-Leste,79.4823806321453,45.1,64.621,2329.0,0.0,0.0,0.0,0.0,0.0,0.0,9.0,0.0,0.0,47.0,56.0,4.388038286333238,3.8308129500026027,9.161897361561913,7.753623546559746
TLS,2015,0.449,7679.4876,16.07556725,65.326,Timor-Leste,81.0444519166106,43.8,64.46,311.0,0.0,1.0,0.0,0.0,3.0,3.0,7.0,0.0,0.0,0.0,14.0,4.407261196927033,3.8022081394209395,8.946438313709672,5.7430031878094825
TLS,2016,0.426,6057.672821,16.07556725,65.61,Timor-Leste,82.6033624747814,42.6,63.711,112.0,0.0,0.0,0.0,0.0,1.0,0.0,1.0,0.0,0.0,0.0,2.0,4.426083740272022,3.775057150354989,8.709246048642305,4.727387818712341
TLS,2017,0.432,6058.320846,16.07556725,65.898,Timor-Leste,84.1763954270343,41.6,64.223,0.0,0.0,0.0,0.0,0.0,0.0,0.0,0.0,0.0,0.0,0.0,0.0,4.4447243464716415,3.751854253275325,8.709353001165706,0.0
TLS,2018,0.425,5942.004711,16.07556725,66.204,Timor-Leste,85.8075991930061,40.7,64.684,0.0,0.0,0.0,0.0,0.0,0.0,0.0,0.0,0.0,0.0,0.0,0.0,4.463694166140697,3.730501128804756,8.689970128063637,0.0
TLS,2019,0.409,7819.372651,16.07556725,66.496,Timor-Leste,87.4878950907868,39.9,64.341,0.0,0.0,0.0,0.0,0.0,0.0,0.0,0.0,0.0,0.0,0.0,0.0,4.482865764023656,3.711130063048756,8.964487485984524,0.0
TLS,2020,0.403,8442.388379,16.07556725,66.919,Timor-Leste,89.1763954270343,38.9,64.014,1141.0,0.0,0.0,0.0,0.0,2.0,0.0,0.0,0.0,0.0,0.0,2.0,4.50176770132509,3.686376323895818,9.041138973729968,7.040536390215956
TLS,2021,0.405,7592.593762,16.07556725,66.199,Timor-Leste,90.7961667787492,37.9,64.022,15876.0,0.0,0.0,0.0,0.0,0.0,0.0,1.0,0.0,0.0,0.0,1.0,4.519570540531854,3.6609942506244004,8.93506024475986,9.672626800077511
TLS,2022,0.391,5459.912422,16.07556725,67.368,Timor-Leste,92.0843981170141,36.9,65.573,0.0,0.0,0.0,0.0,0.0,0.0,0.0,0.0,0.0,0.0,0.0,0.0,4.533506588252632,3.634951112088381,8.605371165033997,0.0
TLS,2023,0.394,5434.594692,16.07556725,67.689,Timor-Leste,93.0925353059852,35.9,65.189,0.0,0.0,0.0,0.0,0.0,0.0,0.0,0.0,0.0,0.0,0.0,0.0,4.544278716196995,3.6082115510464816,8.600724212520735,0.0
VNM,2013,0.341,8079.871201,20.95313454,73.821,Viet Nam,289.364162813695,16.0,76.217,1040338.0,0.0,0.0,0.0,0.0,1.0,0.0,5.0,0.0,0.0,0.0,6.0,5.671135869046529,2.833213344056216,8.997254967608718,13.855057179542097
VNM,2014,0.341,8472.929299,18.96905327,73.886,Viet Nam,292.559228518274,15.8,76.335,67950.0,0.0,0.0,0.0,0.0,3.0,0.0,3.0,0.0,0.0,0.0,6.0,5.682079419652814,2.8213788864092133,9.044749587866356,11.126542136174459
VNM,2015,0.339,8859.765815,18.96905327,73.955,Viet Nam,296.1974772084,15.6,75.999,9551.0,0.0,0.0,0.0,0.0,3.0,0.0,1.0,0.0,0.0,0.0,4.0,5.694396824275948,2.8094026953624978,9.089388474965409,9.164505835632383
VNM,2016,0.327,9305.309265,19.50510216,73.984,Viet Nam,299.948999160782,15.4,75.542,80537.0,0.0,0.0,0.0,0.0,6.0,0.0,6.0,0.0,0.0,0.0,12.0,5.706940812388589,2.797281334830153,9.138447864712914,11.296484401715691
VNM,2017,0.325,9787.739829,19.50510216,74.026,Viet Nam,303.688787280275,15.2,75.753,633463.0,0.0,0.0,0.0,0.0,3.0,0.0,7.0,0.0,0.0,0.0,10.0,5.719290886103118,2.785011242238338,9.188988007014677,13.358958449977857
VNM,2018,0.32,10521.9865,20.12510872,74.1,Viet Nam,307.046632570694,15.0,76.582,143047.0,0.0,0.0,0.0,0.0,5.0,2.0,8.0,0.0,0.0,0.0,15.0,5.7302511759633825,2.772588722239781,9.261317333835875,11.870935517255038
VNM,2019,0.318,11203.2953,20.12510872,74.211,Viet Nam,310.034412897339,14.9,75.327,88749.0,0.0,0.0,0.0,0.0,10.0,5.0,21.0,0.0,0.0,0.0,36.0,5.739903558460727,2.766319109226186,9.324052492691004,11.393578707337662
VNM,2020,0.312,11515.65468,21.05367851,75.383,Viet Nam,312.923153250018,14.7,72.803,1264367.0,0.0,1.0,0.0,0.0,8.0,13.0,42.0,0.0,0.0,1.0,65.0,5.749148221083233,2.7536607123542622,9.351549499716745,14.050082950556641
VNM,2021,0.302,11604.54861,21.05367851,74.145,Viet Nam,315.653937574379,14.5,71.938,779699.0,0.0,0.0,0.0,0.0,12.0,13.0,45.0,0.0,0.0,0.0,70.0,5.7578094979850105,2.740840023925201,9.359238591180146,13.566664509297691
VNM,2022,0.3,12490.12898,21.05367851,74.502,Viet Nam,318.032648542413,14.3,73.347,353464.0,0.0,0.0,0.0,0.0,14.0,14.0,25.0,0.0,0.0,0.0,53.0,5.765293444075737,2.72785282839839,9.432773989747199,12.775539749515971
VNM,2023,0.299,13032.63533,21.05367851,74.588,Viet Nam,320.175197572656,14.0,72.87,68246.0,0.0,0.0,0.0,0.0,9.0,26.0,26.0,0.0,0.0,0.0,61.0,5.771986761073259,2.70805020110221,9.475288628136646,11.130888756037155
